Date,Category,Region_ID,Quantity,Sales_Channel,Sales_Amount,Cost_of_Goods,Brand Name,Product Name,Region_Name,Profit,Sales_Channel_ID,Product_ID
2023-01-01,Furniture,R3,2,Online,46559.95,33523.16,WoodCraft,Wardrobe,East,13036.78,SC002,P0008
2023-01-01,Electronics,R3,5,Retail,328194.59,262555.67,TechPro,Laptop X,East,65638.92,SC003,P0003
2023-01-01,Accessories,R1,1,Distributor,1441.27,936.83,ChargeFast,Power Bank,North,504.45,SC001,P0005
2023-01-01,Furniture,R2,2,Online,12730.66,9548.0,HomeEase,Office Chair,South,3182.67,SC002,P0004
2023-01-02,Electronics,R1,4,Online,120341.63,98680.13,TechPro,Smartphone Z,North,21661.49,SC002,P0006
2023-01-02,Furniture,R4,1,Retail,22825.26,16434.19,WoodCraft,Wardrobe,West,6391.07,SC003,P0008
2023-01-02,Accessories,R2,2,Online,2758.6,1793.09,ChargeFast,Power Bank,South,965.51,SC002,P0005
2023-01-02,Furniture,R3,3,Online,81139.81,58420.66,WoodCraft,Wardrobe,East,22719.15,SC002,P0008
2023-01-02,Electronics,R2,4,Online,112436.51,92197.94,TechPro,Smartphone Z,South,20238.57,SC002,P0006
2023-01-03,Accessories,R4,4,Retail,5454.27,3545.28,ChargeFast,Power Bank,West,1909.0,SC003,P0005
2023-01-03,Electronics,R2,2,Retail,131166.13,104932.9,TechPro,Laptop X,South,26233.23,SC003,P0003
2023-01-03,Furniture,R1,1,Retail,6321.89,4741.42,HomeEase,Office Chair,North,1580.47,SC003,P0004
2023-01-03,Electronics,R1,3,Online,169158.33,135326.66,TechPro,Laptop X,North,33831.67,SC002,P0003
2023-01-04,Furniture,R3,2,Distributor,12924.43,9693.33,HomeEase,Office Chair,East,3231.11,SC001,P0004
2023-01-04,Accessories,R2,5,Online,7844.41,5098.87,ChargeFast,Power Bank,South,2745.54,SC002,P0005
2023-01-04,Furniture,R2,3,Online,78911.78,56816.48,WoodCraft,Wardrobe,South,22095.3,SC002,P0008
2023-01-04,Furniture,R2,2,Online,45254.19,32583.02,WoodCraft,Wardrobe,South,12671.17,SC002,P0008
2023-01-04,Electronics,R4,5,Online,25042.85,18782.14,SoundMax,Bluetooth Speaker,West,6260.71,SC002,P0001
2023-01-05,Electronics,R2,4,Retail,21771.41,16328.56,SoundMax,Bluetooth Speaker,South,5442.85,SC003,P0001
2023-01-05,Furniture,R1,5,Distributor,119890.84,86321.41,WoodCraft,Wardrobe,North,33569.44,SC001,P0008
2023-01-05,Electronics,R4,4,Online,116551.15,95571.94,TechPro,Smartphone Z,West,20979.21,SC002,P0006
2023-01-06,Electronics,R3,5,Online,321643.83,257315.07,TechPro,Laptop X,East,64328.77,SC002,P0003
2023-01-06,Electronics,R2,3,Online,14308.24,10731.18,SoundMax,Bluetooth Speaker,South,3577.06,SC002,P0001
2023-01-06,Electronics,R2,1,Online,4903.84,3677.88,SoundMax,Bluetooth Speaker,South,1225.96,SC002,P0001
2023-01-07,Accessories,R1,3,Retail,4320.79,2808.51,ChargeFast,Power Bank,North,1512.28,SC003,P0005
2023-01-07,Electronics,R2,4,Distributor,218470.98,174776.78,TechPro,Laptop X,South,43694.2,SC001,P0003
2023-01-07,Electronics,R3,5,Retail,299367.17,239493.73,TechPro,Laptop X,East,59873.43,SC003,P0003
2023-01-08,Furniture,R3,3,Retail,71132.4,51215.33,WoodCraft,Wardrobe,East,19917.07,SC003,P0008
2023-01-08,Accessories,R3,3,Online,7974.65,4784.79,CarryLite,Laptop Bag,East,3189.86,SC002,P0002
2023-01-08,Furniture,R2,5,Online,37508.51,28131.38,HomeEase,Office Chair,South,9377.13,SC002,P0004
2023-01-08,Electronics,R3,4,Retail,20580.69,15435.52,SoundMax,Bluetooth Speaker,East,5145.17,SC003,P0001
2023-01-08,Electronics,R2,1,Online,62108.28,49686.63,TechPro,Laptop X,South,12421.66,SC002,P0003
2023-01-09,Electronics,R2,4,Retail,18699.82,14024.86,SoundMax,Bluetooth Speaker,South,4674.95,SC003,P0001
2023-01-09,Accessories,R2,4,Online,6069.95,3945.47,ChargeFast,Power Bank,South,2124.48,SC002,P0005
2023-01-10,Furniture,R2,3,Retail,22496.56,16872.42,HomeEase,Office Chair,South,5624.14,SC003,P0004
2023-01-10,Electronics,R3,4,Online,259130.6,207304.48,TechPro,Laptop X,East,51826.12,SC002,P0003
2023-01-10,Furniture,R2,1,Distributor,22525.31,16218.22,WoodCraft,Wardrobe,South,6307.09,SC001,P0008
2023-01-10,Electronics,R2,5,Online,141728.08,116217.03,TechPro,Smartphone Z,South,25511.05,SC002,P0006
2023-01-10,Furniture,R2,3,Online,21661.97,16246.48,HomeEase,Office Chair,South,5415.49,SC002,P0004
2023-01-11,Furniture,R2,5,Online,124668.55,89761.36,WoodCraft,Wardrobe,South,34907.2,SC002,P0008
2023-01-11,Accessories,R4,4,Online,10337.85,6202.71,CarryLite,Laptop Bag,West,4135.14,SC002,P0002
2023-01-12,Electronics,R2,1,Online,54523.25,43618.6,TechPro,Laptop X,South,10904.65,SC002,P0003
2023-01-12,Accessories,R4,3,Distributor,4722.95,3069.92,ChargeFast,Power Bank,West,1653.03,SC001,P0005
2023-01-13,Accessories,R2,4,Online,10706.02,6423.61,CarryLite,Laptop Bag,South,4282.41,SC002,P0002
2023-01-13,Electronics,R1,3,Online,168101.74,134481.39,TechPro,Laptop X,North,33620.35,SC002,P0003
2023-01-14,Electronics,R3,2,Online,61380.09,50331.67,TechPro,Smartphone Z,East,11048.42,SC002,P0006
2023-01-14,Accessories,R2,2,Online,3144.46,2043.9,ChargeFast,Power Bank,South,1100.56,SC002,P0005
2023-01-15,Electronics,R2,2,Online,63721.36,52251.52,TechPro,Smartphone Z,South,11469.84,SC002,P0006
2023-01-15,Accessories,R1,4,Online,10596.59,6357.95,CarryLite,Laptop Bag,North,4238.64,SC002,P0002
2023-01-16,Electronics,R4,4,Retail,121892.76,99952.06,TechPro,Smartphone Z,West,21940.7,SC003,P0006
2023-01-16,Electronics,R1,5,Online,26694.67,20021.0,SoundMax,Bluetooth Speaker,North,6673.67,SC002,P0001
2023-01-17,Electronics,R4,4,Online,115839.63,94988.5,TechPro,Smartphone Z,West,20851.13,SC002,P0006
2023-01-17,Accessories,R1,4,Online,6410.43,4166.78,ChargeFast,Power Bank,North,2243.65,SC002,P0005
2023-01-17,Electronics,R2,4,Online,111185.89,91172.43,TechPro,Smartphone Z,South,20013.46,SC002,P0006
2023-01-18,Furniture,R1,3,Online,44450.74,34671.58,HomeEase,Study Table,North,9779.16,SC002,P0007
2023-01-18,Electronics,R1,1,Online,62262.0,49809.6,TechPro,Laptop X,North,12452.4,SC002,P0003
2023-01-18,Electronics,R1,1,Online,30961.18,25388.17,TechPro,Smartphone Z,North,5573.01,SC002,P0006
2023-01-19,Furniture,R3,5,Online,34437.2,25827.9,HomeEase,Office Chair,East,8609.3,SC002,P0004
2023-01-19,Electronics,R4,4,Online,18184.01,13638.01,SoundMax,Bluetooth Speaker,West,4546.0,SC002,P0001
2023-01-20,Electronics,R3,2,Online,63160.37,51791.51,TechPro,Smartphone Z,East,11368.87,SC002,P0006
2023-01-20,Accessories,R1,2,Online,3069.51,1995.18,ChargeFast,Power Bank,North,1074.33,SC002,P0005
2023-01-21,Accessories,R2,2,Online,3000.62,1950.41,ChargeFast,Power Bank,South,1050.22,SC002,P0005
2023-01-21,Furniture,R1,2,Online,12674.23,9505.67,HomeEase,Office Chair,North,3168.56,SC002,P0004
2023-01-22,Furniture,R2,5,Online,75684.25,59033.72,HomeEase,Study Table,South,16650.54,SC002,P0007
2023-01-22,Accessories,R4,3,Retail,7043.69,4226.21,CarryLite,Laptop Bag,West,2817.47,SC003,P0002
2023-01-22,Electronics,R2,2,Online,10366.01,7774.51,SoundMax,Bluetooth Speaker,South,2591.5,SC002,P0001
2023-01-22,Electronics,R4,2,Online,114256.67,91405.33,TechPro,Laptop X,West,22851.33,SC002,P0003
2023-01-22,Electronics,R3,5,Online,136175.59,111663.98,TechPro,Smartphone Z,East,24511.61,SC002,P0006
2023-01-23,Accessories,R2,3,Online,8235.76,4941.45,CarryLite,Laptop Bag,South,3294.3,SC002,P0002
2023-01-23,Electronics,R2,5,Online,142157.91,116569.48,TechPro,Smartphone Z,South,25588.42,SC002,P0006
2023-01-24,Furniture,R1,1,Online,7007.35,5255.51,HomeEase,Office Chair,North,1751.84,SC002,P0004
2023-01-24,Accessories,R2,4,Online,5413.01,3518.45,ChargeFast,Power Bank,South,1894.55,SC002,P0005
2023-01-24,Accessories,R2,4,Distributor,6088.13,3957.28,ChargeFast,Power Bank,South,2130.84,SC001,P0005
2023-01-24,Furniture,R1,4,Online,28966.1,21724.58,HomeEase,Office Chair,North,7241.53,SC002,P0004
2023-01-25,Accessories,R4,2,Online,3284.55,2134.96,ChargeFast,Power Bank,West,1149.59,SC002,P0005
2023-01-25,Accessories,R2,3,Retail,4685.25,3045.41,ChargeFast,Power Bank,South,1639.84,SC003,P0005
2023-01-25,Accessories,R4,5,Online,13346.2,8007.72,CarryLite,Laptop Bag,West,5338.48,SC002,P0002
2023-01-25,Electronics,R2,2,Retail,54976.19,45080.47,TechPro,Smartphone Z,South,9895.71,SC003,P0006
2023-01-25,Electronics,R2,4,Retail,18946.74,14210.06,SoundMax,Bluetooth Speaker,South,4736.69,SC003,P0001
2023-01-26,Accessories,R2,3,Retail,4749.43,3087.13,ChargeFast,Power Bank,South,1662.3,SC003,P0005
2023-01-26,Furniture,R1,3,Online,71305.23,51339.77,WoodCraft,Wardrobe,North,19965.47,SC002,P0008
2023-01-26,Electronics,R1,5,Online,159683.71,130940.64,TechPro,Smartphone Z,North,28743.07,SC002,P0006
2023-01-26,Furniture,R2,4,Distributor,95714.24,68914.25,WoodCraft,Wardrobe,South,26799.99,SC001,P0008
2023-01-27,Furniture,R4,5,Online,31802.12,23851.59,HomeEase,Office Chair,West,7950.53,SC002,P0004
2023-01-27,Accessories,R4,4,Distributor,6064.63,3942.01,ChargeFast,Power Bank,West,2122.62,SC001,P0005
2023-01-27,Accessories,R1,1,Online,1538.27,999.87,ChargeFast,Power Bank,North,538.39,SC002,P0005
2023-01-27,Furniture,R1,4,Online,92135.12,66337.29,WoodCraft,Wardrobe,North,25797.83,SC002,P0008
2023-01-27,Electronics,R1,2,Online,56752.74,46537.24,TechPro,Smartphone Z,North,10215.49,SC002,P0006
2023-01-28,Electronics,R2,1,Online,57357.16,45885.73,TechPro,Laptop X,South,11471.43,SC002,P0003
2023-01-28,Electronics,R3,3,Online,191611.34,153289.07,TechPro,Laptop X,East,38322.27,SC002,P0003
2023-01-28,Accessories,R2,2,Distributor,3259.64,2118.76,ChargeFast,Power Bank,South,1140.87,SC001,P0005
2023-01-28,Accessories,R1,1,Online,2490.19,1494.11,CarryLite,Laptop Bag,North,996.07,SC002,P0002
2023-01-28,Accessories,R2,3,Online,8013.18,4807.91,CarryLite,Laptop Bag,South,3205.27,SC002,P0002
2023-01-29,Electronics,R2,4,Online,255019.25,204015.4,TechPro,Laptop X,South,51003.85,SC002,P0003
2023-01-29,Accessories,R4,5,Online,8167.15,5308.65,ChargeFast,Power Bank,West,2858.5,SC002,P0005
2023-01-30,Electronics,R2,3,Online,171890.34,137512.28,TechPro,Laptop X,South,34378.07,SC002,P0003
2023-01-30,Electronics,R3,4,Online,228896.28,183117.02,TechPro,Laptop X,East,45779.26,SC002,P0003
2023-01-30,Electronics,R2,3,Retail,86539.99,70962.79,TechPro,Smartphone Z,South,15577.2,SC003,P0006
2023-01-31,Furniture,R1,1,Retail,6487.62,4865.72,HomeEase,Office Chair,North,1621.91,SC003,P0004
2023-01-31,Electronics,R4,3,Online,14138.89,10604.17,SoundMax,Bluetooth Speaker,West,3534.72,SC002,P0001
2023-02-01,Furniture,R2,2,Online,27546.01,21485.89,HomeEase,Study Table,South,6060.12,SC002,P0007
2023-02-01,Furniture,R2,3,Retail,20151.43,15113.57,HomeEase,Office Chair,South,5037.86,SC003,P0004
2023-02-01,Furniture,R4,0,Online,0.0,0.0,HomeEase,Office Chair,West,0.0,SC002,P0004
2023-02-02,Electronics,R4,4,Online,226038.28,180830.62,TechPro,Laptop X,West,45207.66,SC002,P0003
2023-02-02,Furniture,R1,2,Online,46388.27,33399.56,WoodCraft,Wardrobe,North,12988.72,SC002,P0008
2023-02-02,Furniture,R4,4,Online,30649.42,22987.06,HomeEase,Office Chair,West,7662.35,SC002,P0004
2023-02-02,Furniture,R1,3,Online,72714.29,52354.29,WoodCraft,Wardrobe,North,20360.0,SC002,P0008
2023-02-02,Electronics,R1,1,Online,32365.3,26539.55,TechPro,Smartphone Z,North,5825.75,SC002,P0006
2023-02-03,Furniture,R2,0,Online,0.0,0.0,HomeEase,Office Chair,South,0.0,SC002,P0004
2023-02-03,Furniture,R4,1,Online,26841.51,19325.88,WoodCraft,Wardrobe,West,7515.62,SC002,P0008
2023-02-04,Furniture,R4,1,Online,7363.94,5522.95,HomeEase,Office Chair,West,1840.98,SC002,P0004
2023-02-04,Furniture,R3,2,Online,31280.1,24398.48,HomeEase,Study Table,East,6881.62,SC002,P0007
2023-02-04,Accessories,R3,1,Online,1484.22,964.75,ChargeFast,Power Bank,East,519.48,SC002,P0005
2023-02-04,Furniture,R1,3,Retail,67801.07,48816.77,WoodCraft,Wardrobe,North,18984.3,SC003,P0008
2023-02-04,Electronics,R1,0,Online,0.0,0.0,SoundMax,Bluetooth Speaker,North,0.0,SC002,P0001
2023-02-05,Electronics,R4,3,Online,90667.92,74347.69,TechPro,Smartphone Z,West,16320.23,SC002,P0006
2023-02-05,Furniture,R2,4,Online,27233.26,20424.95,HomeEase,Office Chair,South,6808.32,SC002,P0004
2023-02-05,Furniture,R1,4,Online,65204.3,50859.36,HomeEase,Study Table,North,14344.95,SC002,P0007
2023-02-05,Electronics,R1,3,Online,192629.43,154103.54,TechPro,Laptop X,North,38525.89,SC002,P0003
2023-02-05,Electronics,R1,2,Retail,60294.14,49441.19,TechPro,Smartphone Z,North,10852.94,SC003,P0006
2023-02-06,Furniture,R4,2,Online,53655.07,38631.65,WoodCraft,Wardrobe,West,15023.42,SC002,P0008
2023-02-06,Accessories,R2,0,Retail,0.0,0.0,CarryLite,Laptop Bag,South,0.0,SC003,P0002
2023-02-06,Furniture,R2,1,Retail,14471.04,11287.41,HomeEase,Study Table,South,3183.63,SC003,P0007
2023-02-06,Electronics,R3,0,Online,0.0,0.0,TechPro,Laptop X,East,0.0,SC002,P0003
2023-02-06,Electronics,R2,4,Distributor,241564.29,193251.43,TechPro,Laptop X,South,48312.86,SC001,P0003
2023-02-07,Electronics,R2,1,Online,28934.12,23725.98,TechPro,Smartphone Z,South,5208.14,SC002,P0006
2023-02-07,Accessories,R1,0,Online,0.0,0.0,CarryLite,Laptop Bag,North,0.0,SC002,P0002
2023-02-08,Furniture,R2,3,Distributor,81975.4,59022.29,WoodCraft,Wardrobe,South,22953.11,SC001,P0008
2023-02-08,Electronics,R4,2,Online,10852.9,8139.67,SoundMax,Bluetooth Speaker,West,2713.22,SC002,P0001
2023-02-08,Furniture,R1,3,Retail,19587.35,14690.52,HomeEase,Office Chair,North,4896.84,SC003,P0004
2023-02-08,Electronics,R1,3,Online,173383.08,138706.46,TechPro,Laptop X,North,34676.62,SC002,P0003
2023-02-08,Furniture,R4,2,Online,30744.61,23980.8,HomeEase,Study Table,West,6763.81,SC002,P0007
2023-02-09,Furniture,R2,1,Online,25217.76,18156.79,WoodCraft,Wardrobe,South,7060.97,SC002,P0008
2023-02-09,Accessories,R2,2,Online,5127.71,3076.62,CarryLite,Laptop Bag,South,2051.08,SC002,P0002
2023-02-10,Furniture,R4,2,Online,52885.97,38077.9,WoodCraft,Wardrobe,West,14808.07,SC002,P0008
2023-02-10,Electronics,R3,0,Retail,0.0,0.0,TechPro,Laptop X,East,0.0,SC003,P0003
2023-02-10,Furniture,R2,4,Retail,55327.58,43155.51,HomeEase,Study Table,South,12172.07,SC003,P0007
2023-02-10,Accessories,R3,4,Online,5983.63,3889.36,ChargeFast,Power Bank,East,2094.27,SC002,P0005
2023-02-10,Electronics,R3,2,Online,121572.2,97257.76,TechPro,Laptop X,East,24314.44,SC002,P0003
2023-02-11,Electronics,R4,1,Distributor,65367.4,52293.92,TechPro,Laptop X,West,13073.48,SC001,P0003
2023-02-11,Electronics,R1,0,Online,0.0,0.0,TechPro,Laptop X,North,0.0,SC002,P0003
2023-02-11,Accessories,R1,4,Distributor,6507.0,4229.55,ChargeFast,Power Bank,North,2277.45,SC001,P0005
2023-02-12,Furniture,R2,2,Online,14662.04,10996.53,HomeEase,Office Chair,South,3665.51,SC002,P0004
2023-02-12,Accessories,R4,4,Online,6581.81,4278.18,ChargeFast,Power Bank,West,2303.63,SC002,P0005
2023-02-12,Accessories,R4,2,Online,3054.77,1985.6,ChargeFast,Power Bank,West,1069.17,SC002,P0005
2023-02-12,Electronics,R3,0,Online,0.0,0.0,TechPro,Laptop X,East,0.0,SC002,P0003
2023-02-12,Electronics,R2,1,Retail,4965.7,3724.28,SoundMax,Bluetooth Speaker,South,1241.43,SC003,P0001
2023-02-13,Furniture,R2,2,Online,12994.4,9745.8,HomeEase,Office Chair,South,3248.6,SC002,P0004
2023-02-13,Electronics,R1,0,Online,0.0,0.0,SoundMax,Bluetooth Speaker,North,0.0,SC002,P0001
2023-02-13,Furniture,R1,0,Online,0.0,0.0,HomeEase,Study Table,North,0.0,SC002,P0007
2023-02-13,Accessories,R2,4,Retail,9368.93,5621.36,CarryLite,Laptop Bag,South,3747.57,SC003,P0002
2023-02-14,Furniture,R2,2,Online,13578.28,10183.71,HomeEase,Office Chair,South,3394.57,SC002,P0004
2023-02-14,Electronics,R1,2,Online,109577.01,87661.61,TechPro,Laptop X,North,21915.4,SC002,P0003
2023-02-14,Furniture,R2,0,Online,0.0,0.0,WoodCraft,Wardrobe,South,0.0,SC002,P0008
2023-02-14,Furniture,R1,2,Online,48733.09,35087.83,WoodCraft,Wardrobe,North,13645.27,SC002,P0008
2023-02-15,Accessories,R2,3,Online,4805.81,3123.78,ChargeFast,Power Bank,South,1682.03,SC002,P0005
2023-02-15,Accessories,R1,2,Online,3003.3,1952.15,ChargeFast,Power Bank,North,1051.16,SC002,P0005
2023-02-15,Furniture,R4,0,Online,0.0,0.0,HomeEase,Office Chair,West,0.0,SC002,P0004
2023-02-16,Electronics,R3,3,Retail,97999.38,80359.49,TechPro,Smartphone Z,East,17639.89,SC003,P0006
2023-02-16,Electronics,R2,1,Retail,27513.05,22560.7,TechPro,Smartphone Z,South,4952.35,SC003,P0006
2023-02-16,Electronics,R1,4,Retail,19685.7,14764.27,SoundMax,Bluetooth Speaker,North,4921.42,SC003,P0001
2023-02-16,Accessories,R3,1,Online,2431.53,1458.92,CarryLite,Laptop Bag,East,972.61,SC002,P0002
2023-02-16,Electronics,R2,0,Retail,0.0,0.0,TechPro,Laptop X,South,0.0,SC003,P0003
2023-02-17,Electronics,R4,1,Online,30394.66,24923.62,TechPro,Smartphone Z,West,5471.04,SC002,P0006
2023-02-17,Accessories,R4,2,Online,5012.46,3007.47,CarryLite,Laptop Bag,West,2004.98,SC002,P0002
2023-02-17,Furniture,R3,2,Online,29530.22,23033.57,HomeEase,Study Table,East,6496.65,SC002,P0007
2023-02-17,Electronics,R1,2,Online,127742.01,102193.61,TechPro,Laptop X,North,25548.4,SC002,P0003
2023-02-17,Furniture,R2,0,Online,0.0,0.0,HomeEase,Study Table,South,0.0,SC002,P0007
2023-02-18,Accessories,R1,2,Online,5400.02,3240.01,CarryLite,Laptop Bag,North,2160.01,SC002,P0002
2023-02-18,Accessories,R2,4,Online,5610.45,3646.79,ChargeFast,Power Bank,South,1963.66,SC002,P0005
2023-02-18,Accessories,R2,1,Retail,1399.89,909.93,ChargeFast,Power Bank,South,489.96,SC003,P0005
2023-02-19,Electronics,R3,4,Online,256179.79,204943.83,TechPro,Laptop X,East,51235.96,SC002,P0003
2023-02-19,Electronics,R3,1,Online,58759.79,47007.83,TechPro,Laptop X,East,11751.96,SC002,P0003
2023-02-19,Accessories,R3,3,Online,4535.86,2948.31,ChargeFast,Power Bank,East,1587.55,SC002,P0005
2023-02-19,Electronics,R4,2,Distributor,9668.49,7251.37,SoundMax,Bluetooth Speaker,West,2417.12,SC001,P0001
2023-02-20,Electronics,R1,0,Retail,0.0,0.0,TechPro,Laptop X,North,0.0,SC003,P0003
2023-02-20,Furniture,R1,4,Retail,25213.1,18909.83,HomeEase,Office Chair,North,6303.28,SC003,P0004
2023-02-20,Accessories,R2,3,Online,4776.69,3104.85,ChargeFast,Power Bank,South,1671.84,SC002,P0005
2023-02-21,Electronics,R3,3,Online,90754.22,74418.46,TechPro,Smartphone Z,East,16335.76,SC002,P0006
2023-02-21,Accessories,R3,4,Retail,6230.73,4049.98,ChargeFast,Power Bank,East,2180.76,SC003,P0005
2023-02-22,Accessories,R2,1,Online,1365.48,887.56,ChargeFast,Power Bank,South,477.92,SC002,P0005
2023-02-22,Furniture,R2,1,Distributor,15203.84,11858.99,HomeEase,Study Table,South,3344.84,SC001,P0007
2023-02-22,Accessories,R1,2,Retail,3254.64,2115.51,ChargeFast,Power Bank,North,1139.12,SC003,P0005
2023-02-23,Electronics,R2,2,Retail,115658.41,92526.73,TechPro,Laptop X,South,23131.68,SC003,P0003
2023-02-23,Accessories,R3,3,Online,6930.85,4158.51,CarryLite,Laptop Bag,East,2772.34,SC002,P0002
2023-02-23,Electronics,R2,3,Online,182607.4,146085.92,TechPro,Laptop X,South,36521.48,SC002,P0003
2023-02-24,Furniture,R3,0,Retail,0.0,0.0,HomeEase,Office Chair,East,0.0,SC003,P0004
2023-02-24,Furniture,R2,1,Online,13563.81,10579.77,HomeEase,Study Table,South,2984.04,SC002,P0007
2023-02-24,Accessories,R2,2,Distributor,5497.93,3298.76,CarryLite,Laptop Bag,South,2199.17,SC001,P0002
2023-02-24,Electronics,R1,3,Online,92295.1,75681.98,TechPro,Smartphone Z,North,16613.12,SC002,P0006
2023-02-24,Accessories,R2,3,Online,7856.37,4713.82,CarryLite,Laptop Bag,South,3142.55,SC002,P0002
2023-02-25,Electronics,R2,3,Online,187759.92,150207.94,TechPro,Laptop X,South,37551.98,SC002,P0003
2023-02-25,Furniture,R4,0,Online,0.0,0.0,HomeEase,Office Chair,West,0.0,SC002,P0004
2023-02-25,Electronics,R4,2,Retail,10177.11,7632.83,SoundMax,Bluetooth Speaker,West,2544.28,SC003,P0001
2023-02-26,Accessories,R3,1,Distributor,1400.11,910.07,ChargeFast,Power Bank,East,490.04,SC001,P0005
2023-02-26,Accessories,R2,4,Retail,10661.29,6396.77,CarryLite,Laptop Bag,South,4264.51,SC003,P0002
2023-02-26,Electronics,R1,0,Online,0.0,0.0,SoundMax,Bluetooth Speaker,North,0.0,SC002,P0001
2023-02-26,Accessories,R1,0,Distributor,0.0,0.0,CarryLite,Laptop Bag,North,0.0,SC001,P0002
2023-02-27,Accessories,R2,1,Online,2598.01,1558.81,CarryLite,Laptop Bag,South,1039.2,SC002,P0002
2023-02-27,Electronics,R1,0,Online,0.0,0.0,SoundMax,Bluetooth Speaker,North,0.0,SC002,P0001
2023-02-27,Furniture,R2,2,Online,27777.09,21666.13,HomeEase,Study Table,South,6110.96,SC002,P0007
2023-02-27,Accessories,R4,0,Online,0.0,0.0,CarryLite,Laptop Bag,West,0.0,SC002,P0002
2023-02-27,Electronics,R1,1,Retail,5032.6,3774.45,SoundMax,Bluetooth Speaker,North,1258.15,SC003,P0001
2023-02-28,Electronics,R4,1,Distributor,59941.76,47953.41,TechPro,Laptop X,West,11988.35,SC001,P0003
2023-02-28,Electronics,R4,1,Online,60525.35,48420.28,TechPro,Laptop X,West,12105.07,SC002,P0003
2023-03-01,Electronics,R2,3,Retail,96310.47,78974.59,TechPro,Smartphone Z,South,17335.88,SC003,P0006
2023-03-01,Accessories,R2,4,Online,10360.28,6216.17,CarryLite,Laptop Bag,South,4144.11,SC002,P0002
2023-03-02,Furniture,R4,0,Distributor,0.0,0.0,WoodCraft,Wardrobe,West,0.0,SC001,P0008
2023-03-02,Accessories,R4,1,Online,1595.39,1037.0,ChargeFast,Power Bank,West,558.39,SC002,P0005
2023-03-02,Accessories,R2,4,Online,10233.85,6140.31,CarryLite,Laptop Bag,South,4093.54,SC002,P0002
2023-03-02,Accessories,R1,4,Online,10559.69,6335.81,CarryLite,Laptop Bag,North,4223.88,SC002,P0002
2023-03-03,Electronics,R2,3,Distributor,15397.87,11548.4,SoundMax,Bluetooth Speaker,South,3849.47,SC001,P0001
2023-03-03,Accessories,R4,3,Online,6851.76,4111.05,CarryLite,Laptop Bag,West,2740.7,SC002,P0002
2023-03-03,Electronics,R4,0,Retail,0.0,0.0,TechPro,Laptop X,West,0.0,SC003,P0003
2023-03-04,Electronics,R4,3,Retail,94493.73,77484.86,TechPro,Smartphone Z,West,17008.87,SC003,P0006
2023-03-04,Electronics,R2,0,Online,0.0,0.0,TechPro,Laptop X,South,0.0,SC002,P0003
2023-03-04,Electronics,R2,1,Online,4773.63,3580.22,SoundMax,Bluetooth Speaker,South,1193.41,SC002,P0001
2023-03-04,Accessories,R1,4,Retail,10387.36,6232.42,CarryLite,Laptop Bag,North,4154.95,SC003,P0002
2023-03-04,Electronics,R4,2,Online,57279.11,46968.87,TechPro,Smartphone Z,West,10310.24,SC002,P0006
2023-03-05,Accessories,R2,4,Distributor,6166.23,4008.05,ChargeFast,Power Bank,South,2158.18,SC001,P0005
2023-03-05,Electronics,R2,1,Online,64729.19,51783.35,TechPro,Laptop X,South,12945.84,SC002,P0003
2023-03-06,Furniture,R1,3,Retail,75941.25,54677.7,WoodCraft,Wardrobe,North,21263.55,SC003,P0008
2023-03-06,Electronics,R4,0,Online,0.0,0.0,SoundMax,Bluetooth Speaker,West,0.0,SC002,P0001
2023-03-06,Electronics,R4,2,Retail,10593.6,7945.2,SoundMax,Bluetooth Speaker,West,2648.4,SC003,P0001
2023-03-06,Electronics,R3,0,Retail,0.0,0.0,TechPro,Smartphone Z,East,0.0,SC003,P0006
2023-03-07,Electronics,R1,4,Online,228911.68,183129.35,TechPro,Laptop X,North,45782.34,SC002,P0003
2023-03-07,Furniture,R4,4,Online,91448.94,65843.24,WoodCraft,Wardrobe,West,25605.7,SC002,P0008
2023-03-07,Electronics,R4,2,Retail,62339.78,51118.62,TechPro,Smartphone Z,West,11221.16,SC003,P0006
2023-03-07,Accessories,R4,2,Retail,2762.96,1795.92,ChargeFast,Power Bank,West,967.04,SC003,P0005
2023-03-08,Electronics,R1,3,Online,93644.37,76788.38,TechPro,Smartphone Z,North,16855.99,SC002,P0006
2023-03-08,Furniture,R2,0,Online,0.0,0.0,HomeEase,Study Table,South,0.0,SC002,P0007
2023-03-09,Electronics,R2,1,Online,31136.79,25532.17,TechPro,Smartphone Z,South,5604.62,SC002,P0006
2023-03-09,Accessories,R1,2,Retail,2774.53,1803.45,ChargeFast,Power Bank,North,971.09,SC003,P0005
2023-03-09,Accessories,R4,0,Online,0.0,0.0,CarryLite,Laptop Bag,West,0.0,SC002,P0002
2023-03-10,Accessories,R4,2,Online,2990.64,1943.92,ChargeFast,Power Bank,West,1046.72,SC002,P0005
2023-03-10,Furniture,R4,2,Online,27244.52,21250.73,HomeEase,Study Table,West,5993.8,SC002,P0007
2023-03-10,Electronics,R1,3,Online,83871.8,68774.88,TechPro,Smartphone Z,North,15096.92,SC002,P0006
2023-03-10,Accessories,R2,4,Online,5618.54,3652.05,ChargeFast,Power Bank,South,1966.49,SC002,P0005
2023-03-10,Furniture,R1,1,Online,25766.32,18551.75,WoodCraft,Wardrobe,North,7214.57,SC002,P0008
2023-03-11,Accessories,R2,2,Online,5180.23,3108.14,CarryLite,Laptop Bag,South,2072.09,SC002,P0002
2023-03-11,Electronics,R1,0,Retail,0.0,0.0,SoundMax,Bluetooth Speaker,North,0.0,SC003,P0001
2023-03-12,Electronics,R2,3,Online,180174.42,144139.53,TechPro,Laptop X,South,36034.88,SC002,P0003
2023-03-12,Furniture,R2,4,Online,97910.3,70495.42,WoodCraft,Wardrobe,South,27414.88,SC002,P0008
2023-03-12,Furniture,R4,1,Online,27460.67,19771.68,WoodCraft,Wardrobe,West,7688.99,SC002,P0008
2023-03-12,Electronics,R1,4,Online,251189.43,200951.54,TechPro,Laptop X,North,50237.89,SC002,P0003
2023-03-13,Furniture,R1,1,Online,14042.93,10953.49,HomeEase,Study Table,North,3089.44,SC002,P0007
2023-03-13,Accessories,R2,4,Online,9890.61,5934.37,CarryLite,Laptop Bag,South,3956.24,SC002,P0002
2023-03-13,Furniture,R3,0,Online,0.0,0.0,HomeEase,Office Chair,East,0.0,SC002,P0004
2023-03-13,Accessories,R4,0,Online,0.0,0.0,ChargeFast,Power Bank,West,0.0,SC002,P0005
2023-03-14,Electronics,R2,2,Online,9884.05,7413.04,SoundMax,Bluetooth Speaker,South,2471.01,SC002,P0001
2023-03-14,Electronics,R2,0,Retail,0.0,0.0,TechPro,Laptop X,South,0.0,SC003,P0003
2023-03-14,Furniture,R2,3,Online,19054.02,14290.51,HomeEase,Office Chair,South,4763.5,SC002,P0004
2023-03-14,Furniture,R2,3,Retail,20774.75,15581.06,HomeEase,Office Chair,South,5193.69,SC003,P0004
2023-03-14,Accessories,R1,1,Online,1646.01,1069.91,ChargeFast,Power Bank,North,576.1,SC002,P0005
2023-03-15,Furniture,R1,4,Online,65206.5,50861.07,HomeEase,Study Table,North,14345.43,SC002,P0007
2023-03-15,Electronics,R2,3,Retail,197518.68,158014.95,TechPro,Laptop X,South,39503.74,SC003,P0003
2023-03-16,Furniture,R4,0,Online,0.0,0.0,HomeEase,Study Table,West,0.0,SC002,P0007
2023-03-16,Electronics,R2,3,Retail,13877.22,10407.92,SoundMax,Bluetooth Speaker,South,3469.31,SC003,P0001
2023-03-16,Electronics,R1,1,Retail,28130.09,23066.68,TechPro,Smartphone Z,North,5063.42,SC003,P0006
2023-03-16,Furniture,R2,1,Retail,7226.29,5419.71,HomeEase,Office Chair,South,1806.57,SC003,P0004
2023-03-16,Accessories,R3,0,Online,0.0,0.0,CarryLite,Laptop Bag,East,0.0,SC002,P0002
2023-03-17,Furniture,R4,0,Retail,0.0,0.0,WoodCraft,Wardrobe,West,0.0,SC003,P0008
2023-03-17,Accessories,R2,1,Retail,1454.57,945.47,ChargeFast,Power Bank,South,509.1,SC003,P0005
2023-03-17,Electronics,R2,0,Retail,0.0,0.0,TechPro,Smartphone Z,South,0.0,SC003,P0006
2023-03-17,Furniture,R2,1,Online,6865.8,5149.35,HomeEase,Office Chair,South,1716.45,SC002,P0004
2023-03-18,Accessories,R4,0,Retail,0.0,0.0,CarryLite,Laptop Bag,West,0.0,SC003,P0002
2023-03-18,Accessories,R1,0,Online,0.0,0.0,CarryLite,Laptop Bag,North,0.0,SC002,P0002
2023-03-18,Furniture,R2,3,Retail,45436.5,35440.47,HomeEase,Study Table,South,9996.03,SC003,P0007
2023-03-19,Electronics,R2,2,Online,122482.77,97986.21,TechPro,Laptop X,South,24496.55,SC002,P0003
2023-03-19,Furniture,R4,4,Online,64360.0,50200.8,HomeEase,Study Table,West,14159.2,SC002,P0007
2023-03-20,Accessories,R1,3,Online,4184.09,2719.66,ChargeFast,Power Bank,North,1464.43,SC002,P0005
2023-03-20,Furniture,R2,1,Online,26077.45,18775.77,WoodCraft,Wardrobe,South,7301.69,SC002,P0008
2023-03-20,Furniture,R1,4,Online,30228.97,22671.73,HomeEase,Office Chair,North,7557.24,SC002,P0004
2023-03-20,Electronics,R2,4,Online,19406.49,14554.87,SoundMax,Bluetooth Speaker,South,4851.62,SC002,P0001
2023-03-20,Electronics,R3,2,Online,130310.54,104248.43,TechPro,Laptop X,East,26062.11,SC002,P0003
2023-03-21,Furniture,R3,0,Retail,0.0,0.0,HomeEase,Study Table,East,0.0,SC003,P0007
2023-03-21,Accessories,R1,1,Retail,1589.93,1033.46,ChargeFast,Power Bank,North,556.48,SC003,P0005
2023-03-21,Electronics,R1,1,Online,5417.75,4063.31,SoundMax,Bluetooth Speaker,North,1354.44,SC002,P0001
2023-03-21,Electronics,R4,4,Online,123195.63,101020.42,TechPro,Smartphone Z,West,22175.21,SC002,P0006
2023-03-21,Accessories,R3,3,Online,7092.12,4255.27,CarryLite,Laptop Bag,East,2836.85,SC002,P0002
2023-03-22,Furniture,R2,0,Distributor,0.0,0.0,HomeEase,Study Table,South,0.0,SC001,P0007
2023-03-22,Furniture,R3,1,Retail,15928.59,12424.3,HomeEase,Study Table,East,3504.29,SC003,P0007
2023-03-23,Furniture,R2,0,Online,0.0,0.0,HomeEase,Office Chair,South,0.0,SC002,P0004
2023-03-23,Accessories,R2,4,Online,10283.94,6170.37,CarryLite,Laptop Bag,South,4113.58,SC002,P0002
2023-03-23,Furniture,R1,4,Online,91169.09,65641.75,WoodCraft,Wardrobe,North,25527.35,SC002,P0008
2023-03-23,Electronics,R2,1,Retail,4928.2,3696.15,SoundMax,Bluetooth Speaker,South,1232.05,SC003,P0001
2023-03-24,Furniture,R4,2,Online,51032.19,36743.18,WoodCraft,Wardrobe,West,14289.01,SC002,P0008
2023-03-24,Electronics,R4,4,Online,21576.76,16182.57,SoundMax,Bluetooth Speaker,West,5394.19,SC002,P0001
2023-03-24,Electronics,R1,3,Online,177926.76,142341.41,TechPro,Laptop X,North,35585.35,SC002,P0003
2023-03-24,Accessories,R4,4,Online,5725.38,3721.5,ChargeFast,Power Bank,West,2003.88,SC002,P0005
2023-03-25,Furniture,R1,1,Online,16482.42,12856.29,HomeEase,Study Table,North,3626.13,SC002,P0007
2023-03-25,Furniture,R4,3,Online,19152.6,14364.45,HomeEase,Office Chair,West,4788.15,SC002,P0004
2023-03-25,Furniture,R1,0,Retail,0.0,0.0,HomeEase,Office Chair,North,0.0,SC003,P0004
2023-03-25,Electronics,R2,0,Retail,0.0,0.0,TechPro,Smartphone Z,South,0.0,SC003,P0006
2023-03-25,Accessories,R4,3,Online,8211.25,4926.75,CarryLite,Laptop Bag,West,3284.5,SC002,P0002
2023-03-26,Accessories,R4,4,Online,5511.51,3582.48,ChargeFast,Power Bank,West,1929.03,SC002,P0005
2023-03-26,Electronics,R4,3,Online,15846.08,11884.56,SoundMax,Bluetooth Speaker,West,3961.52,SC002,P0001
2023-03-26,Furniture,R1,4,Online,58321.64,45490.88,HomeEase,Study Table,North,12830.76,SC002,P0007
2023-03-27,Electronics,R2,3,Online,172069.33,137655.46,TechPro,Laptop X,South,34413.87,SC002,P0003
2023-03-27,Accessories,R2,2,Distributor,3044.75,1979.09,ChargeFast,Power Bank,South,1065.66,SC001,P0005
2023-03-28,Accessories,R2,1,Online,1538.39,999.95,ChargeFast,Power Bank,South,538.43,SC002,P0005
2023-03-28,Furniture,R4,3,Retail,47868.62,37337.52,HomeEase,Study Table,West,10531.1,SC003,P0007
2023-03-28,Electronics,R1,1,Retail,5457.32,4092.99,SoundMax,Bluetooth Speaker,North,1364.33,SC003,P0001
2023-03-28,Furniture,R4,0,Online,0.0,0.0,HomeEase,Study Table,West,0.0,SC002,P0007
2023-03-28,Electronics,R4,3,Retail,90046.19,73837.88,TechPro,Smartphone Z,West,16208.31,SC003,P0006
2023-03-29,Accessories,R2,1,Online,2503.05,1501.83,CarryLite,Laptop Bag,South,1001.22,SC002,P0002
2023-03-29,Electronics,R2,3,Distributor,173225.38,138580.3,TechPro,Laptop X,South,34645.08,SC001,P0003
2023-03-30,Accessories,R1,4,Online,9035.38,5421.23,CarryLite,Laptop Bag,North,3614.15,SC002,P0002
2023-03-30,Furniture,R1,2,Online,46917.82,33780.83,WoodCraft,Wardrobe,North,13136.99,SC002,P0008
2023-03-30,Electronics,R4,0,Online,0.0,0.0,TechPro,Smartphone Z,West,0.0,SC002,P0006
2023-03-31,Electronics,R4,3,Online,184249.86,147399.89,TechPro,Laptop X,West,36849.97,SC002,P0003
2023-03-31,Furniture,R1,4,Online,28693.82,21520.36,HomeEase,Office Chair,North,7173.45,SC002,P0004
2023-04-01,Accessories,R1,5,Retail,7281.35,4732.88,ChargeFast,Power Bank,North,2548.47,SC003,P0005
2023-04-01,Furniture,R4,5,Retail,67665.47,52779.07,HomeEase,Study Table,West,14886.4,SC003,P0007
2023-04-01,Electronics,R2,5,Retail,26301.45,19726.09,SoundMax,Bluetooth Speaker,South,6575.36,SC003,P0001
2023-04-01,Electronics,R3,2,Online,9482.4,7111.8,SoundMax,Bluetooth Speaker,East,2370.6,SC002,P0001
2023-04-01,Accessories,R1,1,Online,1382.92,898.9,ChargeFast,Power Bank,North,484.02,SC002,P0005
2023-04-02,Furniture,R4,2,Online,12956.16,9717.12,HomeEase,Office Chair,West,3239.04,SC002,P0004
2023-04-02,Accessories,R3,1,Online,1534.22,997.25,ChargeFast,Power Bank,East,536.98,SC002,P0005
2023-04-02,Accessories,R4,1,Retail,1380.64,897.42,ChargeFast,Power Bank,West,483.23,SC003,P0005
2023-04-02,Furniture,R3,5,Online,33455.57,25091.68,HomeEase,Office Chair,East,8363.89,SC002,P0004
2023-04-02,Accessories,R4,3,Online,4495.91,2922.34,ChargeFast,Power Bank,West,1573.57,SC002,P0005
2023-04-03,Accessories,R1,5,Retail,6975.25,4533.91,ChargeFast,Power Bank,North,2441.34,SC003,P0005
2023-04-03,Furniture,R2,1,Online,7344.69,5508.52,HomeEase,Office Chair,South,1836.17,SC002,P0004
2023-04-03,Furniture,R1,5,Online,125214.48,90154.43,WoodCraft,Wardrobe,North,35060.06,SC002,P0008
2023-04-03,Electronics,R2,3,Online,15484.11,11613.08,SoundMax,Bluetooth Speaker,South,3871.03,SC002,P0001
2023-04-03,Electronics,R2,2,Online,9041.89,6781.42,SoundMax,Bluetooth Speaker,South,2260.47,SC002,P0001
2023-04-04,Furniture,R2,1,Retail,7666.39,5749.79,HomeEase,Office Chair,South,1916.6,SC003,P0004
2023-04-04,Furniture,R1,1,Online,25719.52,18518.06,WoodCraft,Wardrobe,North,7201.47,SC002,P0008
2023-04-04,Furniture,R4,4,Online,57513.86,44860.81,HomeEase,Study Table,West,12653.05,SC002,P0007
2023-04-04,Accessories,R2,4,Distributor,5587.97,3632.18,ChargeFast,Power Bank,South,1955.79,SC001,P0005
2023-04-04,Electronics,R4,1,Online,58511.91,46809.53,TechPro,Laptop X,West,11702.38,SC002,P0003
2023-04-05,Electronics,R1,4,Online,221832.07,177465.65,TechPro,Laptop X,North,44366.41,SC002,P0003
2023-04-05,Electronics,R1,2,Distributor,63791.36,52308.92,TechPro,Smartphone Z,North,11482.45,SC001,P0006
2023-04-05,Accessories,R2,5,Online,13137.6,7882.56,CarryLite,Laptop Bag,South,5255.04,SC002,P0002
2023-04-06,Accessories,R3,4,Retail,5464.63,3552.01,ChargeFast,Power Bank,East,1912.62,SC003,P0005
2023-04-06,Electronics,R4,5,Distributor,156838.42,128607.5,TechPro,Smartphone Z,West,28230.91,SC001,P0006
2023-04-07,Electronics,R1,3,Distributor,13952.03,10464.02,SoundMax,Bluetooth Speaker,North,3488.01,SC001,P0001
2023-04-07,Electronics,R2,3,Online,86355.87,70811.82,TechPro,Smartphone Z,South,15544.06,SC002,P0006
2023-04-07,Furniture,R1,1,Online,7365.57,5524.18,HomeEase,Office Chair,North,1841.39,SC002,P0004
2023-04-08,Electronics,R1,5,Online,161443.52,132383.69,TechPro,Smartphone Z,North,29059.83,SC002,P0006
2023-04-08,Electronics,R2,3,Retail,14432.79,10824.59,SoundMax,Bluetooth Speaker,South,3608.2,SC003,P0001
2023-04-08,Furniture,R3,1,Online,14625.78,11408.11,HomeEase,Study Table,East,3217.67,SC002,P0007
2023-04-08,Furniture,R4,4,Retail,62948.81,49100.07,HomeEase,Study Table,West,13848.74,SC003,P0007
2023-04-09,Furniture,R2,3,Online,22436.28,16827.21,HomeEase,Office Chair,South,5609.07,SC002,P0004
2023-04-09,Electronics,R4,5,Online,25716.83,19287.62,SoundMax,Bluetooth Speaker,West,6429.21,SC002,P0001
2023-04-09,Furniture,R2,5,Online,67528.2,52671.99,HomeEase,Study Table,South,14856.2,SC002,P0007
2023-04-10,Electronics,R1,5,Online,137789.72,112987.57,TechPro,Smartphone Z,North,24802.15,SC002,P0006
2023-04-10,Furniture,R3,2,Online,14172.16,10629.12,HomeEase,Office Chair,East,3543.04,SC002,P0004
2023-04-10,Furniture,R2,3,Online,42928.39,33484.14,HomeEase,Study Table,South,9444.25,SC002,P0007
2023-04-10,Accessories,R3,5,Online,13114.81,7868.89,CarryLite,Laptop Bag,East,5245.93,SC002,P0002
2023-04-11,Furniture,R4,5,Online,116186.31,83654.15,WoodCraft,Wardrobe,West,32532.17,SC002,P0008
2023-04-11,Electronics,R1,1,Online,5098.23,3823.67,SoundMax,Bluetooth Speaker,North,1274.56,SC002,P0001
2023-04-11,Furniture,R3,1,Online,24606.24,17716.49,WoodCraft,Wardrobe,East,6889.75,SC002,P0008
2023-04-12,Electronics,R1,4,Online,19535.33,14651.5,SoundMax,Bluetooth Speaker,North,4883.83,SC002,P0001
2023-04-12,Furniture,R1,2,Online,13062.82,9797.12,HomeEase,Office Chair,North,3265.71,SC002,P0004
2023-04-12,Furniture,R4,1,Online,16288.85,12705.3,HomeEase,Study Table,West,3583.55,SC002,P0007
2023-04-12,Furniture,R2,3,Online,73153.71,52670.67,WoodCraft,Wardrobe,South,20483.04,SC002,P0008
2023-04-12,Electronics,R2,4,Distributor,222407.04,177925.63,TechPro,Laptop X,South,44481.41,SC001,P0003
2023-04-13,Electronics,R2,1,Online,4507.03,3380.27,SoundMax,Bluetooth Speaker,South,1126.76,SC002,P0001
2023-04-13,Electronics,R3,4,Online,123766.92,101488.88,TechPro,Smartphone Z,East,22278.05,SC002,P0006
2023-04-13,Accessories,R2,4,Online,5730.86,3725.06,ChargeFast,Power Bank,South,2005.8,SC002,P0005
2023-04-13,Electronics,R1,2,Online,64137.47,52592.73,TechPro,Smartphone Z,North,11544.75,SC002,P0006
2023-04-13,Electronics,R2,4,Online,245745.57,196596.46,TechPro,Laptop X,South,49149.11,SC002,P0003
2023-04-14,Electronics,R2,2,Online,62789.38,51487.3,TechPro,Smartphone Z,South,11302.09,SC002,P0006
2023-04-14,Furniture,R4,2,Online,49187.93,35415.31,WoodCraft,Wardrobe,West,13772.62,SC002,P0008
2023-04-14,Electronics,R2,5,Distributor,309250.48,247400.38,TechPro,Laptop X,South,61850.1,SC001,P0003
2023-04-14,Electronics,R2,4,Distributor,232776.31,186221.04,TechPro,Laptop X,South,46555.26,SC001,P0003
2023-04-15,Electronics,R1,1,Online,60280.69,48224.55,TechPro,Laptop X,North,12056.14,SC002,P0003
2023-04-15,Electronics,R2,1,Online,30261.23,24814.21,TechPro,Smartphone Z,South,5447.02,SC002,P0006
2023-04-16,Electronics,R2,2,Online,61970.25,50815.61,TechPro,Smartphone Z,South,11154.65,SC002,P0006
2023-04-16,Electronics,R2,5,Online,157478.51,129132.38,TechPro,Smartphone Z,South,28346.13,SC002,P0006
2023-04-16,Electronics,R2,2,Retail,10956.12,8217.09,SoundMax,Bluetooth Speaker,South,2739.03,SC003,P0001
2023-04-17,Furniture,R4,4,Online,105135.03,75697.22,WoodCraft,Wardrobe,West,29437.81,SC002,P0008
2023-04-17,Furniture,R3,3,Online,22875.88,17156.91,HomeEase,Office Chair,East,5718.97,SC002,P0004
2023-04-17,Furniture,R2,3,Online,48682.98,37972.73,HomeEase,Study Table,South,10710.26,SC002,P0007
2023-04-17,Furniture,R1,1,Retail,24486.91,17630.57,WoodCraft,Wardrobe,North,6856.33,SC003,P0008
2023-04-18,Furniture,R1,4,Online,105857.09,76217.1,WoodCraft,Wardrobe,North,29639.98,SC002,P0008
2023-04-18,Furniture,R2,2,Online,13042.27,9781.71,HomeEase,Office Chair,South,3260.57,SC002,P0004
2023-04-18,Furniture,R2,3,Retail,48574.68,37888.25,HomeEase,Study Table,South,10686.43,SC003,P0007
2023-04-18,Electronics,R1,5,Online,156979.06,128722.83,TechPro,Smartphone Z,North,28256.23,SC002,P0006
2023-04-19,Electronics,R3,1,Online,31821.62,26093.73,TechPro,Smartphone Z,East,5727.89,SC002,P0006
2023-04-19,Furniture,R2,5,Distributor,36576.3,27432.22,HomeEase,Office Chair,South,9144.07,SC001,P0004
2023-04-19,Electronics,R4,3,Retail,93363.5,76558.07,TechPro,Smartphone Z,West,16805.43,SC003,P0006
2023-04-19,Electronics,R4,5,Online,328407.44,262725.95,TechPro,Laptop X,West,65681.49,SC002,P0003
2023-04-19,Electronics,R4,3,Online,189344.97,151475.97,TechPro,Laptop X,West,37868.99,SC002,P0003
2023-04-20,Electronics,R3,2,Online,10638.51,7978.88,SoundMax,Bluetooth Speaker,East,2659.63,SC002,P0001
2023-04-20,Accessories,R1,2,Retail,2760.38,1794.25,ChargeFast,Power Bank,North,966.13,SC003,P0005
2023-04-21,Electronics,R2,2,Online,61365.33,50319.57,TechPro,Smartphone Z,South,11045.76,SC002,P0006
2023-04-21,Electronics,R3,3,Retail,92414.56,75779.94,TechPro,Smartphone Z,East,16634.62,SC003,P0006
2023-04-22,Furniture,R2,4,Retail,62180.03,48500.43,HomeEase,Study Table,South,13679.61,SC003,P0007
2023-04-22,Electronics,R4,3,Online,186989.42,149591.54,TechPro,Laptop X,West,37397.88,SC002,P0003
2023-04-22,Furniture,R2,1,Online,14411.84,11241.23,HomeEase,Study Table,South,3170.6,SC002,P0007
2023-04-22,Furniture,R4,1,Online,15865.34,12374.97,HomeEase,Study Table,West,3490.38,SC002,P0007
2023-04-22,Furniture,R3,3,Retail,45543.97,35524.29,HomeEase,Study Table,East,10019.67,SC003,P0007
2023-04-23,Electronics,R2,3,Retail,88429.7,72512.35,TechPro,Smartphone Z,South,15917.35,SC003,P0006
2023-04-23,Accessories,R2,2,Online,5466.24,3279.75,CarryLite,Laptop Bag,South,2186.5,SC002,P0002
2023-04-23,Electronics,R2,2,Distributor,124783.57,99826.86,TechPro,Laptop X,South,24956.71,SC001,P0003
2023-04-23,Accessories,R4,3,Retail,7692.36,4615.41,CarryLite,Laptop Bag,West,3076.94,SC003,P0002
2023-04-24,Electronics,R2,5,Online,25203.49,18902.62,SoundMax,Bluetooth Speaker,South,6300.87,SC002,P0001
2023-04-24,Electronics,R1,4,Online,115230.37,94488.9,TechPro,Smartphone Z,North,20741.47,SC002,P0006
2023-04-25,Electronics,R2,4,Retail,219095.58,175276.46,TechPro,Laptop X,South,43819.12,SC003,P0003
2023-04-25,Accessories,R3,1,Online,1646.71,1070.36,ChargeFast,Power Bank,East,576.35,SC002,P0005
2023-04-25,Furniture,R4,4,Online,28463.72,21347.79,HomeEase,Office Chair,West,7115.93,SC002,P0004
2023-04-25,Accessories,R2,4,Retail,5664.27,3681.78,ChargeFast,Power Bank,South,1982.49,SC003,P0005
2023-04-26,Electronics,R2,3,Online,191854.32,153483.46,TechPro,Laptop X,South,38370.86,SC002,P0003
2023-04-26,Accessories,R1,4,Retail,10821.35,6492.81,CarryLite,Laptop Bag,North,4328.54,SC003,P0002
2023-04-26,Electronics,R3,5,Retail,23352.91,17514.68,SoundMax,Bluetooth Speaker,East,5838.23,SC003,P0001
2023-04-26,Accessories,R2,4,Retail,6211.71,4037.61,ChargeFast,Power Bank,South,2174.1,SC003,P0005
2023-04-26,Electronics,R4,4,Distributor,130812.75,107266.45,TechPro,Smartphone Z,West,23546.29,SC001,P0006
2023-04-27,Electronics,R2,1,Online,54035.05,43228.04,TechPro,Laptop X,South,10807.01,SC002,P0003
2023-04-27,Electronics,R1,4,Online,119271.4,97802.55,TechPro,Smartphone Z,North,21468.85,SC002,P0006
2023-04-27,Electronics,R2,3,Online,178108.85,142487.08,TechPro,Laptop X,South,35621.77,SC002,P0003
2023-04-28,Electronics,R2,1,Retail,56628.83,45303.06,TechPro,Laptop X,South,11325.77,SC003,P0003
2023-04-28,Electronics,R2,1,Retail,56622.12,45297.69,TechPro,Laptop X,South,11324.42,SC003,P0003
2023-04-28,Electronics,R4,5,Online,143536.87,117700.23,TechPro,Smartphone Z,West,25836.64,SC002,P0006
2023-04-28,Accessories,R2,1,Online,2264.83,1358.9,CarryLite,Laptop Bag,South,905.93,SC002,P0002
2023-04-28,Furniture,R4,5,Online,73418.64,57266.54,HomeEase,Study Table,West,16152.1,SC002,P0007
2023-04-29,Furniture,R3,1,Online,7453.31,5589.98,HomeEase,Office Chair,East,1863.33,SC002,P0004
2023-04-29,Accessories,R3,5,Retail,7994.38,5196.35,ChargeFast,Power Bank,East,2798.03,SC003,P0005
2023-04-29,Electronics,R2,1,Retail,29737.42,24384.68,TechPro,Smartphone Z,South,5352.74,SC003,P0006
2023-04-29,Electronics,R2,1,Online,4571.01,3428.26,SoundMax,Bluetooth Speaker,South,1142.75,SC002,P0001
2023-04-29,Electronics,R3,5,Online,25893.35,19420.01,SoundMax,Bluetooth Speaker,East,6473.34,SC002,P0001
2023-04-30,Accessories,R1,1,Online,2556.29,1533.77,CarryLite,Laptop Bag,North,1022.51,SC002,P0002
2023-04-30,Accessories,R3,5,Retail,6849.67,4452.28,ChargeFast,Power Bank,East,2397.38,SC003,P0005
2023-04-30,Furniture,R1,3,Online,44539.68,34740.95,HomeEase,Study Table,North,9798.73,SC002,P0007
2023-05-01,Furniture,R4,1,Retail,15687.52,12236.27,HomeEase,Study Table,West,3451.25,SC003,P0007
2023-05-01,Furniture,R3,3,Online,19225.98,14419.49,HomeEase,Office Chair,East,4806.5,SC002,P0004
2023-05-01,Furniture,R4,2,Online,29305.44,22858.24,HomeEase,Study Table,West,6447.2,SC002,P0007
2023-05-01,Electronics,R4,3,Online,15246.6,11434.95,SoundMax,Bluetooth Speaker,West,3811.65,SC002,P0001
2023-05-02,Electronics,R3,2,Retail,56002.32,45921.9,TechPro,Smartphone Z,East,10080.42,SC003,P0006
2023-05-02,Electronics,R4,4,Online,232308.9,185847.12,TechPro,Laptop X,West,46461.78,SC002,P0003
2023-05-02,Furniture,R3,3,Online,44186.66,34465.59,HomeEase,Study Table,East,9721.07,SC002,P0007
2023-05-03,Electronics,R2,4,Retail,242865.05,194292.04,TechPro,Laptop X,South,48573.01,SC003,P0003
2023-05-03,Electronics,R1,3,Online,181148.86,144919.09,TechPro,Laptop X,North,36229.77,SC002,P0003
2023-05-04,Electronics,R1,3,Distributor,13980.07,10485.06,SoundMax,Bluetooth Speaker,North,3495.02,SC001,P0001
2023-05-04,Electronics,R1,2,Online,10800.17,8100.12,SoundMax,Bluetooth Speaker,North,2700.04,SC002,P0001
2023-05-05,Electronics,R2,2,Online,127840.98,102272.78,TechPro,Laptop X,South,25568.2,SC002,P0003
2023-05-05,Accessories,R3,1,Online,2442.76,1465.65,CarryLite,Laptop Bag,East,977.1,SC002,P0002
2023-05-06,Furniture,R1,2,Online,13071.34,9803.51,HomeEase,Office Chair,North,3267.84,SC002,P0004
2023-05-06,Electronics,R2,5,Online,23473.12,17604.84,SoundMax,Bluetooth Speaker,South,5868.28,SC002,P0001
2023-05-06,Electronics,R3,3,Online,91038.76,74651.78,TechPro,Smartphone Z,East,16386.98,SC002,P0006
2023-05-06,Electronics,R1,2,Online,9977.8,7483.35,SoundMax,Bluetooth Speaker,North,2494.45,SC002,P0001
2023-05-06,Electronics,R3,1,Online,63510.26,50808.21,TechPro,Laptop X,East,12702.05,SC002,P0003
2023-05-07,Electronics,R1,5,Retail,302581.48,242065.18,TechPro,Laptop X,North,60516.3,SC003,P0003
2023-05-07,Electronics,R4,5,Retail,24792.33,18594.25,SoundMax,Bluetooth Speaker,West,6198.08,SC003,P0001
2023-05-07,Electronics,R4,1,Online,31084.54,25489.32,TechPro,Smartphone Z,West,5595.22,SC002,P0006
2023-05-07,Electronics,R4,3,Online,90232.24,73990.44,TechPro,Smartphone Z,West,16241.8,SC002,P0006
2023-05-08,Electronics,R2,3,Online,84658.02,69419.57,TechPro,Smartphone Z,South,15238.44,SC002,P0006
2023-05-08,Furniture,R3,3,Distributor,76159.19,54834.61,WoodCraft,Wardrobe,East,21324.57,SC001,P0008
2023-05-08,Accessories,R2,4,Online,6367.91,4139.14,ChargeFast,Power Bank,South,2228.77,SC002,P0005
2023-05-08,Electronics,R1,1,Retail,5140.2,3855.15,SoundMax,Bluetooth Speaker,North,1285.05,SC003,P0001
2023-05-08,Electronics,R2,5,Online,25052.16,18789.12,SoundMax,Bluetooth Speaker,South,6263.04,SC002,P0001
2023-05-09,Electronics,R1,5,Online,22652.75,16989.56,SoundMax,Bluetooth Speaker,North,5663.19,SC002,P0001
2023-05-09,Accessories,R1,4,Online,6365.32,4137.46,ChargeFast,Power Bank,North,2227.86,SC002,P0005
2023-05-09,Electronics,R4,3,Online,84611.72,69381.61,TechPro,Smartphone Z,West,15230.11,SC002,P0006
2023-05-10,Accessories,R1,4,Online,10668.29,6400.97,CarryLite,Laptop Bag,North,4267.32,SC002,P0002
2023-05-10,Furniture,R1,4,Distributor,28887.83,21665.87,HomeEase,Office Chair,North,7221.96,SC001,P0004
2023-05-10,Furniture,R3,1,Online,26115.75,18803.34,WoodCraft,Wardrobe,East,7312.41,SC002,P0008
2023-05-11,Electronics,R1,3,Online,92377.62,75749.65,TechPro,Smartphone Z,North,16627.97,SC002,P0006
2023-05-11,Furniture,R1,2,Online,27461.17,21419.71,HomeEase,Study Table,North,6041.46,SC002,P0007
2023-05-11,Furniture,R1,2,Online,27437.41,21401.18,HomeEase,Study Table,North,6036.23,SC002,P0007
2023-05-12,Furniture,R1,3,Online,67830.4,48837.89,WoodCraft,Wardrobe,North,18992.51,SC002,P0008
2023-05-12,Furniture,R1,5,Online,113341.73,81606.05,WoodCraft,Wardrobe,North,31735.68,SC002,P0008
2023-05-13,Electronics,R4,2,Online,122060.75,97648.6,TechPro,Laptop X,West,24412.15,SC002,P0003
2023-05-13,Furniture,R1,4,Retail,57638.33,44957.9,HomeEase,Study Table,North,12680.43,SC003,P0007
2023-05-13,Electronics,R2,2,Online,58817.35,48230.23,TechPro,Smartphone Z,South,10587.12,SC002,P0006
2023-05-13,Electronics,R1,3,Online,85887.85,70428.03,TechPro,Smartphone Z,North,15459.81,SC002,P0006
2023-05-14,Electronics,R1,2,Retail,9552.34,7164.25,SoundMax,Bluetooth Speaker,North,2388.08,SC003,P0001
2023-05-14,Furniture,R2,5,Online,136011.21,97928.07,WoodCraft,Wardrobe,South,38083.14,SC002,P0008
2023-05-15,Electronics,R4,1,Online,5342.71,4007.03,SoundMax,Bluetooth Speaker,West,1335.68,SC002,P0001
2023-05-15,Electronics,R4,1,Online,29263.88,23996.38,TechPro,Smartphone Z,West,5267.5,SC002,P0006
2023-05-15,Accessories,R1,2,Retail,5064.63,3038.78,CarryLite,Laptop Bag,North,2025.85,SC003,P0002
2023-05-15,Accessories,R3,5,Online,13032.62,7819.57,CarryLite,Laptop Bag,East,5213.05,SC002,P0002
2023-05-15,Furniture,R2,4,Online,29134.23,21850.67,HomeEase,Office Chair,South,7283.56,SC002,P0004
2023-05-16,Electronics,R3,1,Distributor,4860.05,3645.04,SoundMax,Bluetooth Speaker,East,1215.01,SC001,P0001
2023-05-16,Accessories,R4,2,Online,3080.65,2002.43,ChargeFast,Power Bank,West,1078.23,SC002,P0005
2023-05-16,Furniture,R1,2,Retail,14145.79,10609.35,HomeEase,Office Chair,North,3536.45,SC003,P0004
2023-05-17,Accessories,R2,1,Retail,1588.87,1032.77,ChargeFast,Power Bank,South,556.11,SC003,P0005
2023-05-17,Furniture,R2,4,Online,29336.15,22002.11,HomeEase,Office Chair,South,7334.04,SC002,P0004
2023-05-17,Electronics,R3,1,Online,64682.58,51746.06,TechPro,Laptop X,East,12936.52,SC002,P0003
2023-05-17,Electronics,R3,2,Retail,10087.61,7565.71,SoundMax,Bluetooth Speaker,East,2521.9,SC003,P0001
2023-05-17,Electronics,R1,2,Online,54231.93,44470.18,TechPro,Smartphone Z,North,9761.75,SC002,P0006
2023-05-18,Accessories,R2,1,Online,2703.03,1621.82,CarryLite,Laptop Bag,South,1081.21,SC002,P0002
2023-05-18,Electronics,R2,4,Distributor,235087.08,188069.67,TechPro,Laptop X,South,47017.42,SC001,P0003
2023-05-18,Furniture,R4,4,Retail,109520.28,78854.6,WoodCraft,Wardrobe,West,30665.68,SC003,P0008
2023-05-18,Electronics,R1,1,Online,55442.49,44353.99,TechPro,Laptop X,North,11088.5,SC002,P0003
2023-05-18,Electronics,R2,4,Retail,246809.28,197447.42,TechPro,Laptop X,South,49361.86,SC003,P0003
2023-05-19,Electronics,R3,4,Online,21388.24,16041.18,SoundMax,Bluetooth Speaker,East,5347.06,SC002,P0001
2023-05-19,Electronics,R4,5,Online,24490.03,18367.52,SoundMax,Bluetooth Speaker,West,6122.51,SC002,P0001
2023-05-19,Electronics,R3,2,Distributor,9968.15,7476.12,SoundMax,Bluetooth Speaker,East,2492.04,SC001,P0001
2023-05-19,Furniture,R3,1,Online,23695.79,17060.97,WoodCraft,Wardrobe,East,6634.82,SC002,P0008
2023-05-19,Furniture,R3,1,Online,14114.94,11009.66,HomeEase,Study Table,East,3105.29,SC002,P0007
2023-05-20,Electronics,R4,3,Retail,91409.37,74955.68,TechPro,Smartphone Z,West,16453.69,SC003,P0006
2023-05-20,Electronics,R2,4,Distributor,246855.31,197484.25,TechPro,Laptop X,South,49371.06,SC001,P0003
2023-05-20,Accessories,R4,4,Online,10077.63,6046.58,CarryLite,Laptop Bag,West,4031.05,SC002,P0002
2023-05-21,Furniture,R3,4,Distributor,61571.06,48025.43,HomeEase,Study Table,East,13545.63,SC001,P0007
2023-05-21,Electronics,R2,2,Online,56902.72,46660.23,TechPro,Smartphone Z,South,10242.49,SC002,P0006
2023-05-21,Furniture,R4,2,Online,14131.21,10598.41,HomeEase,Office Chair,West,3532.8,SC002,P0004
2023-05-21,Electronics,R1,5,Online,24906.67,18680.0,SoundMax,Bluetooth Speaker,North,6226.67,SC002,P0001
2023-05-22,Electronics,R1,2,Distributor,128490.84,102792.67,TechPro,Laptop X,North,25698.17,SC001,P0003
2023-05-22,Electronics,R1,4,Online,131875.66,108138.04,TechPro,Smartphone Z,North,23737.62,SC002,P0006
2023-05-23,Accessories,R2,1,Online,1625.82,1056.78,ChargeFast,Power Bank,South,569.04,SC002,P0005
2023-05-23,Electronics,R3,4,Distributor,127905.4,104882.43,TechPro,Smartphone Z,East,23022.97,SC001,P0006
2023-05-23,Furniture,R4,5,Distributor,38170.28,28627.71,HomeEase,Office Chair,West,9542.57,SC001,P0004
2023-05-23,Accessories,R1,4,Online,5696.81,3702.93,ChargeFast,Power Bank,North,1993.88,SC002,P0005
2023-05-23,Furniture,R4,2,Distributor,52716.27,37955.71,WoodCraft,Wardrobe,West,14760.56,SC001,P0008
2023-05-24,Furniture,R1,4,Online,26480.59,19860.44,HomeEase,Office Chair,North,6620.15,SC002,P0004
2023-05-24,Furniture,R2,3,Retail,42784.39,33371.82,HomeEase,Study Table,South,9412.57,SC003,P0007
2023-05-24,Electronics,R2,2,Retail,129633.19,103706.56,TechPro,Laptop X,South,25926.64,SC003,P0003
2023-05-25,Electronics,R4,1,Online,5261.01,3945.76,SoundMax,Bluetooth Speaker,West,1315.25,SC002,P0001
2023-05-25,Electronics,R1,3,Online,171919.73,137535.78,TechPro,Laptop X,North,34383.95,SC002,P0003
2023-05-25,Furniture,R2,3,Online,20645.54,15484.15,HomeEase,Office Chair,South,5161.38,SC002,P0004
2023-05-26,Electronics,R4,2,Distributor,64077.79,52543.79,TechPro,Smartphone Z,West,11534.0,SC001,P0006
2023-05-26,Furniture,R1,2,Online,14502.74,10877.05,HomeEase,Office Chair,North,3625.68,SC002,P0004
2023-05-27,Accessories,R3,5,Online,12541.75,7525.05,CarryLite,Laptop Bag,East,5016.7,SC002,P0002
2023-05-27,Furniture,R1,2,Online,53925.58,38826.42,WoodCraft,Wardrobe,North,15099.16,SC002,P0008
2023-05-28,Furniture,R2,4,Online,94089.22,67744.24,WoodCraft,Wardrobe,South,26344.98,SC002,P0008
2023-05-28,Electronics,R2,1,Online,4864.35,3648.27,SoundMax,Bluetooth Speaker,South,1216.09,SC002,P0001
2023-05-29,Accessories,R2,3,Online,8003.74,4802.24,CarryLite,Laptop Bag,South,3201.5,SC002,P0002
2023-05-29,Electronics,R4,4,Online,111638.28,91543.39,TechPro,Smartphone Z,West,20094.89,SC002,P0006
2023-05-29,Accessories,R1,5,Online,11343.93,6806.36,CarryLite,Laptop Bag,North,4537.57,SC002,P0002
2023-05-30,Furniture,R1,5,Online,36561.9,27421.42,HomeEase,Office Chair,North,9140.47,SC002,P0004
2023-05-30,Electronics,R2,3,Online,16148.2,12111.15,SoundMax,Bluetooth Speaker,South,4037.05,SC002,P0001
2023-05-30,Electronics,R3,1,Online,32090.55,26314.25,TechPro,Smartphone Z,East,5776.3,SC002,P0006
2023-05-31,Furniture,R2,3,Retail,42942.95,33495.5,HomeEase,Study Table,South,9447.45,SC003,P0007
2023-05-31,Electronics,R4,5,Online,25212.36,18909.27,SoundMax,Bluetooth Speaker,West,6303.09,SC002,P0001
2023-05-31,Electronics,R2,3,Retail,14307.06,10730.29,SoundMax,Bluetooth Speaker,South,3576.76,SC003,P0001
2023-05-31,Furniture,R4,1,Online,6806.39,5104.8,HomeEase,Office Chair,West,1701.6,SC002,P0004
2023-06-01,Electronics,R1,1,Online,60166.25,48133.0,TechPro,Laptop X,North,12033.25,SC002,P0003
2023-06-01,Furniture,R4,3,Retail,22274.78,16706.08,HomeEase,Office Chair,West,5568.69,SC003,P0004
2023-06-01,Electronics,R3,1,Retail,27185.15,22291.82,TechPro,Smartphone Z,East,4893.33,SC003,P0006
2023-06-01,Electronics,R2,4,Online,223551.66,178841.33,TechPro,Laptop X,South,44710.33,SC002,P0003
2023-06-01,Electronics,R3,1,Online,57743.81,46195.05,TechPro,Laptop X,East,11548.76,SC002,P0003
2023-06-02,Electronics,R1,3,Retail,81205.52,66588.53,TechPro,Smartphone Z,North,14616.99,SC003,P0006
2023-06-02,Furniture,R4,3,Online,45009.79,35107.64,HomeEase,Study Table,West,9902.15,SC002,P0007
2023-06-02,Furniture,R4,1,Online,6732.37,5049.28,HomeEase,Office Chair,West,1683.09,SC002,P0004
2023-06-03,Accessories,R4,3,Retail,7344.83,4406.9,CarryLite,Laptop Bag,West,2937.93,SC003,P0002
2023-06-03,Electronics,R4,4,Retail,114961.09,94268.1,TechPro,Smartphone Z,West,20693.0,SC003,P0006
2023-06-03,Accessories,R2,3,Online,8026.02,4815.61,CarryLite,Laptop Bag,South,3210.41,SC002,P0002
2023-06-03,Accessories,R1,4,Retail,9373.83,5624.3,CarryLite,Laptop Bag,North,3749.53,SC003,P0002
2023-06-03,Electronics,R2,1,Online,65219.93,52175.95,TechPro,Laptop X,South,13043.99,SC002,P0003
2023-06-04,Furniture,R3,1,Online,14357.27,11198.67,HomeEase,Study Table,East,3158.6,SC002,P0007
2023-06-04,Electronics,R3,4,Online,21928.2,16446.15,SoundMax,Bluetooth Speaker,East,5482.05,SC002,P0001
2023-06-05,Furniture,R1,5,Retail,115034.32,82824.71,WoodCraft,Wardrobe,North,32209.61,SC003,P0008
2023-06-05,Electronics,R4,2,Distributor,59401.4,48709.15,TechPro,Smartphone Z,West,10692.25,SC001,P0006
2023-06-05,Accessories,R4,1,Online,1571.37,1021.39,ChargeFast,Power Bank,West,549.98,SC002,P0005
2023-06-05,Furniture,R1,3,Online,21443.03,16082.27,HomeEase,Office Chair,North,5360.76,SC002,P0004
2023-06-05,Furniture,R2,2,Online,51897.79,37366.41,WoodCraft,Wardrobe,South,14531.38,SC002,P0008
2023-06-06,Furniture,R1,4,Distributor,95945.82,69080.99,WoodCraft,Wardrobe,North,26864.83,SC001,P0008
2023-06-06,Electronics,R3,5,Online,22575.55,16931.67,SoundMax,Bluetooth Speaker,East,5643.89,SC002,P0001
2023-06-06,Accessories,R2,1,Online,2512.88,1507.73,CarryLite,Laptop Bag,South,1005.15,SC002,P0002
2023-06-07,Furniture,R1,1,Online,6516.76,4887.57,HomeEase,Office Chair,North,1629.19,SC002,P0004
2023-06-07,Accessories,R4,4,Online,6241.37,4056.89,ChargeFast,Power Bank,West,2184.48,SC002,P0005
2023-06-07,Furniture,R1,1,Online,7058.79,5294.09,HomeEase,Office Chair,North,1764.7,SC002,P0004
2023-06-07,Accessories,R2,2,Retail,3143.64,2043.37,ChargeFast,Power Bank,South,1100.28,SC003,P0005
2023-06-08,Accessories,R2,2,Retail,4592.63,2755.58,CarryLite,Laptop Bag,South,1837.05,SC003,P0002
2023-06-08,Furniture,R4,4,Retail,98688.07,71055.41,WoodCraft,Wardrobe,West,27632.66,SC003,P0008
2023-06-08,Furniture,R4,3,Online,46239.19,36066.57,HomeEase,Study Table,West,10172.62,SC002,P0007
2023-06-09,Furniture,R1,4,Online,25276.98,18957.73,HomeEase,Office Chair,North,6319.24,SC002,P0004
2023-06-09,Electronics,R1,2,Online,109500.63,87600.5,TechPro,Laptop X,North,21900.13,SC002,P0003
2023-06-09,Electronics,R1,2,Online,9744.4,7308.3,SoundMax,Bluetooth Speaker,North,2436.1,SC002,P0001
2023-06-10,Accessories,R2,5,Online,7930.15,5154.6,ChargeFast,Power Bank,South,2775.55,SC002,P0005
2023-06-10,Electronics,R3,3,Retail,94873.37,77796.16,TechPro,Smartphone Z,East,17077.21,SC003,P0006
2023-06-10,Electronics,R2,1,Online,64382.32,51505.86,TechPro,Laptop X,South,12876.46,SC002,P0003
2023-06-10,Accessories,R3,5,Retail,12278.35,7367.01,CarryLite,Laptop Bag,East,4911.34,SC003,P0002
2023-06-11,Electronics,R2,4,Online,111465.3,91401.55,TechPro,Smartphone Z,South,20063.75,SC002,P0006
2023-06-11,Furniture,R4,3,Online,45889.61,35793.89,HomeEase,Study Table,West,10095.71,SC002,P0007
2023-06-11,Electronics,R2,4,Online,113040.7,92693.38,TechPro,Smartphone Z,South,20347.33,SC002,P0006
2023-06-12,Furniture,R1,5,Online,69906.94,54527.41,HomeEase,Study Table,North,15379.53,SC002,P0007
2023-06-12,Electronics,R4,3,Retail,95654.26,78436.5,TechPro,Smartphone Z,West,17217.77,SC003,P0006
2023-06-13,Electronics,R1,3,Distributor,180540.2,144432.16,TechPro,Laptop X,North,36108.04,SC001,P0003
2023-06-13,Furniture,R3,1,Online,7459.36,5594.52,HomeEase,Office Chair,East,1864.84,SC002,P0004
2023-06-13,Electronics,R4,2,Online,9747.04,7310.28,SoundMax,Bluetooth Speaker,West,2436.76,SC002,P0001
2023-06-13,Electronics,R2,3,Distributor,191839.37,153471.49,TechPro,Laptop X,South,38367.87,SC001,P0003
2023-06-13,Electronics,R4,1,Retail,58137.38,46509.9,TechPro,Laptop X,West,11627.48,SC003,P0003
2023-06-14,Furniture,R1,5,Online,34377.66,25783.24,HomeEase,Office Chair,North,8594.41,SC002,P0004
2023-06-14,Furniture,R2,5,Online,130468.49,93937.31,WoodCraft,Wardrobe,South,36531.18,SC002,P0008
2023-06-14,Furniture,R2,1,Online,14742.6,11499.23,HomeEase,Study Table,South,3243.37,SC002,P0007
2023-06-14,Furniture,R1,4,Online,101642.88,73182.87,WoodCraft,Wardrobe,North,28460.01,SC002,P0008
2023-06-14,Electronics,R3,3,Online,87042.13,71374.55,TechPro,Smartphone Z,East,15667.58,SC002,P0006
2023-06-15,Accessories,R4,1,Online,1478.68,961.14,ChargeFast,Power Bank,West,517.54,SC002,P0005
2023-06-15,Furniture,R2,5,Retail,75001.69,58501.32,HomeEase,Study Table,South,16500.37,SC003,P0007
2023-06-15,Electronics,R2,5,Online,155898.82,127837.03,TechPro,Smartphone Z,South,28061.79,SC002,P0006
2023-06-16,Electronics,R2,1,Distributor,56475.03,45180.02,TechPro,Laptop X,South,11295.01,SC001,P0003
2023-06-16,Electronics,R3,5,Retail,316589.36,253271.49,TechPro,Laptop X,East,63317.87,SC003,P0003
2023-06-17,Furniture,R3,5,Online,35898.99,26924.24,HomeEase,Office Chair,East,8974.75,SC002,P0004
2023-06-17,Furniture,R3,1,Retail,6951.08,5213.31,HomeEase,Office Chair,East,1737.77,SC003,P0004
2023-06-17,Accessories,R2,1,Online,2515.79,1509.47,CarryLite,Laptop Bag,South,1006.32,SC002,P0002
2023-06-18,Electronics,R2,3,Online,82362.6,67537.33,TechPro,Smartphone Z,South,14825.27,SC002,P0006
2023-06-18,Electronics,R4,4,Online,112361.36,92136.31,TechPro,Smartphone Z,West,20225.04,SC002,P0006
2023-06-19,Accessories,R2,2,Distributor,2925.28,1901.43,ChargeFast,Power Bank,South,1023.85,SC001,P0005
2023-06-19,Accessories,R1,2,Distributor,4821.16,2892.7,CarryLite,Laptop Bag,North,1928.46,SC001,P0002
2023-06-19,Electronics,R3,4,Online,119141.72,97696.21,TechPro,Smartphone Z,East,21445.51,SC002,P0006
2023-06-19,Furniture,R2,3,Distributor,47982.31,37426.2,HomeEase,Study Table,South,10556.11,SC001,P0007
2023-06-19,Accessories,R1,5,Retail,11509.2,6905.52,CarryLite,Laptop Bag,North,4603.68,SC003,P0002
2023-06-20,Electronics,R2,5,Retail,291012.18,232809.74,TechPro,Laptop X,South,58202.44,SC003,P0003
2023-06-20,Furniture,R1,4,Online,29356.62,22017.46,HomeEase,Office Chair,North,7339.15,SC002,P0004
2023-06-20,Electronics,R2,2,Online,129797.48,103837.99,TechPro,Laptop X,South,25959.5,SC002,P0003
2023-06-20,Furniture,R2,2,Retail,50788.07,36567.41,WoodCraft,Wardrobe,South,14220.66,SC003,P0008
2023-06-20,Furniture,R2,3,Online,42938.48,33492.02,HomeEase,Study Table,South,9446.47,SC002,P0007
2023-06-21,Furniture,R1,4,Online,29256.33,21942.25,HomeEase,Office Chair,North,7314.08,SC002,P0004
2023-06-21,Furniture,R2,3,Online,22351.69,16763.77,HomeEase,Office Chair,South,5587.92,SC002,P0004
2023-06-21,Furniture,R2,3,Retail,22844.09,17133.07,HomeEase,Office Chair,South,5711.02,SC003,P0004
2023-06-21,Furniture,R2,5,Retail,36362.49,27271.87,HomeEase,Office Chair,South,9090.62,SC003,P0004
2023-06-21,Electronics,R2,4,Retail,19846.09,14884.57,SoundMax,Bluetooth Speaker,South,4961.52,SC003,P0001
2023-06-22,Electronics,R3,4,Online,113213.54,92835.1,TechPro,Smartphone Z,East,20378.44,SC002,P0006
2023-06-22,Electronics,R1,3,Retail,95837.88,78587.06,TechPro,Smartphone Z,North,17250.82,SC003,P0006
2023-06-22,Furniture,R3,3,Online,45127.81,35199.69,HomeEase,Study Table,East,9928.12,SC002,P0007
2023-06-22,Furniture,R4,2,Retail,52480.05,37785.63,WoodCraft,Wardrobe,West,14694.41,SC003,P0008
2023-06-23,Furniture,R1,3,Distributor,48902.14,38143.67,HomeEase,Study Table,North,10758.47,SC001,P0007
2023-06-23,Accessories,R4,3,Distributor,7606.74,4564.05,CarryLite,Laptop Bag,West,3042.7,SC001,P0002
2023-06-24,Electronics,R4,5,Retail,317024.3,253619.44,TechPro,Laptop X,West,63404.86,SC003,P0003
2023-06-24,Furniture,R1,2,Online,52061.59,37484.34,WoodCraft,Wardrobe,North,14577.24,SC002,P0008
2023-06-24,Electronics,R4,3,Online,16315.24,12236.43,SoundMax,Bluetooth Speaker,West,4078.81,SC002,P0001
2023-06-24,Electronics,R2,5,Online,308299.33,246639.47,TechPro,Laptop X,South,61659.87,SC002,P0003
2023-06-24,Furniture,R3,4,Online,60833.81,47450.37,HomeEase,Study Table,East,13383.44,SC002,P0007
2023-06-25,Accessories,R2,3,Online,4472.36,2907.03,ChargeFast,Power Bank,South,1565.32,SC002,P0005
2023-06-25,Electronics,R3,4,Retail,130558.36,107057.86,TechPro,Smartphone Z,East,23500.51,SC003,P0006
2023-06-25,Furniture,R4,2,Online,46100.63,33192.46,WoodCraft,Wardrobe,West,12908.18,SC002,P0008
2023-06-25,Accessories,R2,1,Retail,1544.59,1003.98,ChargeFast,Power Bank,South,540.61,SC003,P0005
2023-06-26,Furniture,R3,4,Online,25437.12,19077.84,HomeEase,Office Chair,East,6359.28,SC002,P0004
2023-06-26,Furniture,R4,4,Online,29038.21,21778.66,HomeEase,Office Chair,West,7259.55,SC002,P0004
2023-06-26,Electronics,R3,4,Retail,21843.68,16382.76,SoundMax,Bluetooth Speaker,East,5460.92,SC003,P0001
2023-06-27,Furniture,R2,5,Online,80006.88,62405.37,HomeEase,Study Table,South,17601.51,SC002,P0007
2023-06-27,Furniture,R2,3,Online,40967.9,31954.97,HomeEase,Study Table,South,9012.94,SC002,P0007
2023-06-27,Electronics,R1,4,Online,113910.86,93406.91,TechPro,Smartphone Z,North,20503.96,SC002,P0006
2023-06-27,Furniture,R1,3,Retail,78561.39,56564.2,WoodCraft,Wardrobe,North,21997.19,SC003,P0008
2023-06-28,Accessories,R4,2,Online,5191.21,3114.73,CarryLite,Laptop Bag,West,2076.48,SC002,P0002
2023-06-28,Furniture,R2,4,Retail,27146.04,20359.53,HomeEase,Office Chair,South,6786.51,SC003,P0004
2023-06-28,Electronics,R3,5,Retail,275106.21,220084.97,TechPro,Laptop X,East,55021.24,SC003,P0003
2023-06-28,Electronics,R2,3,Online,89443.93,73344.02,TechPro,Smartphone Z,South,16099.91,SC002,P0006
2023-06-28,Electronics,R1,4,Online,131353.84,107710.15,TechPro,Smartphone Z,North,23643.69,SC002,P0006
2023-06-29,Electronics,R4,5,Online,23662.53,17746.9,SoundMax,Bluetooth Speaker,West,5915.63,SC002,P0001
2023-06-29,Electronics,R2,5,Online,22812.82,17109.62,SoundMax,Bluetooth Speaker,South,5703.21,SC002,P0001
2023-06-29,Electronics,R4,2,Retail,63951.77,52440.45,TechPro,Smartphone Z,West,11511.32,SC003,P0006
2023-06-30,Furniture,R1,3,Online,40528.27,31612.05,HomeEase,Study Table,North,8916.22,SC002,P0007
2023-06-30,Electronics,R1,2,Online,10644.76,7983.57,SoundMax,Bluetooth Speaker,North,2661.19,SC002,P0001
2023-06-30,Electronics,R2,2,Retail,62006.55,50845.37,TechPro,Smartphone Z,South,11161.18,SC003,P0006
2023-06-30,Furniture,R1,5,Online,137236.28,98810.12,WoodCraft,Wardrobe,North,38426.16,SC002,P0008
2023-07-01,Accessories,R1,1,Online,1497.77,973.55,ChargeFast,Power Bank,North,524.22,SC002,P0005
2023-07-01,Electronics,R3,2,Online,9246.47,6934.85,SoundMax,Bluetooth Speaker,East,2311.62,SC002,P0001
2023-07-02,Electronics,R2,5,Distributor,327086.69,261669.35,TechPro,Laptop X,South,65417.34,SC001,P0003
2023-07-02,Electronics,R3,4,Online,21880.94,16410.71,SoundMax,Bluetooth Speaker,East,5470.24,SC002,P0001
2023-07-02,Accessories,R3,4,Online,9330.6,5598.36,CarryLite,Laptop Bag,East,3732.24,SC002,P0002
2023-07-02,Accessories,R1,5,Retail,12691.54,7614.92,CarryLite,Laptop Bag,North,5076.61,SC003,P0002
2023-07-03,Furniture,R4,2,Online,13628.69,10221.52,HomeEase,Office Chair,West,3407.17,SC002,P0004
2023-07-03,Electronics,R3,5,Online,280507.39,224405.91,TechPro,Laptop X,East,56101.48,SC002,P0003
2023-07-03,Furniture,R2,4,Online,26598.15,19948.61,HomeEase,Office Chair,South,6649.54,SC002,P0004
2023-07-03,Electronics,R3,1,Online,61527.95,49222.36,TechPro,Laptop X,East,12305.59,SC002,P0003
2023-07-04,Electronics,R2,2,Online,113690.03,90952.03,TechPro,Laptop X,South,22738.01,SC002,P0003
2023-07-04,Accessories,R2,2,Online,5285.81,3171.49,CarryLite,Laptop Bag,South,2114.33,SC002,P0002
2023-07-05,Electronics,R4,2,Retail,126250.18,101000.15,TechPro,Laptop X,West,25250.04,SC003,P0003
2023-07-05,Furniture,R4,5,Retail,78121.83,60935.03,HomeEase,Study Table,West,17186.8,SC003,P0007
2023-07-06,Electronics,R4,1,Online,60126.97,48101.58,TechPro,Laptop X,West,12025.39,SC002,P0003
2023-07-06,Furniture,R2,5,Retail,31851.7,23888.78,HomeEase,Office Chair,South,7962.93,SC003,P0004
2023-07-06,Electronics,R4,1,Distributor,63552.09,50841.67,TechPro,Laptop X,West,12710.42,SC001,P0003
2023-07-07,Electronics,R2,5,Online,276695.58,221356.46,TechPro,Laptop X,South,55339.12,SC002,P0003
2023-07-07,Furniture,R1,2,Online,48920.94,35223.07,WoodCraft,Wardrobe,North,13697.86,SC002,P0008
2023-07-07,Furniture,R3,2,Online,51773.93,37277.23,WoodCraft,Wardrobe,East,14496.7,SC002,P0008
2023-07-07,Furniture,R4,5,Online,131235.65,94489.67,WoodCraft,Wardrobe,West,36745.98,SC002,P0008
2023-07-08,Furniture,R2,1,Online,6765.09,5073.82,HomeEase,Office Chair,South,1691.27,SC002,P0004
2023-07-08,Electronics,R3,3,Online,14076.93,10557.7,SoundMax,Bluetooth Speaker,East,3519.23,SC002,P0001
2023-07-08,Electronics,R4,4,Retail,116409.92,95456.13,TechPro,Smartphone Z,West,20953.79,SC003,P0006
2023-07-08,Accessories,R4,1,Online,1561.87,1015.22,ChargeFast,Power Bank,West,546.66,SC002,P0005
2023-07-09,Electronics,R2,3,Online,16048.6,12036.45,SoundMax,Bluetooth Speaker,South,4012.15,SC002,P0001
2023-07-09,Electronics,R4,2,Online,130287.13,104229.71,TechPro,Laptop X,West,26057.43,SC002,P0003
2023-07-09,Electronics,R1,5,Retail,296802.87,237442.3,TechPro,Laptop X,North,59360.57,SC003,P0003
2023-07-09,Furniture,R1,1,Online,15753.53,12287.75,HomeEase,Study Table,North,3465.78,SC002,P0007
2023-07-10,Electronics,R4,2,Retail,10883.07,8162.3,SoundMax,Bluetooth Speaker,West,2720.77,SC003,P0001
2023-07-10,Furniture,R1,2,Retail,52171.21,37563.27,WoodCraft,Wardrobe,North,14607.94,SC003,P0008
2023-07-10,Accessories,R4,1,Distributor,1482.02,963.31,ChargeFast,Power Bank,West,518.71,SC001,P0005
2023-07-10,Furniture,R2,1,Online,26612.47,19160.98,WoodCraft,Wardrobe,South,7451.49,SC002,P0008
2023-07-10,Electronics,R2,2,Online,115198.61,92158.89,TechPro,Laptop X,South,23039.72,SC002,P0003
2023-07-11,Furniture,R1,5,Online,33985.92,25489.44,HomeEase,Office Chair,North,8496.48,SC002,P0004
2023-07-11,Electronics,R1,5,Online,26604.91,19953.68,SoundMax,Bluetooth Speaker,North,6651.23,SC002,P0001
2023-07-11,Furniture,R3,2,Online,48267.95,34752.92,WoodCraft,Wardrobe,East,13515.03,SC002,P0008
2023-07-11,Electronics,R2,2,Retail,10153.71,7615.29,SoundMax,Bluetooth Speaker,South,2538.43,SC003,P0001
2023-07-11,Electronics,R4,1,Online,5395.7,4046.77,SoundMax,Bluetooth Speaker,West,1348.92,SC002,P0001
2023-07-12,Furniture,R3,4,Online,107462.18,77372.77,WoodCraft,Wardrobe,East,30089.41,SC002,P0008
2023-07-12,Furniture,R2,4,Online,109671.34,78963.37,WoodCraft,Wardrobe,South,30707.98,SC002,P0008
2023-07-12,Electronics,R4,2,Online,9100.7,6825.52,SoundMax,Bluetooth Speaker,West,2275.17,SC002,P0001
2023-07-13,Electronics,R2,1,Online,57034.3,45627.44,TechPro,Laptop X,South,11406.86,SC002,P0003
2023-07-13,Furniture,R4,3,Retail,43657.37,34052.75,HomeEase,Study Table,West,9604.62,SC003,P0007
2023-07-13,Electronics,R1,5,Online,22923.44,17192.58,SoundMax,Bluetooth Speaker,North,5730.86,SC002,P0001
2023-07-13,Electronics,R4,5,Online,152294.17,124881.22,TechPro,Smartphone Z,West,27412.95,SC002,P0006
2023-07-13,Furniture,R2,3,Online,18970.38,14227.78,HomeEase,Office Chair,South,4742.59,SC002,P0004
2023-07-14,Accessories,R2,5,Online,12029.51,7217.7,CarryLite,Laptop Bag,South,4811.8,SC002,P0002
2023-07-14,Electronics,R3,1,Distributor,5428.1,4071.08,SoundMax,Bluetooth Speaker,East,1357.03,SC001,P0001
2023-07-15,Electronics,R2,4,Retail,20773.34,15580.01,SoundMax,Bluetooth Speaker,South,5193.34,SC003,P0001
2023-07-15,Furniture,R2,5,Retail,123454.42,88887.18,WoodCraft,Wardrobe,South,34567.24,SC003,P0008
2023-07-15,Accessories,R1,5,Online,7547.49,4905.87,ChargeFast,Power Bank,North,2641.62,SC002,P0005
2023-07-16,Furniture,R2,3,Online,67937.33,48914.88,WoodCraft,Wardrobe,South,19022.45,SC002,P0008
2023-07-16,Accessories,R2,5,Online,7815.17,5079.86,ChargeFast,Power Bank,South,2735.31,SC002,P0005
2023-07-16,Electronics,R3,5,Distributor,26682.49,20011.87,SoundMax,Bluetooth Speaker,East,6670.62,SC001,P0001
2023-07-16,Electronics,R2,3,Online,13774.12,10330.59,SoundMax,Bluetooth Speaker,South,3443.53,SC002,P0001
2023-07-16,Electronics,R3,4,Online,118653.69,97296.03,TechPro,Smartphone Z,East,21357.66,SC002,P0006
2023-07-17,Electronics,R1,5,Distributor,295878.1,236702.48,TechPro,Laptop X,North,59175.62,SC001,P0003
2023-07-17,Electronics,R2,2,Online,10028.19,7521.14,SoundMax,Bluetooth Speaker,South,2507.05,SC002,P0001
2023-07-17,Electronics,R2,3,Online,95912.79,78648.48,TechPro,Smartphone Z,South,17264.3,SC002,P0006
2023-07-18,Accessories,R2,3,Online,4361.23,2834.8,ChargeFast,Power Bank,South,1526.43,SC002,P0005
2023-07-18,Furniture,R2,3,Online,44589.63,34779.91,HomeEase,Study Table,South,9809.72,SC002,P0007
2023-07-18,Furniture,R3,1,Retail,6903.38,5177.53,HomeEase,Office Chair,East,1725.84,SC003,P0004
2023-07-18,Electronics,R1,5,Online,288432.99,230746.39,TechPro,Laptop X,North,57686.6,SC002,P0003
2023-07-19,Accessories,R1,1,Online,2648.61,1589.16,CarryLite,Laptop Bag,North,1059.44,SC002,P0002
2023-07-19,Furniture,R2,1,Online,13657.17,10652.6,HomeEase,Study Table,South,3004.58,SC002,P0007
2023-07-19,Electronics,R1,5,Online,160048.42,131239.7,TechPro,Smartphone Z,North,28808.71,SC002,P0006
2023-07-19,Accessories,R2,2,Online,5426.46,3255.88,CarryLite,Laptop Bag,South,2170.59,SC002,P0002
2023-07-19,Electronics,R1,3,Online,88072.11,72219.13,TechPro,Smartphone Z,North,15852.98,SC002,P0006
2023-07-20,Furniture,R4,2,Online,30530.11,23813.49,HomeEase,Study Table,West,6716.62,SC002,P0007
2023-07-20,Electronics,R1,3,Online,15628.32,11721.24,SoundMax,Bluetooth Speaker,North,3907.08,SC002,P0001
2023-07-21,Furniture,R2,4,Online,98522.42,70936.15,WoodCraft,Wardrobe,South,27586.28,SC002,P0008
2023-07-21,Accessories,R1,4,Online,10634.61,6380.77,CarryLite,Laptop Bag,North,4253.84,SC002,P0002
2023-07-21,Accessories,R1,4,Online,5744.79,3734.11,ChargeFast,Power Bank,North,2010.68,SC002,P0005
2023-07-21,Electronics,R4,4,Online,126218.09,103498.83,TechPro,Smartphone Z,West,22719.26,SC002,P0006
2023-07-22,Electronics,R2,2,Online,9417.18,7062.88,SoundMax,Bluetooth Speaker,South,2354.29,SC002,P0001
2023-07-22,Electronics,R1,4,Online,19630.86,14723.15,SoundMax,Bluetooth Speaker,North,4907.72,SC002,P0001
2023-07-23,Furniture,R4,3,Online,21828.09,16371.07,HomeEase,Office Chair,West,5457.02,SC002,P0004
2023-07-23,Electronics,R4,4,Online,129496.56,106187.18,TechPro,Smartphone Z,West,23309.38,SC002,P0006
2023-07-23,Electronics,R1,4,Online,20689.54,15517.15,SoundMax,Bluetooth Speaker,North,5172.38,SC002,P0001
2023-07-23,Accessories,R2,5,Online,11640.79,6984.48,CarryLite,Laptop Bag,South,4656.32,SC002,P0002
2023-07-23,Furniture,R1,4,Online,25654.89,19241.16,HomeEase,Office Chair,North,6413.72,SC002,P0004
2023-07-24,Electronics,R4,3,Distributor,15233.42,11425.07,SoundMax,Bluetooth Speaker,West,3808.36,SC001,P0001
2023-07-24,Accessories,R4,3,Retail,7366.79,4420.07,CarryLite,Laptop Bag,West,2946.71,SC003,P0002
2023-07-24,Electronics,R2,5,Online,295777.37,236621.9,TechPro,Laptop X,South,59155.47,SC002,P0003
2023-07-25,Accessories,R1,2,Online,4753.58,2852.15,CarryLite,Laptop Bag,North,1901.43,SC002,P0002
2023-07-25,Electronics,R4,4,Online,21123.68,15842.76,SoundMax,Bluetooth Speaker,West,5280.92,SC002,P0001
2023-07-25,Furniture,R4,2,Online,28726.99,22407.05,HomeEase,Study Table,West,6319.94,SC002,P0007
2023-07-25,Electronics,R4,2,Online,10779.15,8084.36,SoundMax,Bluetooth Speaker,West,2694.79,SC002,P0001
2023-07-25,Accessories,R3,4,Online,9551.85,5731.11,CarryLite,Laptop Bag,East,3820.74,SC002,P0002
2023-07-26,Electronics,R3,5,Online,154834.22,126964.06,TechPro,Smartphone Z,East,27870.16,SC002,P0006
2023-07-26,Furniture,R1,1,Online,26747.23,19258.01,WoodCraft,Wardrobe,North,7489.22,SC002,P0008
2023-07-27,Electronics,R1,4,Online,115967.32,95093.2,TechPro,Smartphone Z,North,20874.12,SC002,P0006
2023-07-27,Electronics,R3,4,Retail,239170.25,191336.2,TechPro,Laptop X,East,47834.05,SC003,P0003
2023-07-27,Furniture,R2,3,Online,77001.18,55440.85,WoodCraft,Wardrobe,South,21560.33,SC002,P0008
2023-07-27,Accessories,R1,4,Retail,5599.08,3639.4,ChargeFast,Power Bank,North,1959.68,SC003,P0005
2023-07-28,Furniture,R2,2,Retail,32503.61,25352.81,HomeEase,Study Table,South,7150.79,SC003,P0007
2023-07-28,Electronics,R3,5,Online,162007.92,132846.5,TechPro,Smartphone Z,East,29161.43,SC002,P0006
2023-07-28,Furniture,R4,3,Online,19965.27,14973.95,HomeEase,Office Chair,West,4991.32,SC002,P0004
2023-07-28,Furniture,R4,3,Online,76401.92,55009.38,WoodCraft,Wardrobe,West,21392.54,SC002,P0008
2023-07-29,Electronics,R3,4,Online,260364.21,208291.36,TechPro,Laptop X,East,52072.84,SC002,P0003
2023-07-29,Electronics,R2,3,Retail,86378.09,70830.04,TechPro,Smartphone Z,South,15548.06,SC003,P0006
2023-07-29,Accessories,R3,3,Online,6972.33,4183.4,CarryLite,Laptop Bag,East,2788.93,SC002,P0002
2023-07-29,Electronics,R4,1,Online,60637.34,48509.87,TechPro,Laptop X,West,12127.47,SC002,P0003
2023-07-30,Furniture,R3,3,Distributor,42662.69,33276.9,HomeEase,Study Table,East,9385.79,SC001,P0007
2023-07-30,Electronics,R1,3,Retail,15095.62,11321.71,SoundMax,Bluetooth Speaker,North,3773.9,SC003,P0001
2023-07-30,Accessories,R4,2,Online,4976.46,2985.88,CarryLite,Laptop Bag,West,1990.58,SC002,P0002
2023-07-30,Electronics,R3,5,Retail,155839.61,127788.48,TechPro,Smartphone Z,East,28051.13,SC003,P0006
2023-07-31,Furniture,R3,4,Online,104012.23,74888.81,WoodCraft,Wardrobe,East,29123.42,SC002,P0008
2023-07-31,Furniture,R2,5,Retail,132008.7,95046.26,WoodCraft,Wardrobe,South,36962.44,SC003,P0008
2023-08-01,Electronics,R2,5,Online,160498.78,131609.0,TechPro,Smartphone Z,South,28889.78,SC002,P0006
2023-08-01,Electronics,R2,3,Online,86001.21,70520.99,TechPro,Smartphone Z,South,15480.22,SC002,P0006
2023-08-02,Electronics,R4,3,Distributor,15413.32,11559.99,SoundMax,Bluetooth Speaker,West,3853.33,SC001,P0001
2023-08-02,Accessories,R2,4,Online,5769.33,3750.06,ChargeFast,Power Bank,South,2019.26,SC002,P0005
2023-08-03,Electronics,R4,3,Online,16223.21,12167.4,SoundMax,Bluetooth Speaker,West,4055.8,SC002,P0001
2023-08-03,Accessories,R3,3,Online,4897.42,3183.32,ChargeFast,Power Bank,East,1714.1,SC002,P0005
2023-08-03,Furniture,R2,1,Online,7466.49,5599.86,HomeEase,Office Chair,South,1866.62,SC002,P0004
2023-08-04,Electronics,R3,2,Distributor,58947.36,48336.83,TechPro,Smartphone Z,East,10610.52,SC001,P0006
2023-08-04,Accessories,R4,3,Online,8203.98,4922.39,CarryLite,Laptop Bag,West,3281.59,SC002,P0002
2023-08-04,Electronics,R2,3,Online,92845.84,76133.59,TechPro,Smartphone Z,South,16712.25,SC002,P0006
2023-08-05,Electronics,R2,1,Online,29488.95,24180.94,TechPro,Smartphone Z,South,5308.01,SC002,P0006
2023-08-05,Electronics,R3,2,Online,9122.89,6842.17,SoundMax,Bluetooth Speaker,East,2280.72,SC002,P0001
2023-08-06,Electronics,R3,1,Distributor,4680.52,3510.39,SoundMax,Bluetooth Speaker,East,1170.13,SC001,P0001
2023-08-06,Electronics,R1,1,Retail,55521.89,44417.51,TechPro,Laptop X,North,11104.38,SC003,P0003
2023-08-06,Electronics,R1,2,Online,56579.0,46394.78,TechPro,Smartphone Z,North,10184.22,SC002,P0006
2023-08-06,Electronics,R4,5,Online,142627.84,116954.83,TechPro,Smartphone Z,West,25673.01,SC002,P0006
2023-08-07,Furniture,R3,1,Online,24481.56,17626.73,WoodCraft,Wardrobe,East,6854.84,SC002,P0008
2023-08-07,Electronics,R1,4,Online,20457.6,15343.2,SoundMax,Bluetooth Speaker,North,5114.4,SC002,P0001
2023-08-07,Furniture,R4,4,Online,56409.25,43999.22,HomeEase,Study Table,West,12410.04,SC002,P0007
2023-08-07,Electronics,R3,2,Retail,57683.67,47300.61,TechPro,Smartphone Z,East,10383.06,SC003,P0006
2023-08-07,Electronics,R1,2,Retail,112251.68,89801.35,TechPro,Laptop X,North,22450.34,SC003,P0003
2023-08-08,Furniture,R2,5,Online,67657.4,52772.78,HomeEase,Study Table,South,14884.63,SC002,P0007
2023-08-08,Accessories,R4,3,Distributor,4357.66,2832.48,ChargeFast,Power Bank,West,1525.18,SC001,P0005
2023-08-08,Accessories,R4,5,Online,7409.78,4816.36,ChargeFast,Power Bank,West,2593.42,SC002,P0005
2023-08-09,Electronics,R1,2,Online,58598.58,48050.84,TechPro,Smartphone Z,North,10547.75,SC002,P0006
2023-08-09,Electronics,R4,3,Online,191748.27,153398.62,TechPro,Laptop X,West,38349.65,SC002,P0003
2023-08-09,Furniture,R2,2,Online,14912.61,11184.46,HomeEase,Office Chair,South,3728.15,SC002,P0004
2023-08-09,Furniture,R2,3,Online,22923.37,17192.53,HomeEase,Office Chair,South,5730.84,SC002,P0004
2023-08-09,Furniture,R3,5,Online,132990.24,95752.97,WoodCraft,Wardrobe,East,37237.27,SC002,P0008
2023-08-10,Furniture,R2,3,Retail,46498.7,36268.98,HomeEase,Study Table,South,10229.71,SC003,P0007
2023-08-10,Electronics,R1,2,Online,112855.05,90284.04,TechPro,Laptop X,North,22571.01,SC002,P0003
2023-08-11,Furniture,R4,3,Distributor,73241.76,52734.07,WoodCraft,Wardrobe,West,20507.69,SC001,P0008
2023-08-11,Accessories,R2,3,Online,4114.04,2674.13,ChargeFast,Power Bank,South,1439.91,SC002,P0005
2023-08-11,Furniture,R4,5,Online,32294.78,24221.09,HomeEase,Office Chair,West,8073.7,SC002,P0004
2023-08-11,Accessories,R1,1,Online,2572.79,1543.67,CarryLite,Laptop Bag,North,1029.11,SC002,P0002
2023-08-12,Electronics,R2,2,Online,56038.64,45951.69,TechPro,Smartphone Z,South,10086.96,SC002,P0006
2023-08-12,Electronics,R4,4,Retail,116595.35,95608.19,TechPro,Smartphone Z,West,20987.16,SC003,P0006
2023-08-13,Furniture,R4,5,Online,32137.98,24103.49,HomeEase,Office Chair,West,8034.5,SC002,P0004
2023-08-13,Electronics,R1,3,Retail,14493.44,10870.08,SoundMax,Bluetooth Speaker,North,3623.36,SC003,P0001
2023-08-13,Furniture,R2,1,Online,6331.11,4748.33,HomeEase,Office Chair,South,1582.78,SC002,P0004
2023-08-13,Accessories,R4,5,Online,7105.39,4618.5,ChargeFast,Power Bank,West,2486.89,SC002,P0005
2023-08-14,Electronics,R4,5,Retail,149252.7,122387.21,TechPro,Smartphone Z,West,26865.49,SC003,P0006
2023-08-14,Accessories,R2,3,Online,8015.63,4809.38,CarryLite,Laptop Bag,South,3206.25,SC002,P0002
2023-08-15,Electronics,R4,1,Retail,30784.3,25243.13,TechPro,Smartphone Z,West,5541.17,SC003,P0006
2023-08-15,Furniture,R1,2,Retail,31862.81,24852.99,HomeEase,Study Table,North,7009.82,SC003,P0007
2023-08-15,Electronics,R2,4,Online,21465.69,16099.27,SoundMax,Bluetooth Speaker,South,5366.42,SC002,P0001
2023-08-15,Electronics,R4,5,Retail,153558.31,125917.81,TechPro,Smartphone Z,West,27640.5,SC003,P0006
2023-08-16,Accessories,R3,5,Retail,6949.51,4517.18,ChargeFast,Power Bank,East,2432.33,SC003,P0005
2023-08-16,Electronics,R2,5,Online,27457.66,20593.25,SoundMax,Bluetooth Speaker,South,6864.42,SC002,P0001
2023-08-16,Electronics,R2,3,Retail,14755.17,11066.38,SoundMax,Bluetooth Speaker,South,3688.79,SC003,P0001
2023-08-16,Electronics,R2,5,Online,24858.7,18644.02,SoundMax,Bluetooth Speaker,South,6214.67,SC002,P0001
2023-08-16,Furniture,R1,3,Online,20390.29,15292.72,HomeEase,Office Chair,North,5097.57,SC002,P0004
2023-08-17,Electronics,R2,5,Retail,24562.02,18421.51,SoundMax,Bluetooth Speaker,South,6140.5,SC003,P0001
2023-08-17,Electronics,R2,5,Online,324717.58,259774.06,TechPro,Laptop X,South,64943.52,SC002,P0003
2023-08-17,Electronics,R1,1,Online,59954.87,47963.9,TechPro,Laptop X,North,11990.97,SC002,P0003
2023-08-18,Electronics,R1,3,Online,84139.37,68994.28,TechPro,Smartphone Z,North,15145.09,SC002,P0006
2023-08-18,Electronics,R3,5,Online,23126.88,17345.16,SoundMax,Bluetooth Speaker,East,5781.72,SC002,P0001
2023-08-19,Accessories,R2,3,Online,4579.28,2976.53,ChargeFast,Power Bank,South,1602.75,SC002,P0005
2023-08-19,Electronics,R4,3,Online,171206.77,136965.42,TechPro,Laptop X,West,34241.35,SC002,P0003
2023-08-19,Electronics,R2,2,Online,115353.97,92283.18,TechPro,Laptop X,South,23070.79,SC002,P0003
2023-08-19,Furniture,R2,1,Online,13744.72,10720.89,HomeEase,Study Table,South,3023.84,SC002,P0007
2023-08-20,Furniture,R2,4,Online,54175.31,42256.74,HomeEase,Study Table,South,11918.57,SC002,P0007
2023-08-20,Electronics,R1,1,Online,4808.8,3606.6,SoundMax,Bluetooth Speaker,North,1202.2,SC002,P0001
2023-08-20,Electronics,R1,4,Online,249936.73,199949.39,TechPro,Laptop X,North,49987.35,SC002,P0003
2023-08-20,Furniture,R3,5,Retail,112973.64,81341.02,WoodCraft,Wardrobe,East,31632.62,SC003,P0008
2023-08-21,Furniture,R1,1,Online,23188.15,16695.47,WoodCraft,Wardrobe,North,6492.68,SC002,P0008
2023-08-21,Electronics,R1,5,Retail,310493.59,248394.87,TechPro,Laptop X,North,62098.72,SC003,P0003
2023-08-22,Accessories,R4,4,Online,9419.38,5651.63,CarryLite,Laptop Bag,West,3767.75,SC002,P0002
2023-08-22,Accessories,R1,2,Online,5281.89,3169.13,CarryLite,Laptop Bag,North,2112.76,SC002,P0002
2023-08-22,Furniture,R1,1,Online,6555.44,4916.58,HomeEase,Office Chair,North,1638.86,SC002,P0004
2023-08-23,Furniture,R3,3,Retail,72182.85,51971.65,WoodCraft,Wardrobe,East,20211.2,SC003,P0008
2023-08-23,Electronics,R2,3,Online,81122.66,66520.58,TechPro,Smartphone Z,South,14602.08,SC002,P0006
2023-08-24,Electronics,R2,3,Retail,192460.47,153968.38,TechPro,Laptop X,South,38492.09,SC003,P0003
2023-08-24,Electronics,R3,1,Online,27374.59,22447.16,TechPro,Smartphone Z,East,4927.43,SC002,P0006
2023-08-24,Electronics,R1,4,Online,19942.59,14956.94,SoundMax,Bluetooth Speaker,North,4985.65,SC002,P0001
2023-08-25,Electronics,R4,4,Retail,223041.37,178433.09,TechPro,Laptop X,West,44608.27,SC003,P0003
2023-08-25,Furniture,R4,1,Online,25846.78,18609.69,WoodCraft,Wardrobe,West,7237.1,SC002,P0008
2023-08-26,Furniture,R2,3,Online,80421.27,57903.31,WoodCraft,Wardrobe,South,22517.96,SC002,P0008
2023-08-26,Electronics,R1,3,Retail,95615.03,78404.33,TechPro,Smartphone Z,North,17210.71,SC003,P0006
2023-08-26,Accessories,R4,5,Retail,7807.56,5074.91,ChargeFast,Power Bank,West,2732.65,SC003,P0005
2023-08-26,Furniture,R2,5,Retail,68304.52,53277.53,HomeEase,Study Table,South,15026.99,SC003,P0007
2023-08-27,Accessories,R4,1,Online,1596.17,1037.51,ChargeFast,Power Bank,West,558.66,SC002,P0005
2023-08-27,Furniture,R1,1,Retail,6731.02,5048.27,HomeEase,Office Chair,North,1682.76,SC003,P0004
2023-08-27,Electronics,R4,3,Distributor,192198.74,153758.99,TechPro,Laptop X,West,38439.75,SC001,P0003
2023-08-27,Furniture,R4,4,Online,29262.08,21946.56,HomeEase,Office Chair,West,7315.52,SC002,P0004
2023-08-28,Furniture,R4,3,Online,46612.46,36357.72,HomeEase,Study Table,West,10254.74,SC002,P0007
2023-08-28,Furniture,R1,1,Distributor,23161.44,16676.24,WoodCraft,Wardrobe,North,6485.2,SC001,P0008
2023-08-28,Accessories,R1,1,Online,2360.76,1416.46,CarryLite,Laptop Bag,North,944.3,SC002,P0002
2023-08-28,Electronics,R2,2,Online,9334.92,7001.19,SoundMax,Bluetooth Speaker,South,2333.73,SC002,P0001
2023-08-29,Accessories,R1,3,Online,7124.96,4274.98,CarryLite,Laptop Bag,North,2849.98,SC002,P0002
2023-08-29,Electronics,R4,4,Online,118132.61,96868.74,TechPro,Smartphone Z,West,21263.87,SC002,P0006
2023-08-29,Furniture,R4,1,Retail,23186.81,16694.5,WoodCraft,Wardrobe,West,6492.31,SC003,P0008
2023-08-29,Electronics,R4,2,Online,10492.73,7869.54,SoundMax,Bluetooth Speaker,West,2623.18,SC002,P0001
2023-08-30,Accessories,R2,3,Online,6832.1,4099.26,CarryLite,Laptop Bag,South,2732.84,SC002,P0002
2023-08-30,Electronics,R4,3,Online,194940.06,155952.04,TechPro,Laptop X,West,38988.01,SC002,P0003
2023-08-31,Electronics,R1,1,Online,31344.18,25702.22,TechPro,Smartphone Z,North,5641.95,SC002,P0006
2023-08-31,Accessories,R3,5,Online,12122.08,7273.25,CarryLite,Laptop Bag,East,4848.83,SC002,P0002
2023-08-31,Electronics,R3,4,Online,260056.36,208045.09,TechPro,Laptop X,East,52011.27,SC002,P0003
2023-08-31,Electronics,R1,1,Online,29350.87,24067.71,TechPro,Smartphone Z,North,5283.16,SC002,P0006
2023-08-31,Accessories,R3,5,Retail,12522.24,7513.34,CarryLite,Laptop Bag,East,5008.89,SC003,P0002
2023-09-01,Furniture,R1,2,Retail,27226.19,21236.43,HomeEase,Study Table,North,5989.76,SC003,P0007
2023-09-01,Accessories,R4,2,Retail,3023.04,1964.97,ChargeFast,Power Bank,West,1058.06,SC003,P0005
2023-09-01,Accessories,R4,2,Online,2907.35,1889.78,ChargeFast,Power Bank,West,1017.57,SC002,P0005
2023-09-01,Electronics,R1,4,Retail,127860.57,104845.67,TechPro,Smartphone Z,North,23014.9,SC003,P0006
2023-09-02,Accessories,R1,3,Online,4435.34,2882.97,ChargeFast,Power Bank,North,1552.37,SC002,P0005
2023-09-02,Electronics,R2,3,Online,16215.9,12161.92,SoundMax,Bluetooth Speaker,South,4053.97,SC002,P0001
2023-09-02,Electronics,R2,2,Retail,115143.61,92114.89,TechPro,Laptop X,South,23028.72,SC003,P0003
2023-09-03,Electronics,R1,3,Retail,15404.72,11553.54,SoundMax,Bluetooth Speaker,North,3851.18,SC003,P0001
2023-09-03,Electronics,R4,4,Online,128751.66,105576.36,TechPro,Smartphone Z,West,23175.3,SC002,P0006
2023-09-04,Electronics,R2,4,Retail,19760.28,14820.21,SoundMax,Bluetooth Speaker,South,4940.07,SC003,P0001
2023-09-04,Electronics,R2,2,Retail,60029.59,49224.26,TechPro,Smartphone Z,South,10805.33,SC003,P0006
2023-09-04,Electronics,R4,4,Online,19155.87,14366.91,SoundMax,Bluetooth Speaker,West,4788.97,SC002,P0001
2023-09-05,Accessories,R2,3,Online,4680.84,3042.55,ChargeFast,Power Bank,South,1638.29,SC002,P0005
2023-09-05,Electronics,R2,1,Retail,61746.41,49397.13,TechPro,Laptop X,South,12349.28,SC003,P0003
2023-09-05,Electronics,R2,5,Retail,281157.69,224926.15,TechPro,Laptop X,South,56231.54,SC003,P0003
2023-09-06,Electronics,R2,1,Distributor,4543.1,3407.33,SoundMax,Bluetooth Speaker,South,1135.78,SC001,P0001
2023-09-06,Electronics,R4,2,Online,9217.37,6913.02,SoundMax,Bluetooth Speaker,West,2304.34,SC002,P0001
2023-09-06,Accessories,R2,3,Online,7691.5,4614.9,CarryLite,Laptop Bag,South,3076.6,SC002,P0002
2023-09-06,Electronics,R2,3,Online,95866.94,78610.89,TechPro,Smartphone Z,South,17256.05,SC002,P0006
2023-09-07,Accessories,R4,4,Online,10271.29,6162.77,CarryLite,Laptop Bag,West,4108.52,SC002,P0002
2023-09-07,Electronics,R4,5,Retail,24410.62,18307.96,SoundMax,Bluetooth Speaker,West,6102.65,SC003,P0001
2023-09-07,Electronics,R4,3,Retail,92570.31,75907.66,TechPro,Smartphone Z,West,16662.66,SC003,P0006
2023-09-07,Furniture,R2,4,Retail,26342.89,19757.17,HomeEase,Office Chair,South,6585.72,SC003,P0004
2023-09-08,Electronics,R1,5,Online,145287.89,119136.07,TechPro,Smartphone Z,North,26151.82,SC002,P0006
2023-09-08,Furniture,R1,3,Online,41001.67,31981.3,HomeEase,Study Table,North,9020.37,SC002,P0007
2023-09-08,Furniture,R1,1,Online,22948.8,16523.13,WoodCraft,Wardrobe,North,6425.66,SC002,P0008
2023-09-09,Accessories,R2,1,Online,1452.85,944.35,ChargeFast,Power Bank,South,508.5,SC002,P0005
2023-09-09,Electronics,R4,3,Online,85323.95,69965.64,TechPro,Smartphone Z,West,15358.31,SC002,P0006
2023-09-10,Accessories,R1,2,Retail,2799.74,1819.83,ChargeFast,Power Bank,North,979.91,SC003,P0005
2023-09-10,Accessories,R1,5,Retail,7258.24,4717.85,ChargeFast,Power Bank,North,2540.38,SC003,P0005
2023-09-10,Accessories,R2,4,Online,5459.53,3548.69,ChargeFast,Power Bank,South,1910.83,SC002,P0005
2023-09-11,Electronics,R4,2,Online,118170.48,94536.39,TechPro,Laptop X,West,23634.1,SC002,P0003
2023-09-11,Electronics,R2,2,Online,130013.29,104010.64,TechPro,Laptop X,South,26002.66,SC002,P0003
2023-09-11,Furniture,R2,3,Online,20721.52,15541.14,HomeEase,Office Chair,South,5180.38,SC002,P0004
2023-09-11,Accessories,R4,4,Retail,10610.19,6366.12,CarryLite,Laptop Bag,West,4244.08,SC003,P0002
2023-09-12,Furniture,R1,2,Online,14233.58,10675.19,HomeEase,Office Chair,North,3558.4,SC002,P0004
2023-09-12,Electronics,R3,1,Online,28314.76,23218.1,TechPro,Smartphone Z,East,5096.66,SC002,P0006
2023-09-13,Electronics,R2,4,Online,18864.13,14148.09,SoundMax,Bluetooth Speaker,South,4716.03,SC002,P0001
2023-09-13,Accessories,R2,4,Online,9950.2,5970.12,CarryLite,Laptop Bag,South,3980.08,SC002,P0002
2023-09-13,Accessories,R2,2,Online,3100.04,2015.03,ChargeFast,Power Bank,South,1085.01,SC002,P0005
2023-09-14,Electronics,R1,5,Online,154899.32,127017.44,TechPro,Smartphone Z,North,27881.88,SC002,P0006
2023-09-14,Accessories,R3,3,Retail,4493.13,2920.53,ChargeFast,Power Bank,East,1572.59,SC003,P0005
2023-09-15,Furniture,R2,5,Online,75235.15,58683.42,HomeEase,Study Table,South,16551.73,SC002,P0007
2023-09-15,Electronics,R1,5,Retail,146809.07,120383.43,TechPro,Smartphone Z,North,26425.63,SC003,P0006
2023-09-15,Electronics,R2,3,Retail,13752.79,10314.59,SoundMax,Bluetooth Speaker,South,3438.2,SC003,P0001
2023-09-15,Electronics,R1,2,Online,125756.83,100605.46,TechPro,Laptop X,North,25151.37,SC002,P0003
2023-09-15,Furniture,R3,1,Online,7025.31,5268.98,HomeEase,Office Chair,East,1756.33,SC002,P0004
2023-09-16,Electronics,R3,5,Distributor,24676.98,18507.74,SoundMax,Bluetooth Speaker,East,6169.25,SC001,P0001
2023-09-16,Accessories,R3,2,Online,2731.7,1775.6,ChargeFast,Power Bank,East,956.09,SC002,P0005
2023-09-16,Furniture,R4,1,Retail,7090.18,5317.64,HomeEase,Office Chair,West,1772.55,SC003,P0004
2023-09-16,Furniture,R3,1,Retail,7657.75,5743.31,HomeEase,Office Chair,East,1914.44,SC003,P0004
2023-09-16,Furniture,R1,5,Retail,77500.28,60450.22,HomeEase,Study Table,North,17050.06,SC003,P0007
2023-09-17,Electronics,R2,4,Online,240927.01,192741.61,TechPro,Laptop X,South,48185.4,SC002,P0003
2023-09-17,Electronics,R2,2,Online,114642.1,91713.68,TechPro,Laptop X,South,22928.42,SC002,P0003
2023-09-17,Furniture,R1,1,Retail,14483.65,11297.25,HomeEase,Study Table,North,3186.4,SC003,P0007
2023-09-17,Furniture,R4,2,Online,32523.22,25368.11,HomeEase,Study Table,West,7155.11,SC002,P0007
2023-09-18,Electronics,R3,2,Online,10345.51,7759.13,SoundMax,Bluetooth Speaker,East,2586.38,SC002,P0001
2023-09-18,Electronics,R3,1,Online,29574.9,24251.42,TechPro,Smartphone Z,East,5323.48,SC002,P0006
2023-09-18,Electronics,R2,2,Retail,112679.0,90143.2,TechPro,Laptop X,South,22535.8,SC003,P0003
2023-09-19,Accessories,R1,3,Online,4762.74,3095.78,ChargeFast,Power Bank,North,1666.96,SC002,P0005
2023-09-19,Electronics,R2,1,Retail,32063.96,26292.45,TechPro,Smartphone Z,South,5771.51,SC003,P0006
2023-09-19,Electronics,R2,3,Online,182794.07,146235.26,TechPro,Laptop X,South,36558.81,SC002,P0003
2023-09-20,Furniture,R2,4,Online,56776.29,44285.51,HomeEase,Study Table,South,12490.78,SC002,P0007
2023-09-20,Electronics,R4,4,Distributor,240798.12,192638.5,TechPro,Laptop X,West,48159.62,SC001,P0003
2023-09-20,Electronics,R2,5,Online,287402.64,229922.11,TechPro,Laptop X,South,57480.53,SC002,P0003
2023-09-21,Furniture,R1,2,Online,27337.35,21323.13,HomeEase,Study Table,North,6014.22,SC002,P0007
2023-09-21,Electronics,R2,5,Online,289043.33,231234.66,TechPro,Laptop X,South,57808.67,SC002,P0003
2023-09-21,Electronics,R1,2,Retail,9032.06,6774.04,SoundMax,Bluetooth Speaker,North,2258.01,SC003,P0001
2023-09-22,Furniture,R3,5,Online,34258.63,25693.97,HomeEase,Office Chair,East,8564.66,SC002,P0004
2023-09-22,Accessories,R1,4,Online,6362.45,4135.59,ChargeFast,Power Bank,North,2226.86,SC002,P0005
2023-09-22,Electronics,R3,5,Retail,286293.03,229034.42,TechPro,Laptop X,East,57258.61,SC003,P0003
2023-09-22,Electronics,R1,4,Distributor,20705.59,15529.2,SoundMax,Bluetooth Speaker,North,5176.4,SC001,P0001
2023-09-22,Electronics,R2,4,Online,245597.85,196478.28,TechPro,Laptop X,South,49119.57,SC002,P0003
2023-09-23,Accessories,R2,3,Online,8020.9,4812.54,CarryLite,Laptop Bag,South,3208.36,SC002,P0002
2023-09-23,Electronics,R1,4,Retail,21354.44,16015.83,SoundMax,Bluetooth Speaker,North,5338.61,SC003,P0001
2023-09-24,Electronics,R1,1,Online,55040.48,44032.38,TechPro,Laptop X,North,11008.1,SC002,P0003
2023-09-24,Furniture,R3,3,Online,41703.26,32528.54,HomeEase,Study Table,East,9174.72,SC002,P0007
2023-09-24,Accessories,R2,2,Online,4863.4,2918.04,CarryLite,Laptop Bag,South,1945.36,SC002,P0002
2023-09-24,Accessories,R3,1,Online,1579.59,1026.74,ChargeFast,Power Bank,East,552.86,SC002,P0005
2023-09-25,Accessories,R4,5,Retail,12247.82,7348.69,CarryLite,Laptop Bag,West,4899.13,SC003,P0002
2023-09-25,Electronics,R2,2,Distributor,54563.91,44742.41,TechPro,Smartphone Z,South,9821.5,SC001,P0006
2023-09-25,Electronics,R2,3,Retail,15421.14,11565.86,SoundMax,Bluetooth Speaker,South,3855.29,SC003,P0001
2023-09-25,Accessories,R4,2,Online,5256.19,3153.72,CarryLite,Laptop Bag,West,2102.48,SC002,P0002
2023-09-25,Electronics,R1,4,Online,226959.9,181567.92,TechPro,Laptop X,North,45391.98,SC002,P0003
2023-09-26,Electronics,R2,2,Online,55418.86,45443.47,TechPro,Smartphone Z,South,9975.39,SC002,P0006
2023-09-26,Accessories,R2,2,Retail,3058.68,1988.15,ChargeFast,Power Bank,South,1070.54,SC003,P0005
2023-09-26,Furniture,R1,4,Online,60055.65,46843.41,HomeEase,Study Table,North,13212.24,SC002,P0007
2023-09-26,Electronics,R4,3,Online,15043.47,11282.6,SoundMax,Bluetooth Speaker,West,3760.87,SC002,P0001
2023-09-26,Accessories,R3,5,Online,13410.92,8046.55,CarryLite,Laptop Bag,East,5364.37,SC002,P0002
2023-09-27,Accessories,R2,1,Distributor,1374.97,893.73,ChargeFast,Power Bank,South,481.24,SC001,P0005
2023-09-27,Accessories,R2,5,Online,12292.91,7375.75,CarryLite,Laptop Bag,South,4917.16,SC002,P0002
2023-09-27,Accessories,R1,4,Online,9109.22,5465.53,CarryLite,Laptop Bag,North,3643.69,SC002,P0002
2023-09-27,Accessories,R2,5,Online,13394.64,8036.79,CarryLite,Laptop Bag,South,5357.86,SC002,P0002
2023-09-27,Electronics,R1,4,Online,126721.15,103911.35,TechPro,Smartphone Z,North,22809.81,SC002,P0006
2023-09-28,Electronics,R1,2,Online,127693.07,102154.46,TechPro,Laptop X,North,25538.61,SC002,P0003
2023-09-28,Electronics,R2,2,Online,59524.26,48809.9,TechPro,Smartphone Z,South,10714.37,SC002,P0006
2023-09-29,Electronics,R2,1,Online,4781.83,3586.37,SoundMax,Bluetooth Speaker,South,1195.46,SC002,P0001
2023-09-29,Electronics,R1,2,Online,111226.4,88981.12,TechPro,Laptop X,North,22245.28,SC002,P0003
2023-09-29,Electronics,R4,3,Online,190206.05,152164.84,TechPro,Laptop X,West,38041.21,SC002,P0003
2023-09-30,Electronics,R2,4,Retail,238895.2,191116.16,TechPro,Laptop X,South,47779.04,SC003,P0003
2023-09-30,Electronics,R4,3,Retail,92071.26,75498.43,TechPro,Smartphone Z,West,16572.83,SC003,P0006
2023-10-01,Electronics,R2,1,Online,32753.23,26857.65,TechPro,Smartphone Z,South,5895.58,SC002,P0006
2023-10-01,Electronics,R2,4,Distributor,117719.25,96529.78,TechPro,Smartphone Z,South,21189.46,SC001,P0006
2023-10-01,Accessories,R4,4,Online,10460.0,6276.0,CarryLite,Laptop Bag,West,4184.0,SC002,P0002
2023-10-01,Electronics,R2,7,Online,451053.23,360842.58,TechPro,Laptop X,South,90210.65,SC002,P0003
2023-10-02,Accessories,R2,1,Online,2704.8,1622.88,CarryLite,Laptop Bag,South,1081.92,SC002,P0002
2023-10-02,Electronics,R4,2,Retail,65528.96,53733.74,TechPro,Smartphone Z,West,11795.21,SC003,P0006
2023-10-02,Furniture,R1,5,Online,36740.89,27555.67,HomeEase,Office Chair,North,9185.22,SC002,P0004
2023-10-02,Electronics,R2,1,Online,32295.69,26482.47,TechPro,Smartphone Z,South,5813.22,SC002,P0006
2023-10-02,Electronics,R1,5,Online,153097.36,125539.84,TechPro,Smartphone Z,North,27557.53,SC002,P0006
2023-10-03,Electronics,R2,4,Online,122672.2,100591.2,TechPro,Smartphone Z,South,22081.0,SC002,P0006
2023-10-03,Electronics,R1,5,Online,23698.23,17773.67,SoundMax,Bluetooth Speaker,North,5924.56,SC002,P0001
2023-10-04,Electronics,R2,7,Retail,446038.21,356830.57,TechPro,Laptop X,South,89207.64,SC003,P0003
2023-10-04,Electronics,R4,4,Online,216436.18,173148.94,TechPro,Laptop X,West,43287.24,SC002,P0003
2023-10-04,Furniture,R2,4,Distributor,62483.48,48737.11,HomeEase,Study Table,South,13746.36,SC001,P0007
2023-10-04,Furniture,R2,2,Retail,13641.72,10231.29,HomeEase,Office Chair,South,3410.43,SC003,P0004
2023-10-04,Electronics,R2,1,Online,28463.97,23340.46,TechPro,Smartphone Z,South,5123.51,SC002,P0006
2023-10-05,Furniture,R1,5,Online,80061.74,62448.16,HomeEase,Study Table,North,17613.58,SC002,P0007
2023-10-05,Electronics,R2,5,Retail,141909.58,116365.85,TechPro,Smartphone Z,South,25543.72,SC003,P0006
2023-10-05,Electronics,R2,1,Online,4547.91,3410.94,SoundMax,Bluetooth Speaker,South,1136.98,SC002,P0001
2023-10-05,Accessories,R1,5,Online,7521.12,4888.73,ChargeFast,Power Bank,North,2632.39,SC002,P0005
2023-10-06,Electronics,R3,1,Retail,31295.91,25662.64,TechPro,Smartphone Z,East,5633.26,SC003,P0006
2023-10-06,Furniture,R2,2,Online,50961.43,36692.23,WoodCraft,Wardrobe,South,14269.2,SC002,P0008
2023-10-06,Furniture,R2,2,Retail,29504.35,23013.39,HomeEase,Study Table,South,6490.96,SC003,P0007
2023-10-07,Electronics,R3,7,Online,197361.92,161836.78,TechPro,Smartphone Z,East,35525.15,SC002,P0006
2023-10-07,Electronics,R2,2,Retail,9579.46,7184.59,SoundMax,Bluetooth Speaker,South,2394.86,SC003,P0001
2023-10-07,Electronics,R4,1,Retail,28304.72,23209.87,TechPro,Smartphone Z,West,5094.85,SC003,P0006
2023-10-07,Electronics,R4,4,Distributor,118665.49,97305.71,TechPro,Smartphone Z,West,21359.79,SC001,P0006
2023-10-07,Electronics,R2,1,Online,31666.37,25966.42,TechPro,Smartphone Z,South,5699.95,SC002,P0006
2023-10-08,Furniture,R2,1,Retail,6385.27,4788.95,HomeEase,Office Chair,South,1596.32,SC003,P0004
2023-10-08,Furniture,R4,5,Online,36353.64,27265.23,HomeEase,Office Chair,West,9088.41,SC002,P0004
2023-10-08,Furniture,R1,5,Retail,123658.16,89033.87,WoodCraft,Wardrobe,North,34624.28,SC003,P0008
2023-10-08,Furniture,R4,7,Online,177414.41,127738.38,WoodCraft,Wardrobe,West,49676.04,SC002,P0008
2023-10-08,Furniture,R1,7,Retail,94543.61,73744.01,HomeEase,Study Table,North,20799.59,SC003,P0007
2023-10-09,Electronics,R3,2,Online,10263.44,7697.58,SoundMax,Bluetooth Speaker,East,2565.86,SC002,P0001
2023-10-09,Furniture,R1,2,Online,54296.5,39093.48,WoodCraft,Wardrobe,North,15203.02,SC002,P0008
2023-10-09,Electronics,R1,5,Online,277997.06,222397.64,TechPro,Laptop X,North,55599.41,SC002,P0003
2023-10-09,Accessories,R1,2,Online,5399.74,3239.85,CarryLite,Laptop Bag,North,2159.9,SC002,P0002
2023-10-09,Furniture,R3,7,Retail,184267.17,132672.36,WoodCraft,Wardrobe,East,51594.81,SC003,P0008
2023-10-10,Electronics,R2,7,Retail,37563.29,28172.46,SoundMax,Bluetooth Speaker,South,9390.82,SC003,P0001
2023-10-10,Electronics,R2,5,Online,158850.35,130257.28,TechPro,Smartphone Z,South,28593.06,SC002,P0006
2023-10-11,Electronics,R1,7,Retail,208624.96,171072.47,TechPro,Smartphone Z,North,37552.49,SC003,P0006
2023-10-11,Electronics,R2,5,Online,25630.27,19222.71,SoundMax,Bluetooth Speaker,South,6407.57,SC002,P0001
2023-10-12,Electronics,R1,2,Online,129585.9,103668.72,TechPro,Laptop X,North,25917.18,SC002,P0003
2023-10-12,Electronics,R4,2,Online,120167.99,96134.39,TechPro,Laptop X,West,24033.6,SC002,P0003
2023-10-12,Furniture,R4,5,Online,34748.0,26061.0,HomeEase,Office Chair,West,8687.0,SC002,P0004
2023-10-12,Furniture,R4,2,Online,12809.89,9607.42,HomeEase,Office Chair,West,3202.47,SC002,P0004
2023-10-13,Accessories,R2,5,Online,13304.6,7982.76,CarryLite,Laptop Bag,South,5321.84,SC002,P0002
2023-10-13,Furniture,R2,5,Online,38377.38,28783.03,HomeEase,Office Chair,South,9594.34,SC002,P0004
2023-10-14,Furniture,R1,5,Online,127317.4,91668.53,WoodCraft,Wardrobe,North,35648.87,SC002,P0008
2023-10-14,Accessories,R2,7,Online,19064.08,11438.45,CarryLite,Laptop Bag,South,7625.63,SC002,P0002
2023-10-15,Electronics,R4,1,Online,32886.27,26966.74,TechPro,Smartphone Z,West,5919.53,SC002,P0006
2023-10-15,Furniture,R3,5,Retail,68356.42,53318.0,HomeEase,Study Table,East,15038.41,SC003,P0007
2023-10-15,Electronics,R3,7,Online,32477.85,24358.38,SoundMax,Bluetooth Speaker,East,8119.46,SC002,P0001
2023-10-16,Accessories,R4,2,Online,3102.46,2016.6,ChargeFast,Power Bank,West,1085.86,SC002,P0005
2023-10-16,Accessories,R2,1,Online,1613.14,1048.54,ChargeFast,Power Bank,South,564.6,SC002,P0005
2023-10-16,Electronics,R3,4,Online,246290.37,197032.3,TechPro,Laptop X,East,49258.07,SC002,P0003
2023-10-16,Electronics,R3,7,Online,211952.01,173800.65,TechPro,Smartphone Z,East,38151.36,SC002,P0006
2023-10-17,Furniture,R2,5,Online,70341.65,54866.49,HomeEase,Study Table,South,15475.16,SC002,P0007
2023-10-17,Electronics,R2,5,Retail,23047.45,17285.59,SoundMax,Bluetooth Speaker,South,5761.86,SC003,P0001
2023-10-17,Electronics,R2,4,Online,229162.22,183329.77,TechPro,Laptop X,South,45832.44,SC002,P0003
2023-10-17,Electronics,R2,7,Retail,36226.62,27169.96,SoundMax,Bluetooth Speaker,South,9056.65,SC003,P0001
2023-10-18,Furniture,R1,1,Online,7362.93,5522.2,HomeEase,Office Chair,North,1840.73,SC002,P0004
2023-10-18,Furniture,R3,7,Online,185949.78,133883.84,WoodCraft,Wardrobe,East,52065.94,SC002,P0008
2023-10-18,Furniture,R4,2,Online,32006.75,24965.26,HomeEase,Study Table,West,7041.48,SC002,P0007
2023-10-18,Electronics,R2,5,Distributor,308426.84,246741.47,TechPro,Laptop X,South,61685.37,SC001,P0003
2023-10-19,Electronics,R1,4,Online,250186.57,200149.26,TechPro,Laptop X,North,50037.31,SC002,P0003
2023-10-19,Electronics,R3,7,Online,197892.0,162271.44,TechPro,Smartphone Z,East,35620.56,SC002,P0006
2023-10-20,Accessories,R2,4,Distributor,6175.11,4013.82,ChargeFast,Power Bank,South,2161.29,SC001,P0005
2023-10-20,Electronics,R3,2,Online,9618.93,7214.19,SoundMax,Bluetooth Speaker,East,2404.73,SC002,P0001
2023-10-20,Electronics,R1,2,Online,9589.63,7192.23,SoundMax,Bluetooth Speaker,North,2397.41,SC002,P0001
2023-10-20,Electronics,R4,5,Online,23828.43,17871.32,SoundMax,Bluetooth Speaker,West,5957.11,SC002,P0001
2023-10-21,Electronics,R1,5,Online,25228.34,18921.26,SoundMax,Bluetooth Speaker,North,6307.09,SC002,P0001
2023-10-21,Furniture,R2,5,Online,32507.08,24380.31,HomeEase,Office Chair,South,8126.77,SC002,P0004
2023-10-21,Electronics,R2,4,Online,111127.69,91124.71,TechPro,Smartphone Z,South,20002.98,SC002,P0006
2023-10-22,Furniture,R1,5,Online,33157.95,24868.46,HomeEase,Office Chair,North,8289.49,SC002,P0004
2023-10-22,Electronics,R2,5,Online,310960.27,248768.22,TechPro,Laptop X,South,62192.05,SC002,P0003
2023-10-22,Furniture,R1,1,Online,26954.87,19407.51,WoodCraft,Wardrobe,North,7547.36,SC002,P0008
2023-10-22,Furniture,R2,2,Online,14536.98,10902.73,HomeEase,Office Chair,South,3634.24,SC002,P0004
2023-10-23,Electronics,R4,4,Retail,254330.68,203464.54,TechPro,Laptop X,West,50866.14,SC003,P0003
2023-10-23,Electronics,R4,5,Retail,25653.18,19239.88,SoundMax,Bluetooth Speaker,West,6413.29,SC003,P0001
2023-10-23,Electronics,R1,2,Online,10872.35,8154.26,SoundMax,Bluetooth Speaker,North,2718.09,SC002,P0001
2023-10-24,Accessories,R4,1,Retail,2487.04,1492.22,CarryLite,Laptop Bag,West,994.82,SC003,P0002
2023-10-24,Accessories,R4,1,Online,1427.15,927.64,ChargeFast,Power Bank,West,499.5,SC002,P0005
2023-10-24,Furniture,R3,2,Online,13009.07,9756.8,HomeEase,Office Chair,East,3252.27,SC002,P0004
2023-10-25,Accessories,R3,2,Online,4607.45,2764.47,CarryLite,Laptop Bag,East,1842.98,SC002,P0002
2023-10-25,Electronics,R4,1,Online,31832.98,26103.04,TechPro,Smartphone Z,West,5729.94,SC002,P0006
2023-10-25,Electronics,R3,7,Distributor,32087.74,24065.8,SoundMax,Bluetooth Speaker,East,8021.93,SC001,P0001
2023-10-25,Furniture,R1,1,Distributor,6386.47,4789.85,HomeEase,Office Chair,North,1596.62,SC001,P0004
2023-10-25,Furniture,R1,4,Online,94075.11,67734.08,WoodCraft,Wardrobe,North,26341.03,SC002,P0008
2023-10-26,Electronics,R2,5,Online,147484.83,120937.56,TechPro,Smartphone Z,South,26547.27,SC002,P0006
2023-10-26,Electronics,R4,7,Online,32505.35,24379.01,SoundMax,Bluetooth Speaker,West,8126.34,SC002,P0001
2023-10-27,Electronics,R4,7,Online,34621.21,25965.9,SoundMax,Bluetooth Speaker,West,8655.3,SC002,P0001
2023-10-27,Furniture,R2,4,Retail,109924.49,79145.63,WoodCraft,Wardrobe,South,30778.86,SC003,P0008
2023-10-27,Electronics,R4,5,Online,152862.44,125347.2,TechPro,Smartphone Z,West,27515.24,SC002,P0006
2023-10-27,Accessories,R3,2,Online,4917.38,2950.43,CarryLite,Laptop Bag,East,1966.95,SC002,P0002
2023-10-27,Electronics,R3,2,Online,58143.17,47677.4,TechPro,Smartphone Z,East,10465.77,SC002,P0006
2023-10-28,Electronics,R1,5,Distributor,156521.18,128347.37,TechPro,Smartphone Z,North,28173.81,SC001,P0006
2023-10-28,Furniture,R4,4,Online,90399.46,65087.61,WoodCraft,Wardrobe,West,25311.85,SC002,P0008
2023-10-29,Electronics,R2,5,Online,26090.34,19567.76,SoundMax,Bluetooth Speaker,South,6522.59,SC002,P0001
2023-10-29,Electronics,R2,2,Distributor,9355.77,7016.83,SoundMax,Bluetooth Speaker,South,2338.94,SC001,P0001
2023-10-29,Electronics,R3,2,Retail,61171.59,50160.7,TechPro,Smartphone Z,East,11010.89,SC003,P0006
2023-10-30,Accessories,R2,2,Online,4704.26,2822.55,CarryLite,Laptop Bag,South,1881.7,SC002,P0002
2023-10-30,Furniture,R4,1,Online,6482.94,4862.21,HomeEase,Office Chair,West,1620.74,SC002,P0004
2023-10-30,Electronics,R4,2,Online,61034.83,50048.56,TechPro,Smartphone Z,West,10986.27,SC002,P0006
2023-10-30,Electronics,R1,2,Online,64978.11,53282.05,TechPro,Smartphone Z,North,11696.06,SC002,P0006
2023-10-31,Electronics,R2,4,Online,111105.13,91106.21,TechPro,Smartphone Z,South,19998.92,SC002,P0006
2023-10-31,Electronics,R4,2,Online,63335.82,51935.37,TechPro,Smartphone Z,West,11400.45,SC002,P0006
2023-10-31,Electronics,R2,2,Retail,10420.84,7815.63,SoundMax,Bluetooth Speaker,South,2605.21,SC003,P0001
2023-11-01,Electronics,R1,1,Distributor,5214.9,3911.17,SoundMax,Bluetooth Speaker,North,1303.72,SC001,P0001
2023-11-01,Electronics,R1,4,Online,229892.95,183914.36,TechPro,Laptop X,North,45978.59,SC002,P0003
2023-11-01,Electronics,R3,2,Online,110410.98,88328.78,TechPro,Laptop X,East,22082.2,SC002,P0003
2023-11-02,Electronics,R2,5,Online,329759.62,263807.7,TechPro,Laptop X,South,65951.92,SC002,P0003
2023-11-02,Accessories,R1,5,Online,11766.99,7060.2,CarryLite,Laptop Bag,North,4706.8,SC002,P0002
2023-11-03,Electronics,R1,4,Retail,116124.17,95221.82,TechPro,Smartphone Z,North,20902.35,SC003,P0006
2023-11-03,Electronics,R4,7,Online,195705.99,160478.91,TechPro,Smartphone Z,West,35227.08,SC002,P0006
2023-11-04,Furniture,R1,2,Online,13632.43,10224.32,HomeEase,Office Chair,North,3408.11,SC002,P0004
2023-11-04,Furniture,R1,4,Retail,27476.19,20607.14,HomeEase,Office Chair,North,6869.05,SC003,P0004
2023-11-04,Furniture,R3,2,Retail,15222.18,11416.64,HomeEase,Office Chair,East,3805.55,SC003,P0004
2023-11-05,Accessories,R1,7,Retail,10057.22,6537.19,ChargeFast,Power Bank,North,3520.03,SC003,P0005
2023-11-05,Accessories,R2,1,Online,2386.77,1432.06,CarryLite,Laptop Bag,South,954.71,SC002,P0002
2023-11-05,Electronics,R4,1,Online,4514.01,3385.51,SoundMax,Bluetooth Speaker,West,1128.5,SC002,P0001
2023-11-05,Furniture,R1,2,Online,45132.81,32495.62,WoodCraft,Wardrobe,North,12637.19,SC002,P0008
2023-11-05,Furniture,R3,5,Retail,36291.05,27218.29,HomeEase,Office Chair,East,9072.76,SC003,P0004
2023-11-06,Furniture,R2,1,Online,15109.58,11785.47,HomeEase,Study Table,South,3324.11,SC002,P0007
2023-11-06,Accessories,R3,4,Online,10286.12,6171.67,CarryLite,Laptop Bag,East,4114.45,SC002,P0002
2023-11-06,Furniture,R3,4,Online,61467.64,47944.76,HomeEase,Study Table,East,13522.88,SC002,P0007
2023-11-07,Furniture,R4,5,Online,75693.71,59041.1,HomeEase,Study Table,West,16652.62,SC002,P0007
2023-11-07,Electronics,R4,5,Retail,277734.16,222187.32,TechPro,Laptop X,West,55546.83,SC003,P0003
2023-11-07,Furniture,R3,2,Online,31180.53,24320.81,HomeEase,Study Table,East,6859.72,SC002,P0007
2023-11-07,Electronics,R1,2,Retail,111043.24,88834.59,TechPro,Laptop X,North,22208.65,SC003,P0003
2023-11-07,Accessories,R1,4,Online,5593.03,3635.47,ChargeFast,Power Bank,North,1957.56,SC002,P0005
2023-11-08,Electronics,R1,1,Online,56300.06,45040.04,TechPro,Laptop X,North,11260.01,SC002,P0003
2023-11-08,Electronics,R4,5,Online,25421.98,19066.48,SoundMax,Bluetooth Speaker,West,6355.49,SC002,P0001
2023-11-08,Furniture,R4,1,Online,7464.72,5598.54,HomeEase,Office Chair,West,1866.18,SC002,P0004
2023-11-09,Furniture,R3,4,Distributor,28585.62,21439.21,HomeEase,Office Chair,East,7146.4,SC001,P0004
2023-11-09,Furniture,R1,7,Online,45141.41,33856.05,HomeEase,Office Chair,North,11285.35,SC002,P0004
2023-11-09,Furniture,R2,4,Online,28247.01,21185.26,HomeEase,Office Chair,South,7061.75,SC002,P0004
2023-11-10,Electronics,R2,5,Distributor,23890.56,17917.92,SoundMax,Bluetooth Speaker,South,5972.64,SC001,P0001
2023-11-10,Electronics,R2,2,Retail,54919.47,45033.96,TechPro,Smartphone Z,South,9885.5,SC003,P0006
2023-11-10,Furniture,R2,1,Retail,15668.31,12221.28,HomeEase,Study Table,South,3447.03,SC003,P0007
2023-11-10,Accessories,R3,2,Online,5318.3,3190.98,CarryLite,Laptop Bag,East,2127.32,SC002,P0002
2023-11-10,Furniture,R2,4,Retail,108118.23,77845.13,WoodCraft,Wardrobe,South,30273.11,SC003,P0008
2023-11-11,Electronics,R2,7,Online,213497.6,175068.03,TechPro,Smartphone Z,South,38429.57,SC002,P0006
2023-11-11,Furniture,R4,2,Online,54146.95,38985.8,WoodCraft,Wardrobe,West,15161.14,SC002,P0008
2023-11-11,Electronics,R4,2,Online,10056.14,7542.1,SoundMax,Bluetooth Speaker,West,2514.03,SC002,P0001
2023-11-12,Electronics,R2,1,Retail,5286.72,3965.04,SoundMax,Bluetooth Speaker,South,1321.68,SC003,P0001
2023-11-12,Furniture,R1,4,Online,97519.42,70213.99,WoodCraft,Wardrobe,North,27305.44,SC002,P0008
2023-11-12,Furniture,R1,5,Online,69034.98,53847.29,HomeEase,Study Table,North,15187.7,SC002,P0007
2023-11-13,Furniture,R3,4,Retail,59655.86,46531.57,HomeEase,Study Table,East,13124.29,SC003,P0007
2023-11-13,Accessories,R4,2,Retail,2716.48,1765.71,ChargeFast,Power Bank,West,950.77,SC003,P0005
2023-11-13,Electronics,R4,5,Online,280403.76,224323.01,TechPro,Laptop X,West,56080.75,SC002,P0003
2023-11-13,Furniture,R1,4,Retail,109912.38,79136.91,WoodCraft,Wardrobe,North,30775.47,SC003,P0008
2023-11-13,Furniture,R1,2,Online,14643.79,10982.84,HomeEase,Office Chair,North,3660.95,SC002,P0004
2023-11-14,Electronics,R2,4,Online,109342.23,89660.63,TechPro,Smartphone Z,South,19681.6,SC002,P0006
2023-11-14,Electronics,R2,1,Online,64037.28,51229.82,TechPro,Laptop X,South,12807.46,SC002,P0003
2023-11-15,Accessories,R2,7,Online,10146.48,6595.21,ChargeFast,Power Bank,South,3551.27,SC002,P0005
2023-11-15,Furniture,R1,5,Online,34226.61,25669.96,HomeEase,Office Chair,North,8556.65,SC002,P0004
2023-11-15,Electronics,R2,4,Online,111495.09,91425.97,TechPro,Smartphone Z,South,20069.12,SC002,P0006
2023-11-16,Electronics,R4,4,Distributor,123328.14,101129.08,TechPro,Smartphone Z,West,22199.07,SC001,P0006
2023-11-16,Electronics,R4,5,Online,153327.79,125728.79,TechPro,Smartphone Z,West,27599.0,SC002,P0006
2023-11-17,Electronics,R2,5,Online,163435.7,134017.27,TechPro,Smartphone Z,South,29418.43,SC002,P0006
2023-11-17,Electronics,R2,2,Retail,64665.03,53025.32,TechPro,Smartphone Z,South,11639.71,SC003,P0006
2023-11-17,Furniture,R4,2,Online,46534.13,33504.57,WoodCraft,Wardrobe,West,13029.56,SC002,P0008
2023-11-17,Electronics,R1,5,Retail,26546.85,19910.14,SoundMax,Bluetooth Speaker,North,6636.71,SC003,P0001
2023-11-18,Electronics,R1,2,Distributor,63368.18,51961.91,TechPro,Smartphone Z,North,11406.27,SC001,P0006
2023-11-18,Electronics,R2,5,Online,23372.49,17529.37,SoundMax,Bluetooth Speaker,South,5843.12,SC002,P0001
2023-11-18,Electronics,R3,4,Retail,19562.77,14672.08,SoundMax,Bluetooth Speaker,East,4890.69,SC003,P0001
2023-11-18,Furniture,R1,2,Online,50002.91,36002.09,WoodCraft,Wardrobe,North,14000.81,SC002,P0008
2023-11-19,Furniture,R4,5,Retail,35397.87,26548.4,HomeEase,Office Chair,West,8849.47,SC003,P0004
2023-11-19,Accessories,R2,5,Online,12624.69,7574.82,CarryLite,Laptop Bag,South,5049.88,SC002,P0002
2023-11-19,Furniture,R3,2,Distributor,13924.37,10443.28,HomeEase,Office Chair,East,3481.09,SC001,P0004
2023-11-19,Furniture,R4,2,Retail,12742.39,9556.79,HomeEase,Office Chair,West,3185.6,SC003,P0004
2023-11-20,Electronics,R4,2,Retail,118866.1,95092.88,TechPro,Laptop X,West,23773.22,SC003,P0003
2023-11-20,Accessories,R3,5,Online,7660.19,4979.12,ChargeFast,Power Bank,East,2681.07,SC002,P0005
2023-11-20,Accessories,R4,4,Online,9124.89,5474.93,CarryLite,Laptop Bag,West,3649.96,SC002,P0002
2023-11-21,Electronics,R1,2,Online,118853.16,95082.53,TechPro,Laptop X,North,23770.63,SC002,P0003
2023-11-21,Electronics,R4,5,Retail,25991.69,19493.77,SoundMax,Bluetooth Speaker,West,6497.92,SC003,P0001
2023-11-21,Electronics,R1,4,Retail,124876.79,102398.97,TechPro,Smartphone Z,North,22477.82,SC003,P0006
2023-11-21,Electronics,R4,7,Online,34133.33,25600.0,SoundMax,Bluetooth Speaker,West,8533.33,SC002,P0001
2023-11-21,Electronics,R4,5,Online,26142.11,19606.58,SoundMax,Bluetooth Speaker,West,6535.53,SC002,P0001
2023-11-22,Electronics,R3,7,Online,385087.16,308069.72,TechPro,Laptop X,East,77017.43,SC002,P0003
2023-11-22,Furniture,R2,1,Online,24631.49,17734.67,WoodCraft,Wardrobe,South,6896.82,SC002,P0008
2023-11-23,Electronics,R2,2,Retail,109265.03,87412.03,TechPro,Laptop X,South,21853.01,SC003,P0003
2023-11-23,Electronics,R2,7,Online,33201.87,24901.4,SoundMax,Bluetooth Speaker,South,8300.47,SC002,P0001
2023-11-23,Furniture,R1,5,Online,33232.24,24924.18,HomeEase,Office Chair,North,8308.06,SC002,P0004
2023-11-23,Furniture,R3,5,Retail,114327.13,82315.53,WoodCraft,Wardrobe,East,32011.6,SC003,P0008
2023-11-23,Electronics,R3,4,Online,18701.34,14026.0,SoundMax,Bluetooth Speaker,East,4675.33,SC002,P0001
2023-11-24,Electronics,R4,2,Online,10081.11,7560.83,SoundMax,Bluetooth Speaker,West,2520.28,SC002,P0001
2023-11-24,Electronics,R2,1,Online,59588.71,47670.97,TechPro,Laptop X,South,11917.74,SC002,P0003
2023-11-24,Electronics,R3,5,Online,291406.23,233124.98,TechPro,Laptop X,East,58281.25,SC002,P0003
2023-11-24,Electronics,R1,7,Distributor,33868.58,25401.43,SoundMax,Bluetooth Speaker,North,8467.14,SC001,P0001
2023-11-25,Furniture,R1,7,Online,106710.53,83234.22,HomeEase,Study Table,North,23476.32,SC002,P0007
2023-11-25,Accessories,R4,5,Online,7785.26,5060.42,ChargeFast,Power Bank,West,2724.84,SC002,P0005
2023-11-25,Furniture,R2,4,Online,109836.64,79082.38,WoodCraft,Wardrobe,South,30754.26,SC002,P0008
2023-11-25,Electronics,R2,1,Online,5227.27,3920.45,SoundMax,Bluetooth Speaker,South,1306.82,SC002,P0001
2023-11-25,Furniture,R4,4,Online,27045.37,20284.03,HomeEase,Office Chair,West,6761.34,SC002,P0004
2023-11-26,Accessories,R3,7,Retail,17790.74,10674.44,CarryLite,Laptop Bag,East,7116.29,SC003,P0002
2023-11-26,Accessories,R4,7,Online,10078.42,6550.97,ChargeFast,Power Bank,West,3527.45,SC002,P0005
2023-11-26,Furniture,R2,1,Retail,23128.08,16652.22,WoodCraft,Wardrobe,South,6475.86,SC003,P0008
2023-11-26,Electronics,R3,2,Retail,129298.6,103438.88,TechPro,Laptop X,East,25859.72,SC003,P0003
2023-11-27,Electronics,R2,7,Online,228797.74,187614.14,TechPro,Smartphone Z,South,41183.59,SC002,P0006
2023-11-27,Furniture,R2,4,Retail,57025.73,44480.07,HomeEase,Study Table,South,12545.66,SC003,P0007
2023-11-27,Electronics,R4,7,Online,409808.63,327846.91,TechPro,Laptop X,West,81961.73,SC002,P0003
2023-11-27,Accessories,R2,4,Online,10313.63,6188.18,CarryLite,Laptop Bag,South,4125.45,SC002,P0002
2023-11-27,Electronics,R2,1,Distributor,54763.22,43810.57,TechPro,Laptop X,South,10952.64,SC001,P0003
2023-11-28,Furniture,R4,1,Online,15663.67,12217.67,HomeEase,Study Table,West,3446.01,SC002,P0007
2023-11-28,Electronics,R4,1,Retail,32689.19,26805.14,TechPro,Smartphone Z,West,5884.05,SC003,P0006
2023-11-28,Electronics,R4,4,Online,130718.37,107189.06,TechPro,Smartphone Z,West,23529.31,SC002,P0006
2023-11-29,Furniture,R2,1,Retail,15641.87,12200.66,HomeEase,Study Table,South,3441.21,SC003,P0007
2023-11-29,Accessories,R3,5,Online,11567.18,6940.31,CarryLite,Laptop Bag,East,4626.87,SC002,P0002
2023-11-29,Furniture,R2,2,Online,29954.41,23364.44,HomeEase,Study Table,South,6589.97,SC002,P0007
2023-11-29,Accessories,R3,2,Online,3123.59,2030.33,ChargeFast,Power Bank,East,1093.26,SC002,P0005
2023-11-30,Electronics,R1,1,Online,55742.7,44594.16,TechPro,Laptop X,North,11148.54,SC002,P0003
2023-11-30,Furniture,R1,2,Online,14955.1,11216.33,HomeEase,Office Chair,North,3738.78,SC002,P0004
2023-11-30,Electronics,R4,1,Retail,4779.35,3584.51,SoundMax,Bluetooth Speaker,West,1194.84,SC003,P0001
2023-11-30,Electronics,R1,5,Retail,271827.47,217461.97,TechPro,Laptop X,North,54365.49,SC003,P0003
2023-12-01,Furniture,R4,1,Retail,13967.08,10894.32,HomeEase,Study Table,West,3072.76,SC003,P0007
2023-12-01,Electronics,R2,7,Distributor,37854.26,28390.69,SoundMax,Bluetooth Speaker,South,9463.56,SC001,P0001
2023-12-01,Furniture,R1,7,Online,176911.72,127376.44,WoodCraft,Wardrobe,North,49535.28,SC002,P0008
2023-12-01,Accessories,R2,1,Online,1425.11,926.32,ChargeFast,Power Bank,South,498.79,SC002,P0005
2023-12-02,Electronics,R2,2,Online,10941.11,8205.83,SoundMax,Bluetooth Speaker,South,2735.28,SC002,P0001
2023-12-02,Furniture,R2,1,Online,7274.91,5456.18,HomeEase,Office Chair,South,1818.73,SC002,P0004
2023-12-02,Furniture,R1,1,Online,14451.87,11272.46,HomeEase,Study Table,North,3179.41,SC002,P0007
2023-12-03,Furniture,R4,4,Retail,101079.4,72777.17,WoodCraft,Wardrobe,West,28302.23,SC003,P0008
2023-12-03,Electronics,R4,7,Online,393440.28,314752.23,TechPro,Laptop X,West,78688.06,SC002,P0003
2023-12-04,Furniture,R3,7,Online,101664.14,79298.03,HomeEase,Study Table,East,22366.11,SC002,P0007
2023-12-04,Furniture,R1,5,Online,128420.54,92462.79,WoodCraft,Wardrobe,North,35957.75,SC002,P0008
2023-12-04,Accessories,R4,5,Online,8138.37,5289.94,ChargeFast,Power Bank,West,2848.43,SC002,P0005
2023-12-04,Furniture,R4,5,Retail,125045.51,90032.77,WoodCraft,Wardrobe,West,35012.74,SC003,P0008
2023-12-05,Electronics,R3,7,Online,37033.6,27775.2,SoundMax,Bluetooth Speaker,East,9258.4,SC002,P0001
2023-12-05,Electronics,R2,4,Retail,19089.26,14316.95,SoundMax,Bluetooth Speaker,South,4772.32,SC003,P0001
2023-12-05,Electronics,R4,7,Online,428097.06,342477.65,TechPro,Laptop X,West,85619.41,SC002,P0003
2023-12-06,Electronics,R2,4,Online,255292.48,204233.98,TechPro,Laptop X,South,51058.5,SC002,P0003
2023-12-06,Accessories,R2,2,Retail,3063.27,1991.12,ChargeFast,Power Bank,South,1072.14,SC003,P0005
2023-12-06,Electronics,R1,1,Retail,58455.25,46764.2,TechPro,Laptop X,North,11691.05,SC003,P0003
2023-12-06,Furniture,R2,4,Online,100816.54,72587.91,WoodCraft,Wardrobe,South,28228.63,SC002,P0008
2023-12-06,Accessories,R2,5,Online,7583.81,4929.47,ChargeFast,Power Bank,South,2654.33,SC002,P0005
2023-12-07,Electronics,R3,2,Online,9138.61,6853.96,SoundMax,Bluetooth Speaker,East,2284.65,SC002,P0001
2023-12-07,Electronics,R2,5,Online,25888.41,19416.31,SoundMax,Bluetooth Speaker,South,6472.1,SC002,P0001
2023-12-07,Electronics,R2,4,Retail,19642.39,14731.8,SoundMax,Bluetooth Speaker,South,4910.6,SC003,P0001
2023-12-07,Accessories,R1,2,Retail,2753.26,1789.62,ChargeFast,Power Bank,North,963.64,SC003,P0005
2023-12-08,Electronics,R1,2,Online,120508.17,96406.54,TechPro,Laptop X,North,24101.63,SC002,P0003
2023-12-08,Electronics,R1,2,Online,58308.01,47812.57,TechPro,Smartphone Z,North,10495.44,SC002,P0006
2023-12-08,Accessories,R3,5,Retail,12080.0,7248.0,CarryLite,Laptop Bag,East,4832.0,SC003,P0002
2023-12-09,Electronics,R1,5,Online,284780.89,227824.72,TechPro,Laptop X,North,56956.18,SC002,P0003
2023-12-09,Electronics,R2,7,Online,33272.41,24954.31,SoundMax,Bluetooth Speaker,South,8318.1,SC002,P0001
2023-12-09,Furniture,R3,4,Online,54211.74,42285.16,HomeEase,Study Table,East,11926.58,SC002,P0007
2023-12-10,Furniture,R2,7,Online,105913.17,82612.27,HomeEase,Study Table,South,23300.9,SC002,P0007
2023-12-10,Electronics,R4,2,Online,10606.42,7954.82,SoundMax,Bluetooth Speaker,West,2651.61,SC002,P0001
2023-12-11,Electronics,R3,2,Online,58589.81,48043.65,TechPro,Smartphone Z,East,10546.17,SC002,P0006
2023-12-11,Electronics,R1,2,Online,10702.52,8026.89,SoundMax,Bluetooth Speaker,North,2675.63,SC002,P0001
2023-12-11,Furniture,R1,7,Online,45065.76,33799.32,HomeEase,Office Chair,North,11266.44,SC002,P0004
2023-12-11,Electronics,R1,1,Online,27923.78,22897.5,TechPro,Smartphone Z,North,5026.28,SC002,P0006
2023-12-11,Furniture,R1,1,Online,26934.2,19392.63,WoodCraft,Wardrobe,North,7541.58,SC002,P0008
2023-12-12,Accessories,R1,7,Online,17673.9,10604.34,CarryLite,Laptop Bag,North,7069.56,SC002,P0002
2023-12-12,Accessories,R2,1,Online,2458.32,1474.99,CarryLite,Laptop Bag,South,983.33,SC002,P0002
2023-12-12,Electronics,R2,2,Distributor,129324.8,103459.84,TechPro,Laptop X,South,25864.96,SC001,P0003
2023-12-12,Electronics,R4,4,Retail,257368.5,205894.8,TechPro,Laptop X,West,51473.7,SC003,P0003
2023-12-13,Furniture,R3,4,Online,58894.73,45937.89,HomeEase,Study Table,East,12956.84,SC002,P0007
2023-12-13,Electronics,R2,5,Online,148487.5,121759.75,TechPro,Smartphone Z,South,26727.75,SC002,P0006
2023-12-14,Electronics,R4,1,Online,30589.12,25083.08,TechPro,Smartphone Z,West,5506.04,SC002,P0006
2023-12-14,Furniture,R2,7,Retail,49586.0,37189.5,HomeEase,Office Chair,South,12396.5,SC003,P0004
2023-12-15,Electronics,R2,7,Online,37590.17,28192.63,SoundMax,Bluetooth Speaker,South,9397.54,SC002,P0001
2023-12-15,Furniture,R3,2,Retail,27090.14,21130.31,HomeEase,Study Table,East,5959.83,SC003,P0007
2023-12-15,Electronics,R1,7,Online,210131.61,172307.92,TechPro,Smartphone Z,North,37823.69,SC002,P0006
2023-12-15,Electronics,R2,2,Retail,127322.24,101857.79,TechPro,Laptop X,South,25464.45,SC003,P0003
2023-12-15,Accessories,R2,5,Online,7347.72,4776.02,ChargeFast,Power Bank,South,2571.7,SC002,P0005
2023-12-16,Furniture,R2,7,Distributor,160931.56,115870.72,WoodCraft,Wardrobe,South,45060.84,SC001,P0008
2023-12-16,Furniture,R2,4,Online,28198.31,21148.74,HomeEase,Office Chair,South,7049.58,SC002,P0004
2023-12-17,Furniture,R4,7,Retail,168576.41,121375.01,WoodCraft,Wardrobe,West,47201.39,SC003,P0008
2023-12-17,Furniture,R1,1,Retail,15026.05,11720.32,HomeEase,Study Table,North,3305.73,SC003,P0007
2023-12-17,Electronics,R4,5,Online,150609.71,123499.96,TechPro,Smartphone Z,West,27109.75,SC002,P0006
2023-12-17,Accessories,R3,2,Online,3010.56,1956.86,ChargeFast,Power Bank,East,1053.7,SC002,P0005
2023-12-17,Electronics,R2,7,Distributor,410560.47,328448.37,TechPro,Laptop X,South,82112.09,SC001,P0003
2023-12-18,Accessories,R2,4,Online,6204.54,4032.95,ChargeFast,Power Bank,South,2171.59,SC002,P0005
2023-12-18,Electronics,R2,2,Retail,110049.8,88039.84,TechPro,Laptop X,South,22009.96,SC003,P0003
2023-12-18,Accessories,R4,7,Online,17846.54,10707.92,CarryLite,Laptop Bag,West,7138.62,SC002,P0002
2023-12-18,Electronics,R2,4,Online,126750.98,103935.8,TechPro,Smartphone Z,South,22815.18,SC002,P0006
2023-12-18,Electronics,R2,1,Retail,5409.59,4057.19,SoundMax,Bluetooth Speaker,South,1352.4,SC003,P0001
2023-12-19,Electronics,R4,2,Retail,60388.32,49518.42,TechPro,Smartphone Z,West,10869.9,SC003,P0006
2023-12-19,Electronics,R2,1,Online,65495.75,52396.6,TechPro,Laptop X,South,13099.15,SC002,P0003
2023-12-19,Furniture,R3,2,Online,14996.59,11247.44,HomeEase,Office Chair,East,3749.15,SC002,P0004
2023-12-19,Electronics,R1,2,Online,57187.05,46893.38,TechPro,Smartphone Z,North,10293.67,SC002,P0006
2023-12-19,Furniture,R1,2,Online,12613.68,9460.26,HomeEase,Office Chair,North,3153.42,SC002,P0004
2023-12-20,Electronics,R4,4,Online,238107.96,190486.37,TechPro,Laptop X,West,47621.59,SC002,P0003
2023-12-20,Accessories,R4,1,Retail,1618.87,1052.27,ChargeFast,Power Bank,West,566.6,SC003,P0005
2023-12-20,Accessories,R4,1,Online,1418.91,922.29,ChargeFast,Power Bank,West,496.62,SC002,P0005
2023-12-21,Accessories,R3,1,Online,1432.22,930.95,ChargeFast,Power Bank,East,501.28,SC002,P0005
2023-12-21,Accessories,R2,7,Online,15953.76,9572.26,CarryLite,Laptop Bag,South,6381.5,SC002,P0002
2023-12-21,Accessories,R2,5,Online,13527.09,8116.25,CarryLite,Laptop Bag,South,5410.83,SC002,P0002
2023-12-21,Furniture,R4,4,Retail,94205.52,67827.98,WoodCraft,Wardrobe,West,26377.55,SC003,P0008
2023-12-22,Accessories,R1,5,Online,11954.48,7172.69,CarryLite,Laptop Bag,North,4781.79,SC002,P0002
2023-12-22,Furniture,R2,5,Online,69883.87,54509.42,HomeEase,Study Table,South,15374.45,SC002,P0007
2023-12-22,Electronics,R2,7,Online,410149.25,328119.4,TechPro,Laptop X,South,82029.85,SC002,P0003
2023-12-22,Furniture,R4,7,Retail,44146.18,33109.64,HomeEase,Office Chair,West,11036.55,SC003,P0004
2023-12-22,Electronics,R4,7,Online,437715.12,350172.1,TechPro,Laptop X,West,87543.02,SC002,P0003
2023-12-23,Electronics,R1,5,Distributor,135212.9,110874.57,TechPro,Smartphone Z,North,24338.32,SC001,P0006
2023-12-23,Accessories,R3,1,Online,1560.79,1014.51,ChargeFast,Power Bank,East,546.28,SC002,P0005
2023-12-23,Accessories,R2,5,Distributor,12855.28,7713.17,CarryLite,Laptop Bag,South,5142.11,SC001,P0002
2023-12-23,Electronics,R3,7,Distributor,216739.73,177726.58,TechPro,Smartphone Z,East,39013.15,SC001,P0006
2023-12-24,Electronics,R3,1,Online,30279.69,24829.35,TechPro,Smartphone Z,East,5450.34,SC002,P0006
2023-12-24,Electronics,R2,1,Online,5172.28,3879.21,SoundMax,Bluetooth Speaker,South,1293.07,SC002,P0001
2023-12-24,Furniture,R4,2,Retail,13923.21,10442.41,HomeEase,Office Chair,West,3480.8,SC003,P0004
2023-12-24,Accessories,R2,7,Online,19064.16,11438.5,CarryLite,Laptop Bag,South,7625.66,SC002,P0002
2023-12-25,Electronics,R1,2,Distributor,9808.98,7356.74,SoundMax,Bluetooth Speaker,North,2452.25,SC001,P0001
2023-12-25,Electronics,R2,4,Online,123872.4,101575.37,TechPro,Smartphone Z,South,22297.03,SC002,P0006
2023-12-25,Electronics,R4,7,Online,407073.11,325658.49,TechPro,Laptop X,West,81414.62,SC002,P0003
2023-12-25,Accessories,R1,4,Online,9031.0,5418.6,CarryLite,Laptop Bag,North,3612.4,SC002,P0002
2023-12-26,Electronics,R3,1,Online,32415.25,26580.51,TechPro,Smartphone Z,East,5834.75,SC002,P0006
2023-12-26,Electronics,R2,4,Retail,254047.8,203238.24,TechPro,Laptop X,South,50809.56,SC003,P0003
2023-12-27,Electronics,R1,1,Distributor,4502.91,3377.18,SoundMax,Bluetooth Speaker,North,1125.73,SC001,P0001
2023-12-27,Electronics,R2,1,Online,59450.57,47560.46,TechPro,Laptop X,South,11890.11,SC002,P0003
2023-12-27,Accessories,R2,7,Online,11262.22,7320.45,ChargeFast,Power Bank,South,3941.78,SC002,P0005
2023-12-27,Electronics,R2,2,Online,130383.55,104306.84,TechPro,Laptop X,South,26076.71,SC002,P0003
2023-12-27,Electronics,R4,4,Online,258156.12,206524.89,TechPro,Laptop X,West,51631.22,SC002,P0003
2023-12-28,Electronics,R2,2,Online,10775.68,8081.76,SoundMax,Bluetooth Speaker,South,2693.92,SC002,P0001
2023-12-28,Electronics,R4,2,Distributor,57404.95,47072.06,TechPro,Smartphone Z,West,10332.89,SC001,P0006
2023-12-29,Furniture,R3,2,Online,47422.93,34144.51,WoodCraft,Wardrobe,East,13278.42,SC002,P0008
2023-12-29,Accessories,R2,5,Online,13682.4,8209.44,CarryLite,Laptop Bag,South,5472.96,SC002,P0002
2023-12-29,Electronics,R1,1,Online,60680.51,48544.41,TechPro,Laptop X,North,12136.1,SC002,P0003
2023-12-29,Furniture,R2,7,Online,174446.46,125601.45,WoodCraft,Wardrobe,South,48845.01,SC002,P0008
2023-12-29,Furniture,R3,2,Online,12840.22,9630.17,HomeEase,Office Chair,East,3210.06,SC002,P0004
2023-12-30,Electronics,R1,7,Online,448188.02,358550.42,TechPro,Laptop X,North,89637.6,SC002,P0003
2023-12-30,Electronics,R2,5,Distributor,141041.97,115654.42,TechPro,Smartphone Z,South,25387.56,SC001,P0006
2023-12-30,Accessories,R1,2,Online,3098.46,2014.0,ChargeFast,Power Bank,North,1084.46,SC002,P0005
2023-12-30,Furniture,R2,4,Retail,27485.03,20613.77,HomeEase,Office Chair,South,6871.26,SC003,P0004
2023-12-30,Electronics,R4,1,Retail,54129.58,43303.66,TechPro,Laptop X,West,10825.92,SC003,P0003
2023-12-31,Furniture,R4,4,Online,98200.48,70704.34,WoodCraft,Wardrobe,West,27496.13,SC002,P0008
2023-12-31,Electronics,R2,4,Online,126056.04,103365.96,TechPro,Smartphone Z,South,22690.09,SC002,P0006
2024-01-01,Electronics,R2,2,Retail,65013.1,53310.75,TechPro,Smartphone Z,South,11702.36,SC003,P0006
2024-01-01,Electronics,R3,3,Online,15468.61,11601.46,SoundMax,Bluetooth Speaker,East,3867.15,SC002,P0001
2024-01-01,Electronics,R2,3,Distributor,15378.29,11533.72,SoundMax,Bluetooth Speaker,South,3844.57,SC001,P0001
2024-01-02,Electronics,R1,3,Online,165742.54,132594.03,TechPro,Laptop X,North,33148.51,SC002,P0003
2024-01-02,Accessories,R4,3,Online,4516.49,2935.72,ChargeFast,Power Bank,West,1580.77,SC002,P0005
2024-01-02,Electronics,R2,2,Retail,128748.99,102999.19,TechPro,Laptop X,South,25749.8,SC003,P0003
2024-01-02,Electronics,R3,3,Online,14874.76,11156.07,SoundMax,Bluetooth Speaker,East,3718.69,SC002,P0001
2024-01-02,Electronics,R2,3,Retail,191078.61,152862.89,TechPro,Laptop X,South,38215.72,SC003,P0003
2024-01-03,Electronics,R4,2,Retail,56526.34,46351.6,TechPro,Smartphone Z,West,10174.74,SC003,P0006
2024-01-03,Furniture,R4,3,Online,22139.14,16604.36,HomeEase,Office Chair,West,5534.79,SC002,P0004
2024-01-03,Electronics,R2,1,Online,5001.94,3751.45,SoundMax,Bluetooth Speaker,South,1250.48,SC002,P0001
2024-01-04,Accessories,R2,5,Online,13274.43,7964.66,CarryLite,Laptop Bag,South,5309.77,SC002,P0002
2024-01-04,Accessories,R1,2,Retail,3140.59,2041.38,ChargeFast,Power Bank,North,1099.21,SC003,P0005
2024-01-04,Furniture,R2,1,Online,23966.74,17256.06,WoodCraft,Wardrobe,South,6710.69,SC002,P0008
2024-01-05,Electronics,R4,2,Online,9341.54,7006.15,SoundMax,Bluetooth Speaker,West,2335.38,SC002,P0001
2024-01-05,Electronics,R1,3,Online,82933.46,68005.44,TechPro,Smartphone Z,North,14928.02,SC002,P0006
2024-01-06,Accessories,R2,5,Distributor,11578.91,6947.35,CarryLite,Laptop Bag,South,4631.57,SC001,P0002
2024-01-06,Electronics,R2,2,Retail,55320.21,45362.57,TechPro,Smartphone Z,South,9957.64,SC003,P0006
2024-01-07,Electronics,R1,4,Online,19138.75,14354.06,SoundMax,Bluetooth Speaker,North,4784.69,SC002,P0001
2024-01-07,Accessories,R2,2,Online,3152.21,2048.94,ChargeFast,Power Bank,South,1103.27,SC002,P0005
2024-01-07,Accessories,R4,2,Online,3117.25,2026.21,ChargeFast,Power Bank,West,1091.04,SC002,P0005
2024-01-08,Electronics,R2,1,Online,5312.41,3984.31,SoundMax,Bluetooth Speaker,South,1328.1,SC002,P0001
2024-01-08,Accessories,R4,3,Distributor,7230.99,4338.6,CarryLite,Laptop Bag,West,2892.4,SC001,P0002
2024-01-09,Electronics,R4,1,Distributor,4756.29,3567.22,SoundMax,Bluetooth Speaker,West,1189.07,SC001,P0001
2024-01-09,Electronics,R2,5,Online,140744.69,115410.64,TechPro,Smartphone Z,South,25334.04,SC002,P0006
2024-01-09,Electronics,R2,2,Retail,65566.99,53764.93,TechPro,Smartphone Z,South,11802.06,SC003,P0006
2024-01-10,Electronics,R2,5,Retail,137836.69,113026.09,TechPro,Smartphone Z,South,24810.6,SC003,P0006
2024-01-10,Furniture,R3,5,Online,116012.48,83528.98,WoodCraft,Wardrobe,East,32483.49,SC002,P0008
2024-01-10,Furniture,R4,1,Retail,27242.13,19614.33,WoodCraft,Wardrobe,West,7627.8,SC003,P0008
2024-01-11,Electronics,R1,2,Online,65739.19,53906.13,TechPro,Smartphone Z,North,11833.05,SC002,P0006
2024-01-11,Electronics,R2,1,Online,4930.32,3697.74,SoundMax,Bluetooth Speaker,South,1232.58,SC002,P0001
2024-01-12,Electronics,R1,3,Distributor,187700.43,150160.35,TechPro,Laptop X,North,37540.09,SC001,P0003
2024-01-12,Electronics,R1,1,Distributor,57639.37,46111.5,TechPro,Laptop X,North,11527.87,SC001,P0003
2024-01-12,Electronics,R3,2,Distributor,59312.83,48636.52,TechPro,Smartphone Z,East,10676.31,SC001,P0006
2024-01-12,Accessories,R1,4,Online,6243.44,4058.24,ChargeFast,Power Bank,North,2185.2,SC002,P0005
2024-01-12,Electronics,R3,3,Retail,13793.57,10345.18,SoundMax,Bluetooth Speaker,East,3448.39,SC003,P0001
2024-01-13,Electronics,R1,5,Online,291138.53,232910.83,TechPro,Laptop X,North,58227.71,SC002,P0003
2024-01-13,Electronics,R4,1,Online,5033.62,3775.21,SoundMax,Bluetooth Speaker,West,1258.4,SC002,P0001
2024-01-13,Accessories,R4,1,Online,1503.77,977.45,ChargeFast,Power Bank,West,526.32,SC002,P0005
2024-01-13,Electronics,R3,3,Retail,182040.55,145632.44,TechPro,Laptop X,East,36408.11,SC003,P0003
2024-01-14,Electronics,R1,2,Retail,112225.98,89780.79,TechPro,Laptop X,North,22445.2,SC003,P0003
2024-01-14,Furniture,R4,1,Retail,25773.85,18557.17,WoodCraft,Wardrobe,West,7216.68,SC003,P0008
2024-01-14,Electronics,R2,5,Online,160669.31,131748.83,TechPro,Smartphone Z,South,28920.48,SC002,P0006
2024-01-15,Electronics,R3,3,Online,14767.62,11075.71,SoundMax,Bluetooth Speaker,East,3691.9,SC002,P0001
2024-01-15,Electronics,R1,4,Online,228047.39,182437.91,TechPro,Laptop X,North,45609.48,SC002,P0003
2024-01-15,Furniture,R2,2,Online,53413.4,38457.65,WoodCraft,Wardrobe,South,14955.75,SC002,P0008
2024-01-15,Furniture,R2,3,Online,43076.33,33599.54,HomeEase,Study Table,South,9476.79,SC002,P0007
2024-01-16,Furniture,R1,4,Retail,104778.57,75440.57,WoodCraft,Wardrobe,North,29338.0,SC003,P0008
2024-01-16,Accessories,R4,1,Retail,2400.7,1440.42,CarryLite,Laptop Bag,West,960.28,SC003,P0002
2024-01-16,Furniture,R2,3,Online,70752.21,50941.59,WoodCraft,Wardrobe,South,19810.62,SC002,P0008
2024-01-16,Furniture,R2,2,Online,29602.67,23090.08,HomeEase,Study Table,South,6512.59,SC002,P0007
2024-01-16,Electronics,R4,2,Online,128734.92,102987.93,TechPro,Laptop X,West,25746.98,SC002,P0003
2024-01-17,Electronics,R3,4,Online,117369.03,96242.61,TechPro,Smartphone Z,East,21126.43,SC002,P0006
2024-01-17,Electronics,R2,4,Online,19238.53,14428.9,SoundMax,Bluetooth Speaker,South,4809.63,SC002,P0001
2024-01-17,Furniture,R2,5,Online,123291.51,88769.88,WoodCraft,Wardrobe,South,34521.62,SC002,P0008
2024-01-17,Accessories,R4,5,Online,11263.61,6758.17,CarryLite,Laptop Bag,West,4505.44,SC002,P0002
2024-01-18,Electronics,R4,2,Online,61737.08,50624.41,TechPro,Smartphone Z,West,11112.67,SC002,P0006
2024-01-18,Electronics,R4,4,Retail,20603.31,15452.48,SoundMax,Bluetooth Speaker,West,5150.83,SC003,P0001
2024-01-18,Electronics,R4,3,Online,193368.01,154694.41,TechPro,Laptop X,West,38673.6,SC002,P0003
2024-01-18,Accessories,R4,3,Distributor,4946.67,3215.33,ChargeFast,Power Bank,West,1731.33,SC001,P0005
2024-01-18,Accessories,R4,1,Online,2441.77,1465.06,CarryLite,Laptop Bag,West,976.71,SC002,P0002
2024-01-19,Accessories,R3,5,Online,12090.4,7254.24,CarryLite,Laptop Bag,East,4836.16,SC002,P0002
2024-01-19,Electronics,R2,5,Online,26769.33,20077.0,SoundMax,Bluetooth Speaker,South,6692.33,SC002,P0001
2024-01-20,Electronics,R1,4,Online,18552.98,13914.74,SoundMax,Bluetooth Speaker,North,4638.25,SC002,P0001
2024-01-20,Electronics,R3,2,Online,9841.79,7381.34,SoundMax,Bluetooth Speaker,East,2460.45,SC002,P0001
2024-01-20,Accessories,R4,5,Distributor,12092.12,7255.27,CarryLite,Laptop Bag,West,4836.85,SC001,P0002
2024-01-20,Furniture,R1,1,Online,16050.95,12519.74,HomeEase,Study Table,North,3531.21,SC002,P0007
2024-01-20,Electronics,R2,1,Retail,4776.24,3582.18,SoundMax,Bluetooth Speaker,South,1194.06,SC003,P0001
2024-01-21,Furniture,R3,2,Online,30368.87,23687.72,HomeEase,Study Table,East,6681.15,SC002,P0007
2024-01-21,Electronics,R2,2,Distributor,122627.23,98101.78,TechPro,Laptop X,South,24525.45,SC001,P0003
2024-01-21,Accessories,R2,1,Retail,1366.91,888.49,ChargeFast,Power Bank,South,478.42,SC003,P0005
2024-01-22,Furniture,R2,5,Retail,76690.27,59818.41,HomeEase,Study Table,South,16871.86,SC003,P0007
2024-01-22,Furniture,R3,5,Online,32334.9,24251.18,HomeEase,Office Chair,East,8083.73,SC002,P0004
2024-01-22,Electronics,R2,5,Online,26445.2,19833.9,SoundMax,Bluetooth Speaker,South,6611.3,SC002,P0001
2024-01-22,Electronics,R4,1,Online,27367.3,22441.19,TechPro,Smartphone Z,West,4926.11,SC002,P0006
2024-01-23,Electronics,R1,4,Online,227444.5,181955.6,TechPro,Laptop X,North,45488.9,SC002,P0003
2024-01-23,Accessories,R3,2,Distributor,3000.35,1950.23,ChargeFast,Power Bank,East,1050.12,SC001,P0005
2024-01-23,Accessories,R3,1,Online,2521.29,1512.77,CarryLite,Laptop Bag,East,1008.52,SC002,P0002
2024-01-24,Furniture,R4,5,Online,69200.81,53976.63,HomeEase,Study Table,West,15224.18,SC002,P0007
2024-01-24,Furniture,R2,1,Online,26603.21,19154.31,WoodCraft,Wardrobe,South,7448.9,SC002,P0008
2024-01-24,Electronics,R4,1,Online,5246.31,3934.74,SoundMax,Bluetooth Speaker,West,1311.58,SC002,P0001
2024-01-24,Electronics,R1,3,Distributor,97499.58,79949.65,TechPro,Smartphone Z,North,17549.92,SC001,P0006
2024-01-24,Furniture,R2,1,Online,26028.3,18740.37,WoodCraft,Wardrobe,South,7287.92,SC002,P0008
2024-01-25,Furniture,R4,4,Online,56304.2,43917.27,HomeEase,Study Table,West,12386.92,SC002,P0007
2024-01-25,Accessories,R4,1,Distributor,2745.11,1647.07,CarryLite,Laptop Bag,West,1098.04,SC001,P0002
2024-01-25,Electronics,R1,3,Retail,14030.05,10522.54,SoundMax,Bluetooth Speaker,North,3507.51,SC003,P0001
2024-01-25,Furniture,R4,1,Retail,6595.69,4946.77,HomeEase,Office Chair,West,1648.92,SC003,P0004
2024-01-25,Electronics,R4,3,Retail,13617.24,10212.93,SoundMax,Bluetooth Speaker,West,3404.31,SC003,P0001
2024-01-26,Electronics,R4,5,Distributor,321662.0,257329.6,TechPro,Laptop X,West,64332.4,SC001,P0003
2024-01-26,Furniture,R3,2,Online,13644.05,10233.04,HomeEase,Office Chair,East,3411.01,SC002,P0004
2024-01-27,Electronics,R1,5,Online,153096.66,125539.26,TechPro,Smartphone Z,North,27557.4,SC002,P0006
2024-01-27,Electronics,R4,2,Retail,10246.63,7684.97,SoundMax,Bluetooth Speaker,West,2561.66,SC003,P0001
2024-01-28,Furniture,R2,2,Online,29134.64,22725.02,HomeEase,Study Table,South,6409.62,SC002,P0007
2024-01-28,Electronics,R3,4,Online,119604.53,98075.71,TechPro,Smartphone Z,East,21528.82,SC002,P0006
2024-01-28,Furniture,R1,5,Online,79678.64,62149.34,HomeEase,Study Table,North,17529.3,SC002,P0007
2024-01-28,Accessories,R3,5,Retail,6984.64,4540.02,ChargeFast,Power Bank,East,2444.62,SC003,P0005
2024-01-29,Electronics,R4,1,Online,5171.22,3878.42,SoundMax,Bluetooth Speaker,West,1292.81,SC002,P0001
2024-01-29,Electronics,R3,5,Retail,316186.34,252949.07,TechPro,Laptop X,East,63237.27,SC003,P0003
2024-01-29,Furniture,R4,4,Distributor,60934.52,47528.93,HomeEase,Study Table,West,13405.6,SC001,P0007
2024-01-30,Furniture,R1,3,Online,19624.27,14718.21,HomeEase,Office Chair,North,4906.07,SC002,P0004
2024-01-30,Furniture,R2,2,Online,52472.25,37780.02,WoodCraft,Wardrobe,South,14692.23,SC002,P0008
2024-01-30,Electronics,R3,4,Online,129146.52,105900.15,TechPro,Smartphone Z,East,23246.37,SC002,P0006
2024-01-30,Electronics,R4,3,Retail,16034.38,12025.78,SoundMax,Bluetooth Speaker,West,4008.59,SC003,P0001
2024-01-31,Electronics,R4,3,Retail,182174.36,145739.49,TechPro,Laptop X,West,36434.87,SC003,P0003
2024-01-31,Furniture,R1,4,Online,99590.38,71705.08,WoodCraft,Wardrobe,North,27885.31,SC002,P0008
2024-01-31,Electronics,R1,4,Online,229414.53,183531.63,TechPro,Laptop X,North,45882.91,SC002,P0003
2024-01-31,Furniture,R4,2,Online,46421.41,33423.41,WoodCraft,Wardrobe,West,12997.99,SC002,P0008
2024-01-31,Furniture,R2,5,Distributor,135708.39,97710.04,WoodCraft,Wardrobe,South,37998.35,SC001,P0008
2024-02-01,Electronics,R3,3,Online,15082.37,11311.78,SoundMax,Bluetooth Speaker,East,3770.59,SC002,P0001
2024-02-01,Electronics,R4,4,Online,259901.59,207921.27,TechPro,Laptop X,West,51980.32,SC002,P0003
2024-02-01,Electronics,R1,1,Retail,31835.15,26104.82,TechPro,Smartphone Z,North,5730.33,SC003,P0006
2024-02-02,Electronics,R2,4,Online,230526.74,184421.39,TechPro,Laptop X,South,46105.35,SC002,P0003
2024-02-02,Furniture,R2,3,Retail,21081.47,15811.1,HomeEase,Office Chair,South,5270.37,SC003,P0004
2024-02-02,Furniture,R2,1,Retail,14089.32,10989.67,HomeEase,Study Table,South,3099.65,SC003,P0007
2024-02-02,Furniture,R2,0,Retail,0.0,0.0,HomeEase,Office Chair,South,0.0,SC003,P0004
2024-02-03,Electronics,R4,4,Online,21431.67,16073.75,SoundMax,Bluetooth Speaker,West,5357.92,SC002,P0001
2024-02-03,Electronics,R2,2,Online,123133.42,98506.74,TechPro,Laptop X,South,24626.68,SC002,P0003
2024-02-03,Furniture,R2,3,Online,22592.66,16944.49,HomeEase,Office Chair,South,5648.16,SC002,P0004
2024-02-04,Electronics,R2,4,Online,18097.56,13573.17,SoundMax,Bluetooth Speaker,South,4524.39,SC002,P0001
2024-02-04,Furniture,R2,1,Distributor,25761.32,18548.15,WoodCraft,Wardrobe,South,7213.17,SC001,P0008
2024-02-04,Furniture,R1,0,Retail,0.0,0.0,WoodCraft,Wardrobe,North,0.0,SC003,P0008
2024-02-04,Electronics,R1,4,Distributor,19273.41,14455.06,SoundMax,Bluetooth Speaker,North,4818.35,SC001,P0001
2024-02-04,Electronics,R3,3,Retail,16033.21,12024.91,SoundMax,Bluetooth Speaker,East,4008.3,SC003,P0001
2024-02-05,Electronics,R3,0,Online,0.0,0.0,TechPro,Laptop X,East,0.0,SC002,P0003
2024-02-05,Furniture,R4,2,Distributor,30786.21,24013.24,HomeEase,Study Table,West,6772.97,SC001,P0007
2024-02-05,Accessories,R2,4,Retail,6425.69,4176.7,ChargeFast,Power Bank,South,2248.99,SC003,P0005
2024-02-06,Accessories,R2,3,Online,7370.2,4422.12,CarryLite,Laptop Bag,South,2948.08,SC002,P0002
2024-02-06,Electronics,R2,2,Retail,61268.39,50240.08,TechPro,Smartphone Z,South,11028.31,SC003,P0006
2024-02-06,Furniture,R2,2,Online,13830.62,10372.97,HomeEase,Office Chair,South,3457.66,SC002,P0004
2024-02-06,Electronics,R3,2,Retail,64397.13,52805.65,TechPro,Smartphone Z,East,11591.48,SC003,P0006
2024-02-06,Electronics,R1,0,Online,0.0,0.0,TechPro,Laptop X,North,0.0,SC002,P0003
2024-02-07,Electronics,R1,4,Online,20645.79,15484.34,SoundMax,Bluetooth Speaker,North,5161.45,SC002,P0001
2024-02-07,Accessories,R1,4,Online,10149.68,6089.81,CarryLite,Laptop Bag,North,4059.87,SC002,P0002
2024-02-07,Electronics,R2,0,Distributor,0.0,0.0,TechPro,Smartphone Z,South,0.0,SC001,P0006
2024-02-07,Accessories,R3,0,Online,0.0,0.0,CarryLite,Laptop Bag,East,0.0,SC002,P0002
2024-02-07,Furniture,R2,0,Online,0.0,0.0,HomeEase,Study Table,South,0.0,SC002,P0007
2024-02-08,Furniture,R2,4,Retail,63871.78,49819.98,HomeEase,Study Table,South,14051.79,SC003,P0007
2024-02-08,Electronics,R4,0,Online,0.0,0.0,SoundMax,Bluetooth Speaker,West,0.0,SC002,P0001
2024-02-08,Accessories,R3,4,Online,6579.22,4276.49,ChargeFast,Power Bank,East,2302.73,SC002,P0005
2024-02-09,Electronics,R2,4,Online,19914.58,14935.93,SoundMax,Bluetooth Speaker,South,4978.64,SC002,P0001
2024-02-09,Electronics,R1,3,Retail,179719.78,143775.83,TechPro,Laptop X,North,35943.96,SC003,P0003
2024-02-09,Accessories,R3,0,Online,0.0,0.0,ChargeFast,Power Bank,East,0.0,SC002,P0005
2024-02-09,Furniture,R1,3,Online,41472.7,32348.7,HomeEase,Study Table,North,9123.99,SC002,P0007
2024-02-09,Electronics,R1,2,Online,9628.22,7221.16,SoundMax,Bluetooth Speaker,North,2407.05,SC002,P0001
2024-02-10,Accessories,R3,3,Online,7982.7,4789.62,CarryLite,Laptop Bag,East,3193.08,SC002,P0002
2024-02-10,Furniture,R4,0,Online,0.0,0.0,HomeEase,Office Chair,West,0.0,SC002,P0004
2024-02-10,Furniture,R4,1,Retail,7206.95,5405.21,HomeEase,Office Chair,West,1801.74,SC003,P0004
2024-02-10,Electronics,R2,3,Online,188239.34,150591.47,TechPro,Laptop X,South,37647.87,SC002,P0003
2024-02-11,Furniture,R4,2,Online,31958.72,24927.8,HomeEase,Study Table,West,7030.92,SC002,P0007
2024-02-11,Accessories,R4,1,Online,2631.65,1578.99,CarryLite,Laptop Bag,West,1052.66,SC002,P0002
2024-02-11,Furniture,R2,4,Online,90523.17,65176.68,WoodCraft,Wardrobe,South,25346.49,SC002,P0008
2024-02-11,Furniture,R2,2,Retail,12836.29,9627.21,HomeEase,Office Chair,South,3209.07,SC003,P0004
2024-02-12,Electronics,R1,0,Distributor,0.0,0.0,SoundMax,Bluetooth Speaker,North,0.0,SC001,P0001
2024-02-12,Furniture,R2,4,Retail,56532.08,44095.02,HomeEase,Study Table,South,12437.06,SC003,P0007
2024-02-13,Electronics,R2,4,Retail,127012.56,104150.3,TechPro,Smartphone Z,South,22862.26,SC003,P0006
2024-02-13,Accessories,R3,2,Distributor,4814.84,2888.9,CarryLite,Laptop Bag,East,1925.94,SC001,P0002
2024-02-13,Electronics,R3,0,Online,0.0,0.0,TechPro,Smartphone Z,East,0.0,SC002,P0006
2024-02-13,Furniture,R3,1,Online,13805.86,10768.57,HomeEase,Study Table,East,3037.29,SC002,P0007
2024-02-14,Electronics,R1,1,Retail,64072.9,51258.32,TechPro,Laptop X,North,12814.58,SC003,P0003
2024-02-14,Electronics,R2,1,Online,63639.16,50911.33,TechPro,Laptop X,South,12727.83,SC002,P0003
2024-02-14,Electronics,R1,3,Online,183209.63,146567.7,TechPro,Laptop X,North,36641.93,SC002,P0003
2024-02-14,Electronics,R2,4,Retail,21106.23,15829.67,SoundMax,Bluetooth Speaker,South,5276.56,SC003,P0001
2024-02-15,Accessories,R3,0,Online,0.0,0.0,ChargeFast,Power Bank,East,0.0,SC002,P0005
2024-02-15,Furniture,R4,1,Online,15100.44,11778.34,HomeEase,Study Table,West,3322.1,SC002,P0007
2024-02-15,Electronics,R2,2,Online,118823.68,95058.94,TechPro,Laptop X,South,23764.74,SC002,P0003
2024-02-15,Electronics,R2,3,Online,13915.96,10436.97,SoundMax,Bluetooth Speaker,South,3478.99,SC002,P0001
2024-02-16,Electronics,R4,4,Retail,253142.44,202513.95,TechPro,Laptop X,West,50628.49,SC003,P0003
2024-02-16,Electronics,R2,3,Online,171256.27,137005.01,TechPro,Laptop X,South,34251.25,SC002,P0003
2024-02-17,Electronics,R4,2,Online,113714.05,90971.24,TechPro,Laptop X,West,22742.81,SC002,P0003
2024-02-17,Accessories,R2,1,Online,1564.63,1017.01,ChargeFast,Power Bank,South,547.62,SC002,P0005
2024-02-17,Electronics,R4,1,Online,5230.42,3922.81,SoundMax,Bluetooth Speaker,West,1307.6,SC002,P0001
2024-02-18,Electronics,R4,3,Online,169696.84,135757.47,TechPro,Laptop X,West,33939.37,SC002,P0003
2024-02-18,Electronics,R4,1,Retail,4729.7,3547.28,SoundMax,Bluetooth Speaker,West,1182.43,SC003,P0001
2024-02-18,Electronics,R2,1,Online,60387.65,48310.12,TechPro,Laptop X,South,12077.53,SC002,P0003
2024-02-19,Accessories,R1,0,Online,0.0,0.0,ChargeFast,Power Bank,North,0.0,SC002,P0005
2024-02-19,Accessories,R2,3,Online,4869.58,3165.23,ChargeFast,Power Bank,South,1704.35,SC002,P0005
2024-02-20,Electronics,R1,1,Online,29997.71,24598.12,TechPro,Smartphone Z,North,5399.59,SC002,P0006
2024-02-20,Electronics,R1,3,Online,14341.39,10756.04,SoundMax,Bluetooth Speaker,North,3585.35,SC002,P0001
2024-02-20,Furniture,R1,1,Online,27446.7,19761.63,WoodCraft,Wardrobe,North,7685.08,SC002,P0008
2024-02-21,Electronics,R1,4,Online,228590.64,182872.51,TechPro,Laptop X,North,45718.13,SC002,P0003
2024-02-21,Accessories,R1,1,Retail,1518.35,986.92,ChargeFast,Power Bank,North,531.42,SC003,P0005
2024-02-22,Electronics,R1,0,Online,0.0,0.0,TechPro,Smartphone Z,North,0.0,SC002,P0006
2024-02-22,Electronics,R2,1,Online,29243.63,23979.78,TechPro,Smartphone Z,South,5263.85,SC002,P0006
2024-02-22,Accessories,R1,2,Online,2892.56,1880.16,ChargeFast,Power Bank,North,1012.4,SC002,P0005
2024-02-23,Electronics,R4,2,Online,56175.0,46063.5,TechPro,Smartphone Z,West,10111.5,SC002,P0006
2024-02-23,Furniture,R2,4,Retail,59761.08,46613.64,HomeEase,Study Table,South,13147.44,SC003,P0007
2024-02-24,Electronics,R4,2,Online,110596.07,88476.85,TechPro,Laptop X,West,22119.21,SC002,P0003
2024-02-24,Accessories,R4,2,Retail,4798.45,2879.07,CarryLite,Laptop Bag,West,1919.38,SC003,P0002
2024-02-25,Accessories,R1,4,Retail,9112.8,5467.68,CarryLite,Laptop Bag,North,3645.12,SC003,P0002
2024-02-25,Accessories,R1,4,Online,5808.53,3775.54,ChargeFast,Power Bank,North,2032.99,SC002,P0005
2024-02-25,Accessories,R1,1,Distributor,1449.09,941.91,ChargeFast,Power Bank,North,507.18,SC001,P0005
2024-02-25,Electronics,R2,1,Online,29266.78,23998.76,TechPro,Smartphone Z,South,5268.02,SC002,P0006
2024-02-25,Electronics,R2,2,Online,124406.22,99524.97,TechPro,Laptop X,South,24881.24,SC002,P0003
2024-02-26,Electronics,R1,1,Online,28530.52,23395.03,TechPro,Smartphone Z,North,5135.49,SC002,P0006
2024-02-26,Electronics,R2,3,Retail,16442.96,12332.22,SoundMax,Bluetooth Speaker,South,4110.74,SC003,P0001
2024-02-26,Accessories,R2,3,Online,6909.19,4145.51,CarryLite,Laptop Bag,South,2763.68,SC002,P0002
2024-02-26,Furniture,R2,1,Retail,26521.52,19095.5,WoodCraft,Wardrobe,South,7426.03,SC003,P0008
2024-02-27,Electronics,R2,0,Online,0.0,0.0,SoundMax,Bluetooth Speaker,South,0.0,SC002,P0001
2024-02-27,Electronics,R2,4,Online,120642.22,98926.62,TechPro,Smartphone Z,South,21715.6,SC002,P0006
2024-02-27,Electronics,R2,4,Online,110442.11,90562.53,TechPro,Smartphone Z,South,19879.58,SC002,P0006
2024-02-28,Electronics,R2,1,Retail,58940.97,47152.78,TechPro,Laptop X,South,11788.19,SC003,P0003
2024-02-28,Electronics,R2,2,Retail,129916.94,103933.55,TechPro,Laptop X,South,25983.39,SC003,P0003
2024-02-28,Furniture,R1,0,Online,0.0,0.0,HomeEase,Study Table,North,0.0,SC002,P0007
2024-02-29,Electronics,R3,2,Retail,10516.81,7887.61,SoundMax,Bluetooth Speaker,East,2629.2,SC003,P0001
2024-02-29,Electronics,R1,3,Retail,14940.38,11205.28,SoundMax,Bluetooth Speaker,North,3735.09,SC003,P0001
2024-02-29,Accessories,R2,4,Online,6106.72,3969.37,ChargeFast,Power Bank,South,2137.35,SC002,P0005
2024-02-29,Furniture,R2,0,Online,0.0,0.0,HomeEase,Study Table,South,0.0,SC002,P0007
2024-02-29,Electronics,R1,1,Retail,63562.18,50849.74,TechPro,Laptop X,North,12712.44,SC003,P0003
2024-03-01,Electronics,R3,4,Retail,131266.55,107638.57,TechPro,Smartphone Z,East,23627.98,SC003,P0006
2024-03-01,Furniture,R2,1,Retail,7164.77,5373.58,HomeEase,Office Chair,South,1791.19,SC003,P0004
2024-03-02,Furniture,R4,0,Retail,0.0,0.0,HomeEase,Study Table,West,0.0,SC003,P0007
2024-03-02,Electronics,R1,2,Online,116105.95,92884.76,TechPro,Laptop X,North,23221.19,SC002,P0003
2024-03-02,Electronics,R3,1,Distributor,4529.17,3396.88,SoundMax,Bluetooth Speaker,East,1132.29,SC001,P0001
2024-03-02,Furniture,R4,0,Online,0.0,0.0,HomeEase,Study Table,West,0.0,SC002,P0007
2024-03-02,Accessories,R1,0,Online,0.0,0.0,CarryLite,Laptop Bag,North,0.0,SC002,P0002
2024-03-03,Electronics,R1,3,Distributor,194530.24,155624.19,TechPro,Laptop X,North,38906.05,SC001,P0003
2024-03-03,Electronics,R3,4,Retail,121591.11,99704.71,TechPro,Smartphone Z,East,21886.4,SC003,P0006
2024-03-03,Electronics,R2,1,Online,5321.58,3991.18,SoundMax,Bluetooth Speaker,South,1330.39,SC002,P0001
2024-03-04,Electronics,R1,3,Retail,16115.96,12086.97,SoundMax,Bluetooth Speaker,North,4028.99,SC003,P0001
2024-03-04,Electronics,R4,0,Online,0.0,0.0,TechPro,Laptop X,West,0.0,SC002,P0003
2024-03-04,Furniture,R2,4,Retail,54620.23,42603.78,HomeEase,Study Table,South,12016.45,SC003,P0007
2024-03-04,Electronics,R2,4,Online,240821.8,192657.44,TechPro,Laptop X,South,48164.36,SC002,P0003
2024-03-04,Furniture,R4,2,Retail,27937.99,21791.63,HomeEase,Study Table,West,6146.36,SC003,P0007
2024-03-05,Furniture,R3,1,Online,6539.06,4904.3,HomeEase,Office Chair,East,1634.77,SC002,P0004
2024-03-05,Electronics,R1,4,Online,18682.71,14012.03,SoundMax,Bluetooth Speaker,North,4670.68,SC002,P0001
2024-03-05,Furniture,R2,3,Online,21852.99,16389.75,HomeEase,Office Chair,South,5463.25,SC002,P0004
2024-03-05,Electronics,R4,2,Retail,10492.51,7869.38,SoundMax,Bluetooth Speaker,West,2623.13,SC003,P0001
2024-03-05,Electronics,R2,4,Online,21433.49,16075.12,SoundMax,Bluetooth Speaker,South,5358.37,SC002,P0001
2024-03-06,Electronics,R4,1,Online,29138.2,23893.32,TechPro,Smartphone Z,West,5244.88,SC002,P0006
2024-03-06,Accessories,R1,3,Online,4391.96,2854.78,ChargeFast,Power Bank,North,1537.19,SC002,P0005
2024-03-06,Electronics,R4,2,Retail,9267.03,6950.27,SoundMax,Bluetooth Speaker,West,2316.76,SC003,P0001
2024-03-06,Electronics,R4,4,Online,19892.69,14919.52,SoundMax,Bluetooth Speaker,West,4973.17,SC002,P0001
2024-03-07,Electronics,R2,2,Retail,10395.94,7796.96,SoundMax,Bluetooth Speaker,South,2598.99,SC003,P0001
2024-03-07,Electronics,R1,4,Retail,219074.09,175259.27,TechPro,Laptop X,North,43814.82,SC003,P0003
2024-03-07,Accessories,R2,3,Online,4069.92,2645.45,ChargeFast,Power Bank,South,1424.47,SC002,P0005
2024-03-07,Furniture,R1,4,Retail,103080.46,74217.93,WoodCraft,Wardrobe,North,28862.53,SC003,P0008
2024-03-07,Electronics,R2,0,Online,0.0,0.0,TechPro,Laptop X,South,0.0,SC002,P0003
2024-03-08,Accessories,R3,0,Online,0.0,0.0,CarryLite,Laptop Bag,East,0.0,SC002,P0002
2024-03-08,Furniture,R2,4,Distributor,65546.23,51126.06,HomeEase,Study Table,South,14420.17,SC001,P0007
2024-03-08,Accessories,R2,4,Online,9505.33,5703.2,CarryLite,Laptop Bag,South,3802.13,SC002,P0002
2024-03-08,Electronics,R3,0,Distributor,0.0,0.0,SoundMax,Bluetooth Speaker,East,0.0,SC001,P0001
2024-03-09,Electronics,R4,1,Retail,60270.87,48216.7,TechPro,Laptop X,West,12054.17,SC003,P0003
2024-03-09,Furniture,R4,4,Online,92208.19,66389.9,WoodCraft,Wardrobe,West,25818.29,SC002,P0008
2024-03-09,Electronics,R1,4,Online,216865.82,173492.66,TechPro,Laptop X,North,43373.16,SC002,P0003
2024-03-09,Accessories,R4,4,Online,6526.29,4242.09,ChargeFast,Power Bank,West,2284.2,SC002,P0005
2024-03-09,Electronics,R4,0,Online,0.0,0.0,TechPro,Smartphone Z,West,0.0,SC002,P0006
2024-03-10,Furniture,R2,4,Distributor,103817.07,74748.29,WoodCraft,Wardrobe,South,29068.78,SC001,P0008
2024-03-10,Furniture,R2,4,Distributor,30368.41,22776.31,HomeEase,Office Chair,South,7592.1,SC001,P0004
2024-03-10,Accessories,R3,4,Retail,9297.03,5578.22,CarryLite,Laptop Bag,East,3718.81,SC003,P0002
2024-03-10,Electronics,R4,4,Online,223813.25,179050.6,TechPro,Laptop X,West,44762.65,SC002,P0003
2024-03-10,Electronics,R1,1,Online,4987.58,3740.69,SoundMax,Bluetooth Speaker,North,1246.9,SC002,P0001
2024-03-11,Electronics,R3,4,Online,234720.77,187776.62,TechPro,Laptop X,East,46944.15,SC002,P0003
2024-03-11,Electronics,R2,4,Online,229697.35,183757.88,TechPro,Laptop X,South,45939.47,SC002,P0003
2024-03-11,Accessories,R4,4,Online,5553.09,3609.51,ChargeFast,Power Bank,West,1943.58,SC002,P0005
2024-03-11,Accessories,R2,3,Online,4772.31,3102.0,ChargeFast,Power Bank,South,1670.31,SC002,P0005
2024-03-11,Accessories,R1,4,Distributor,9714.94,5828.96,CarryLite,Laptop Bag,North,3885.98,SC001,P0002
2024-03-12,Electronics,R4,1,Online,30562.23,25061.03,TechPro,Smartphone Z,West,5501.2,SC002,P0006
2024-03-12,Furniture,R3,0,Online,0.0,0.0,HomeEase,Office Chair,East,0.0,SC002,P0004
2024-03-13,Furniture,R2,4,Distributor,96291.63,69329.97,WoodCraft,Wardrobe,South,26961.66,SC001,P0008
2024-03-13,Electronics,R2,1,Online,57368.52,45894.81,TechPro,Laptop X,South,11473.7,SC002,P0003
2024-03-13,Accessories,R3,4,Online,5752.75,3739.29,ChargeFast,Power Bank,East,2013.46,SC002,P0005
2024-03-13,Electronics,R4,0,Retail,0.0,0.0,TechPro,Smartphone Z,West,0.0,SC003,P0006
2024-03-13,Electronics,R4,2,Online,64168.26,52617.97,TechPro,Smartphone Z,West,11550.29,SC002,P0006
2024-03-14,Furniture,R3,2,Online,50296.45,36213.44,WoodCraft,Wardrobe,East,14083.0,SC002,P0008
2024-03-14,Electronics,R2,4,Online,125139.68,102614.53,TechPro,Smartphone Z,South,22525.14,SC002,P0006
2024-03-14,Accessories,R4,2,Online,2849.92,1852.45,ChargeFast,Power Bank,West,997.47,SC002,P0005
2024-03-14,Furniture,R2,0,Distributor,0.0,0.0,HomeEase,Office Chair,South,0.0,SC001,P0004
2024-03-15,Electronics,R4,4,Online,110453.38,90571.77,TechPro,Smartphone Z,West,19881.61,SC002,P0006
2024-03-15,Accessories,R2,3,Retail,4800.7,3120.46,ChargeFast,Power Bank,South,1680.25,SC003,P0005
2024-03-15,Furniture,R4,2,Online,13908.28,10431.21,HomeEase,Office Chair,West,3477.07,SC002,P0004
2024-03-15,Electronics,R1,2,Online,127415.47,101932.37,TechPro,Laptop X,North,25483.09,SC002,P0003
2024-03-16,Accessories,R3,2,Online,4878.64,2927.19,CarryLite,Laptop Bag,East,1951.46,SC002,P0002
2024-03-16,Electronics,R2,4,Online,260505.91,208404.73,TechPro,Laptop X,South,52101.18,SC002,P0003
2024-03-16,Furniture,R1,2,Online,32764.37,25556.21,HomeEase,Study Table,North,7208.16,SC002,P0007
2024-03-16,Electronics,R2,3,Online,84663.64,69424.18,TechPro,Smartphone Z,South,15239.46,SC002,P0006
2024-03-17,Accessories,R2,2,Online,3239.29,2105.54,ChargeFast,Power Bank,South,1133.75,SC002,P0005
2024-03-17,Accessories,R2,1,Retail,1593.22,1035.59,ChargeFast,Power Bank,South,557.63,SC003,P0005
2024-03-17,Accessories,R2,2,Online,2736.04,1778.43,ChargeFast,Power Bank,South,957.62,SC002,P0005
2024-03-17,Electronics,R2,2,Online,55726.01,45695.33,TechPro,Smartphone Z,South,10030.68,SC002,P0006
2024-03-17,Electronics,R4,0,Retail,0.0,0.0,TechPro,Laptop X,West,0.0,SC003,P0003
2024-03-18,Electronics,R1,1,Online,30142.55,24716.89,TechPro,Smartphone Z,North,5425.66,SC002,P0006
2024-03-18,Electronics,R2,1,Online,54071.09,43256.87,TechPro,Laptop X,South,10814.22,SC002,P0003
2024-03-18,Electronics,R2,2,Online,9918.99,7439.24,SoundMax,Bluetooth Speaker,South,2479.75,SC002,P0001
2024-03-18,Electronics,R2,3,Online,90079.58,73865.25,TechPro,Smartphone Z,South,16214.32,SC002,P0006
2024-03-18,Furniture,R3,4,Online,106119.4,76405.97,WoodCraft,Wardrobe,East,29713.43,SC002,P0008
2024-03-19,Furniture,R3,0,Retail,0.0,0.0,HomeEase,Office Chair,East,0.0,SC003,P0004
2024-03-19,Electronics,R4,1,Retail,56640.8,45312.64,TechPro,Laptop X,West,11328.16,SC003,P0003
2024-03-19,Electronics,R2,1,Online,4784.1,3588.08,SoundMax,Bluetooth Speaker,South,1196.03,SC002,P0001
2024-03-19,Electronics,R2,0,Online,0.0,0.0,TechPro,Smartphone Z,South,0.0,SC002,P0006
2024-03-19,Electronics,R1,3,Online,167771.54,134217.23,TechPro,Laptop X,North,33554.31,SC002,P0003
2024-03-20,Electronics,R3,0,Online,0.0,0.0,TechPro,Smartphone Z,East,0.0,SC002,P0006
2024-03-20,Electronics,R4,3,Retail,14089.45,10567.09,SoundMax,Bluetooth Speaker,West,3522.36,SC003,P0001
2024-03-20,Electronics,R4,2,Online,56765.94,46548.07,TechPro,Smartphone Z,West,10217.87,SC002,P0006
2024-03-21,Furniture,R2,4,Online,63672.14,49664.27,HomeEase,Study Table,South,14007.87,SC002,P0007
2024-03-21,Electronics,R2,4,Online,111052.35,91062.93,TechPro,Smartphone Z,South,19989.42,SC002,P0006
2024-03-21,Electronics,R4,2,Retail,121349.67,97079.74,TechPro,Laptop X,West,24269.93,SC003,P0003
2024-03-21,Electronics,R3,4,Online,18922.55,14191.92,SoundMax,Bluetooth Speaker,East,4730.64,SC002,P0001
2024-03-21,Furniture,R1,1,Retail,23317.78,16788.8,WoodCraft,Wardrobe,North,6528.98,SC003,P0008
2024-03-22,Furniture,R2,4,Retail,92271.75,66435.66,WoodCraft,Wardrobe,South,25836.09,SC003,P0008
2024-03-22,Electronics,R2,3,Online,173645.56,138916.45,TechPro,Laptop X,South,34729.11,SC002,P0003
2024-03-23,Electronics,R2,4,Online,21054.46,15790.85,SoundMax,Bluetooth Speaker,South,5263.62,SC002,P0001
2024-03-23,Electronics,R4,3,Retail,14744.54,11058.41,SoundMax,Bluetooth Speaker,West,3686.14,SC003,P0001
2024-03-23,Furniture,R1,2,Online,27219.12,21230.92,HomeEase,Study Table,North,5988.21,SC002,P0007
2024-03-23,Furniture,R3,3,Online,20218.98,15164.24,HomeEase,Office Chair,East,5054.75,SC002,P0004
2024-03-23,Electronics,R1,1,Distributor,4916.69,3687.52,SoundMax,Bluetooth Speaker,North,1229.17,SC001,P0001
2024-03-24,Electronics,R4,2,Online,58928.4,48321.29,TechPro,Smartphone Z,West,10607.11,SC002,P0006
2024-03-24,Furniture,R4,4,Retail,61010.7,47588.34,HomeEase,Study Table,West,13422.35,SC003,P0007
2024-03-24,Accessories,R2,3,Online,7112.89,4267.73,CarryLite,Laptop Bag,South,2845.16,SC002,P0002
2024-03-24,Accessories,R1,1,Online,1547.16,1005.65,ChargeFast,Power Bank,North,541.51,SC002,P0005
2024-03-24,Electronics,R1,4,Online,217391.84,173913.47,TechPro,Laptop X,North,43478.37,SC002,P0003
2024-03-25,Accessories,R1,2,Online,3064.77,1992.1,ChargeFast,Power Bank,North,1072.67,SC002,P0005
2024-03-25,Electronics,R2,3,Retail,81229.62,66608.29,TechPro,Smartphone Z,South,14621.33,SC003,P0006
2024-03-26,Accessories,R2,1,Online,1625.13,1056.33,ChargeFast,Power Bank,South,568.8,SC002,P0005
2024-03-26,Electronics,R1,1,Distributor,4612.5,3459.38,SoundMax,Bluetooth Speaker,North,1153.13,SC001,P0001
2024-03-26,Electronics,R4,0,Online,0.0,0.0,TechPro,Smartphone Z,West,0.0,SC002,P0006
2024-03-27,Electronics,R2,3,Online,88719.1,72749.66,TechPro,Smartphone Z,South,15969.44,SC002,P0006
2024-03-27,Electronics,R4,3,Distributor,81174.61,66563.18,TechPro,Smartphone Z,West,14611.43,SC001,P0006
2024-03-28,Furniture,R4,3,Online,43785.75,34152.89,HomeEase,Study Table,West,9632.87,SC002,P0007
2024-03-28,Accessories,R1,2,Online,5371.87,3223.12,CarryLite,Laptop Bag,North,2148.75,SC002,P0002
2024-03-29,Furniture,R1,1,Online,6327.33,4745.5,HomeEase,Office Chair,North,1581.83,SC002,P0004
2024-03-29,Accessories,R2,0,Retail,0.0,0.0,CarryLite,Laptop Bag,South,0.0,SC003,P0002
2024-03-30,Furniture,R4,0,Retail,0.0,0.0,WoodCraft,Wardrobe,West,0.0,SC003,P0008
2024-03-30,Furniture,R2,3,Retail,69124.34,49769.53,WoodCraft,Wardrobe,South,19354.82,SC003,P0008
2024-03-30,Electronics,R1,1,Retail,5143.55,3857.66,SoundMax,Bluetooth Speaker,North,1285.89,SC003,P0001
2024-03-30,Electronics,R3,3,Online,178645.01,142916.01,TechPro,Laptop X,East,35729.0,SC002,P0003
2024-03-30,Electronics,R2,4,Retail,21455.74,16091.81,SoundMax,Bluetooth Speaker,South,5363.94,SC003,P0001
2024-03-31,Accessories,R1,4,Online,9340.26,5604.16,CarryLite,Laptop Bag,North,3736.1,SC002,P0002
2024-03-31,Furniture,R2,1,Online,15185.94,11845.04,HomeEase,Study Table,South,3340.91,SC002,P0007
2024-03-31,Electronics,R4,2,Online,59406.44,48713.28,TechPro,Smartphone Z,West,10693.16,SC002,P0006
2024-04-01,Accessories,R3,3,Online,7574.23,4544.54,CarryLite,Laptop Bag,East,3029.69,SC002,P0002
2024-04-01,Furniture,R2,4,Online,93364.62,67222.52,WoodCraft,Wardrobe,South,26142.09,SC002,P0008
2024-04-01,Furniture,R3,5,Online,78823.09,61482.01,HomeEase,Study Table,East,17341.08,SC002,P0007
2024-04-02,Furniture,R2,4,Online,62423.37,48690.23,HomeEase,Study Table,South,13733.14,SC002,P0007
2024-04-02,Accessories,R4,1,Online,1542.7,1002.75,ChargeFast,Power Bank,West,539.94,SC002,P0005
2024-04-03,Electronics,R3,5,Online,23326.85,17495.14,SoundMax,Bluetooth Speaker,East,5831.71,SC002,P0001
2024-04-03,Accessories,R2,2,Online,5025.36,3015.22,CarryLite,Laptop Bag,South,2010.14,SC002,P0002
2024-04-03,Furniture,R4,1,Online,6863.23,5147.43,HomeEase,Office Chair,West,1715.81,SC002,P0004
2024-04-03,Electronics,R2,1,Online,55006.78,44005.42,TechPro,Laptop X,South,11001.36,SC002,P0003
2024-04-03,Electronics,R1,1,Retail,61183.65,48946.92,TechPro,Laptop X,North,12236.73,SC003,P0003
2024-04-04,Furniture,R4,4,Online,96111.53,69200.3,WoodCraft,Wardrobe,West,26911.23,SC002,P0008
2024-04-04,Furniture,R2,5,Retail,31790.5,23842.87,HomeEase,Office Chair,South,7947.62,SC003,P0004
2024-04-04,Electronics,R2,4,Retail,120493.69,98804.83,TechPro,Smartphone Z,South,21688.86,SC003,P0006
2024-04-04,Electronics,R4,2,Retail,65815.73,53968.9,TechPro,Smartphone Z,West,11846.83,SC003,P0006
2024-04-05,Electronics,R2,1,Online,27180.12,22287.7,TechPro,Smartphone Z,South,4892.42,SC002,P0006
2024-04-05,Electronics,R2,2,Distributor,57692.69,47308.01,TechPro,Smartphone Z,South,10384.68,SC001,P0006
2024-04-05,Electronics,R2,1,Online,29146.71,23900.3,TechPro,Smartphone Z,South,5246.41,SC002,P0006
2024-04-06,Electronics,R2,5,Online,159354.39,130670.6,TechPro,Smartphone Z,South,28683.79,SC002,P0006
2024-04-06,Furniture,R4,4,Online,90609.93,65239.15,WoodCraft,Wardrobe,West,25370.78,SC002,P0008
2024-04-06,Electronics,R2,3,Online,90308.71,74053.14,TechPro,Smartphone Z,South,16255.57,SC002,P0006
2024-04-06,Electronics,R3,1,Online,4704.5,3528.38,SoundMax,Bluetooth Speaker,East,1176.13,SC002,P0001
2024-04-06,Electronics,R2,2,Retail,125606.92,100485.54,TechPro,Laptop X,South,25121.38,SC003,P0003
2024-04-07,Electronics,R4,4,Online,219409.18,175527.34,TechPro,Laptop X,West,43881.84,SC002,P0003
2024-04-07,Electronics,R1,1,Online,4586.25,3439.69,SoundMax,Bluetooth Speaker,North,1146.56,SC002,P0001
2024-04-08,Furniture,R2,3,Retail,41622.63,32465.65,HomeEase,Study Table,South,9156.98,SC003,P0007
2024-04-08,Electronics,R4,5,Retail,149792.3,122829.69,TechPro,Smartphone Z,West,26962.61,SC003,P0006
2024-04-08,Electronics,R2,3,Online,81752.79,67037.29,TechPro,Smartphone Z,South,14715.5,SC002,P0006
2024-04-08,Furniture,R2,4,Online,57006.98,44465.44,HomeEase,Study Table,South,12541.54,SC002,P0007
2024-04-09,Electronics,R4,5,Distributor,313150.68,250520.55,TechPro,Laptop X,West,62630.14,SC001,P0003
2024-04-09,Furniture,R3,1,Distributor,15105.36,11782.18,HomeEase,Study Table,East,3323.18,SC001,P0007
2024-04-10,Furniture,R4,2,Online,29850.47,23283.37,HomeEase,Study Table,West,6567.1,SC002,P0007
2024-04-10,Furniture,R3,2,Online,50959.48,36690.83,WoodCraft,Wardrobe,East,14268.65,SC002,P0008
2024-04-10,Electronics,R3,1,Online,54755.66,43804.53,TechPro,Laptop X,East,10951.13,SC002,P0003
2024-04-10,Accessories,R2,2,Online,5318.32,3190.99,CarryLite,Laptop Bag,South,2127.33,SC002,P0002
2024-04-10,Furniture,R3,1,Online,25797.45,18574.16,WoodCraft,Wardrobe,East,7223.29,SC002,P0008
2024-04-11,Furniture,R3,1,Retail,16380.04,12776.43,HomeEase,Study Table,East,3603.61,SC003,P0007
2024-04-11,Accessories,R2,5,Online,11964.07,7178.44,CarryLite,Laptop Bag,South,4785.63,SC002,P0002
2024-04-12,Electronics,R1,3,Online,90828.9,74479.7,TechPro,Smartphone Z,North,16349.2,SC002,P0006
2024-04-12,Furniture,R1,1,Online,6459.52,4844.64,HomeEase,Office Chair,North,1614.88,SC002,P0004
2024-04-12,Furniture,R2,5,Distributor,67500.79,52650.62,HomeEase,Study Table,South,14850.17,SC001,P0007
2024-04-12,Accessories,R4,4,Online,10686.36,6411.81,CarryLite,Laptop Bag,West,4274.54,SC002,P0002
2024-04-13,Accessories,R4,3,Online,7508.38,4505.03,CarryLite,Laptop Bag,West,3003.35,SC002,P0002
2024-04-13,Electronics,R2,3,Online,14713.09,11034.82,SoundMax,Bluetooth Speaker,South,3678.27,SC002,P0001
2024-04-14,Furniture,R4,5,Online,75823.0,59141.94,HomeEase,Study Table,West,16681.06,SC002,P0007
2024-04-14,Furniture,R3,3,Online,81161.92,58436.59,WoodCraft,Wardrobe,East,22725.34,SC002,P0008
2024-04-14,Accessories,R3,4,Online,10064.24,6038.54,CarryLite,Laptop Bag,East,4025.69,SC002,P0002
2024-04-15,Accessories,R4,4,Online,9512.18,5707.31,CarryLite,Laptop Bag,West,3804.87,SC002,P0002
2024-04-15,Electronics,R1,3,Distributor,15703.46,11777.6,SoundMax,Bluetooth Speaker,North,3925.87,SC001,P0001
2024-04-15,Electronics,R3,3,Online,93419.36,76603.87,TechPro,Smartphone Z,East,16815.48,SC002,P0006
2024-04-15,Electronics,R4,4,Online,239641.05,191712.84,TechPro,Laptop X,West,47928.21,SC002,P0003
2024-04-15,Accessories,R1,1,Online,1599.78,1039.86,ChargeFast,Power Bank,North,559.92,SC002,P0005
2024-04-16,Furniture,R4,3,Online,78861.03,56779.94,WoodCraft,Wardrobe,West,22081.09,SC002,P0008
2024-04-16,Electronics,R4,5,Online,25034.65,18775.99,SoundMax,Bluetooth Speaker,West,6258.66,SC002,P0001
2024-04-16,Furniture,R1,3,Retail,71946.61,51801.56,WoodCraft,Wardrobe,North,20145.05,SC003,P0008
2024-04-16,Electronics,R2,5,Online,157752.26,129356.85,TechPro,Smartphone Z,South,28395.41,SC002,P0006
2024-04-16,Electronics,R3,4,Online,123472.13,101247.15,TechPro,Smartphone Z,East,22224.98,SC002,P0006
2024-04-17,Electronics,R4,5,Online,156645.35,128449.19,TechPro,Smartphone Z,West,28196.16,SC002,P0006
2024-04-17,Electronics,R4,4,Online,127687.03,104703.37,TechPro,Smartphone Z,West,22983.67,SC002,P0006
2024-04-18,Furniture,R2,2,Online,30441.92,23744.7,HomeEase,Study Table,South,6697.22,SC002,P0007
2024-04-18,Electronics,R4,3,Retail,97981.71,80345.0,TechPro,Smartphone Z,West,17636.71,SC003,P0006
2024-04-18,Electronics,R2,5,Retail,280770.02,224616.01,TechPro,Laptop X,South,56154.0,SC003,P0003
2024-04-19,Electronics,R1,5,Online,145495.85,119306.6,TechPro,Smartphone Z,North,26189.25,SC002,P0006
2024-04-19,Furniture,R4,3,Online,22281.07,16710.81,HomeEase,Office Chair,West,5570.27,SC002,P0004
2024-04-19,Electronics,R2,3,Online,16154.02,12115.52,SoundMax,Bluetooth Speaker,South,4038.51,SC002,P0001
2024-04-19,Furniture,R2,3,Online,42372.22,33050.33,HomeEase,Study Table,South,9321.89,SC002,P0007
2024-04-19,Electronics,R3,3,Retail,15090.35,11317.76,SoundMax,Bluetooth Speaker,East,3772.59,SC003,P0001
2024-04-20,Electronics,R3,2,Online,124686.58,99749.26,TechPro,Laptop X,East,24937.32,SC002,P0003
2024-04-20,Electronics,R4,3,Online,164098.7,131278.96,TechPro,Laptop X,West,32819.74,SC002,P0003
2024-04-20,Accessories,R4,3,Online,4151.14,2698.24,ChargeFast,Power Bank,West,1452.9,SC002,P0005
2024-04-20,Electronics,R4,5,Online,26440.59,19830.45,SoundMax,Bluetooth Speaker,West,6610.15,SC002,P0001
2024-04-20,Accessories,R1,2,Retail,3012.05,1957.83,ChargeFast,Power Bank,North,1054.22,SC003,P0005
2024-04-21,Furniture,R1,3,Online,22271.25,16703.44,HomeEase,Office Chair,North,5567.81,SC002,P0004
2024-04-21,Accessories,R4,2,Online,4550.06,2730.04,CarryLite,Laptop Bag,West,1820.03,SC002,P0002
2024-04-21,Accessories,R2,3,Online,4418.5,2872.03,ChargeFast,Power Bank,South,1546.48,SC002,P0005
2024-04-21,Accessories,R1,1,Online,1523.42,990.22,ChargeFast,Power Bank,North,533.2,SC002,P0005
2024-04-22,Furniture,R4,3,Distributor,77472.0,55779.84,WoodCraft,Wardrobe,West,21692.16,SC001,P0008
2024-04-22,Electronics,R4,1,Distributor,62723.76,50179.01,TechPro,Laptop X,West,12544.75,SC001,P0003
2024-04-23,Electronics,R1,3,Online,93364.69,76559.05,TechPro,Smartphone Z,North,16805.64,SC002,P0006
2024-04-23,Electronics,R2,1,Online,5034.8,3776.1,SoundMax,Bluetooth Speaker,South,1258.7,SC002,P0001
2024-04-23,Electronics,R1,4,Retail,126094.5,103397.49,TechPro,Smartphone Z,North,22697.01,SC003,P0006
2024-04-24,Electronics,R3,5,Retail,270488.77,216391.02,TechPro,Laptop X,East,54097.75,SC003,P0003
2024-04-24,Electronics,R2,1,Online,31663.12,25963.75,TechPro,Smartphone Z,South,5699.36,SC002,P0006
2024-04-24,Electronics,R1,4,Online,112532.88,92276.97,TechPro,Smartphone Z,North,20255.92,SC002,P0006
2024-04-25,Furniture,R2,5,Online,77946.57,60798.32,HomeEase,Study Table,South,17148.24,SC002,P0007
2024-04-25,Electronics,R3,2,Online,62570.59,51307.88,TechPro,Smartphone Z,East,11262.71,SC002,P0006
2024-04-26,Electronics,R1,2,Distributor,111233.18,88986.54,TechPro,Laptop X,North,22246.64,SC001,P0003
2024-04-26,Electronics,R2,3,Online,174779.82,139823.86,TechPro,Laptop X,South,34955.96,SC002,P0003
2024-04-26,Electronics,R2,1,Retail,32941.05,27011.66,TechPro,Smartphone Z,South,5929.39,SC003,P0006
2024-04-26,Electronics,R1,4,Retail,118983.49,97566.47,TechPro,Smartphone Z,North,21417.03,SC003,P0006
2024-04-26,Electronics,R4,5,Distributor,160059.19,131248.54,TechPro,Smartphone Z,West,28810.65,SC001,P0006
2024-04-27,Electronics,R1,3,Online,95673.24,78452.06,TechPro,Smartphone Z,North,17221.18,SC002,P0006
2024-04-27,Accessories,R1,2,Online,4612.24,2767.34,CarryLite,Laptop Bag,North,1844.9,SC002,P0002
2024-04-27,Electronics,R1,1,Retail,27016.21,22153.29,TechPro,Smartphone Z,North,4862.92,SC003,P0006
2024-04-27,Electronics,R2,5,Online,280159.91,224127.93,TechPro,Laptop X,South,56031.98,SC002,P0003
2024-04-27,Accessories,R2,2,Online,2744.47,1783.9,ChargeFast,Power Bank,South,960.56,SC002,P0005
2024-04-28,Electronics,R1,4,Distributor,242181.92,193745.54,TechPro,Laptop X,North,48436.38,SC001,P0003
2024-04-28,Accessories,R1,3,Online,6990.46,4194.28,CarryLite,Laptop Bag,North,2796.19,SC002,P0002
2024-04-28,Furniture,R1,1,Online,7173.28,5379.96,HomeEase,Office Chair,North,1793.32,SC002,P0004
2024-04-29,Electronics,R3,4,Online,231472.25,185177.8,TechPro,Laptop X,East,46294.45,SC002,P0003
2024-04-29,Furniture,R4,2,Online,49606.85,35716.93,WoodCraft,Wardrobe,West,13889.92,SC002,P0008
2024-04-29,Accessories,R1,2,Online,2746.96,1785.53,ChargeFast,Power Bank,North,961.44,SC002,P0005
2024-04-29,Accessories,R1,1,Online,2470.43,1482.26,CarryLite,Laptop Bag,North,988.17,SC002,P0002
2024-04-30,Furniture,R1,3,Online,19783.62,14837.72,HomeEase,Office Chair,North,4945.91,SC002,P0004
2024-04-30,Electronics,R2,2,Online,59642.99,48907.25,TechPro,Smartphone Z,South,10735.74,SC002,P0006
2024-05-01,Electronics,R4,2,Retail,113963.24,91170.6,TechPro,Laptop X,West,22792.65,SC003,P0003
2024-05-01,Furniture,R2,2,Retail,31996.67,24957.41,HomeEase,Study Table,South,7039.27,SC003,P0007
2024-05-01,Electronics,R1,3,Retail,14520.82,10890.62,SoundMax,Bluetooth Speaker,North,3630.21,SC003,P0001
2024-05-01,Furniture,R4,2,Online,32230.79,25140.01,HomeEase,Study Table,West,7090.77,SC002,P0007
2024-05-01,Electronics,R1,2,Online,125230.49,100184.39,TechPro,Laptop X,North,25046.1,SC002,P0003
2024-05-02,Electronics,R1,3,Online,13933.55,10450.16,SoundMax,Bluetooth Speaker,North,3483.39,SC002,P0001
2024-05-02,Electronics,R2,3,Online,88318.22,72420.94,TechPro,Smartphone Z,South,15897.28,SC002,P0006
2024-05-03,Furniture,R2,2,Online,13711.29,10283.46,HomeEase,Office Chair,South,3427.82,SC002,P0004
2024-05-03,Electronics,R4,2,Online,56902.87,46660.35,TechPro,Smartphone Z,West,10242.52,SC002,P0006
2024-05-03,Electronics,R2,2,Retail,119765.33,95812.26,TechPro,Laptop X,South,23953.07,SC003,P0003
2024-05-04,Furniture,R1,2,Online,32155.13,25081.0,HomeEase,Study Table,North,7074.13,SC002,P0007
2024-05-04,Electronics,R4,1,Online,64203.21,51362.57,TechPro,Laptop X,West,12840.64,SC002,P0003
2024-05-05,Furniture,R1,4,Distributor,59305.87,46258.58,HomeEase,Study Table,North,13047.29,SC001,P0007
2024-05-05,Electronics,R3,3,Online,190906.79,152725.43,TechPro,Laptop X,East,38181.36,SC002,P0003
2024-05-06,Accessories,R4,5,Distributor,12970.93,7782.56,CarryLite,Laptop Bag,West,5188.37,SC001,P0002
2024-05-06,Electronics,R2,3,Online,195057.29,156045.84,TechPro,Laptop X,South,39011.46,SC002,P0003
2024-05-06,Furniture,R4,2,Online,27560.81,21497.43,HomeEase,Study Table,West,6063.38,SC002,P0007
2024-05-06,Furniture,R3,1,Retail,16461.5,12839.97,HomeEase,Study Table,East,3621.53,SC003,P0007
2024-05-06,Electronics,R2,2,Online,124778.55,99822.84,TechPro,Laptop X,South,24955.71,SC002,P0003
2024-05-07,Furniture,R4,3,Distributor,47855.33,37327.16,HomeEase,Study Table,West,10528.17,SC001,P0007
2024-05-07,Furniture,R4,1,Online,15733.81,12272.37,HomeEase,Study Table,West,3461.44,SC002,P0007
2024-05-07,Electronics,R2,3,Online,14865.96,11149.47,SoundMax,Bluetooth Speaker,South,3716.49,SC002,P0001
2024-05-07,Furniture,R3,4,Online,28447.82,21335.86,HomeEase,Office Chair,East,7111.95,SC002,P0004
2024-05-07,Accessories,R2,5,Online,6785.96,4410.88,ChargeFast,Power Bank,South,2375.09,SC002,P0005
2024-05-08,Accessories,R2,2,Online,2947.6,1915.94,ChargeFast,Power Bank,South,1031.66,SC002,P0005
2024-05-08,Electronics,R4,3,Distributor,176160.7,140928.56,TechPro,Laptop X,West,35232.14,SC001,P0003
2024-05-09,Furniture,R2,4,Online,55374.07,43191.78,HomeEase,Study Table,South,12182.3,SC002,P0007
2024-05-09,Electronics,R4,4,Online,20687.57,15515.68,SoundMax,Bluetooth Speaker,West,5171.89,SC002,P0001
2024-05-09,Accessories,R1,1,Online,1609.52,1046.19,ChargeFast,Power Bank,North,563.33,SC002,P0005
2024-05-10,Furniture,R1,2,Online,29884.28,23309.74,HomeEase,Study Table,North,6574.54,SC002,P0007
2024-05-10,Electronics,R3,1,Online,62621.52,50097.22,TechPro,Laptop X,East,12524.3,SC002,P0003
2024-05-10,Furniture,R2,5,Retail,38263.25,28697.43,HomeEase,Office Chair,South,9565.81,SC003,P0004
2024-05-10,Accessories,R2,4,Online,9276.76,5566.05,CarryLite,Laptop Bag,South,3710.7,SC002,P0002
2024-05-10,Furniture,R4,3,Online,40665.2,31718.86,HomeEase,Study Table,West,8946.34,SC002,P0007
2024-05-11,Electronics,R1,4,Online,20070.71,15053.04,SoundMax,Bluetooth Speaker,North,5017.68,SC002,P0001
2024-05-11,Accessories,R3,5,Retail,13577.55,8146.53,CarryLite,Laptop Bag,East,5431.02,SC003,P0002
2024-05-11,Accessories,R1,4,Online,6090.25,3958.66,ChargeFast,Power Bank,North,2131.59,SC002,P0005
2024-05-11,Accessories,R1,1,Distributor,2537.76,1522.66,CarryLite,Laptop Bag,North,1015.1,SC001,P0002
2024-05-12,Electronics,R4,2,Distributor,116529.73,93223.78,TechPro,Laptop X,West,23305.95,SC001,P0003
2024-05-12,Accessories,R4,3,Distributor,4479.15,2911.45,ChargeFast,Power Bank,West,1567.7,SC001,P0005
2024-05-13,Electronics,R1,2,Retail,120900.55,96720.44,TechPro,Laptop X,North,24180.11,SC003,P0003
2024-05-13,Accessories,R2,5,Online,12231.96,7339.18,CarryLite,Laptop Bag,South,4892.79,SC002,P0002
2024-05-14,Electronics,R2,4,Retail,247061.34,197649.07,TechPro,Laptop X,South,49412.27,SC003,P0003
2024-05-14,Electronics,R1,5,Online,305074.59,244059.67,TechPro,Laptop X,North,61014.92,SC002,P0003
2024-05-14,Electronics,R2,1,Online,65208.44,52166.75,TechPro,Laptop X,South,13041.69,SC002,P0003
2024-05-15,Electronics,R4,4,Online,238386.89,190709.51,TechPro,Laptop X,West,47677.38,SC002,P0003
2024-05-15,Electronics,R4,2,Retail,122250.02,97800.01,TechPro,Laptop X,West,24450.0,SC003,P0003
2024-05-16,Furniture,R1,2,Online,32266.83,25168.13,HomeEase,Study Table,North,7098.7,SC002,P0007
2024-05-16,Furniture,R2,4,Online,28832.42,21624.31,HomeEase,Office Chair,South,7208.1,SC002,P0004
2024-05-16,Furniture,R3,3,Online,23015.94,17261.96,HomeEase,Office Chair,East,5753.99,SC002,P0004
2024-05-17,Electronics,R4,4,Retail,223803.22,179042.58,TechPro,Laptop X,West,44760.64,SC003,P0003
2024-05-17,Accessories,R1,1,Online,2614.85,1568.91,CarryLite,Laptop Bag,North,1045.94,SC002,P0002
2024-05-17,Accessories,R4,2,Online,5210.24,3126.15,CarryLite,Laptop Bag,West,2084.1,SC002,P0002
2024-05-17,Electronics,R4,3,Online,162244.28,129795.42,TechPro,Laptop X,West,32448.86,SC002,P0003
2024-05-18,Furniture,R2,5,Retail,68677.91,53568.77,HomeEase,Study Table,South,15109.14,SC003,P0007
2024-05-18,Furniture,R1,1,Online,7030.24,5272.68,HomeEase,Office Chair,North,1757.56,SC002,P0004
2024-05-18,Accessories,R4,5,Retail,7391.74,4804.63,ChargeFast,Power Bank,West,2587.11,SC003,P0005
2024-05-18,Electronics,R2,2,Retail,120404.08,96323.27,TechPro,Laptop X,South,24080.82,SC003,P0003
2024-05-18,Electronics,R2,1,Online,29510.25,24198.4,TechPro,Smartphone Z,South,5311.84,SC002,P0006
2024-05-19,Furniture,R2,5,Retail,70758.36,55191.52,HomeEase,Study Table,South,15566.84,SC003,P0007
2024-05-19,Furniture,R4,5,Retail,32902.46,24676.84,HomeEase,Office Chair,West,8225.61,SC003,P0004
2024-05-19,Accessories,R3,5,Retail,13044.4,7826.64,CarryLite,Laptop Bag,East,5217.76,SC003,P0002
2024-05-19,Furniture,R1,3,Online,20627.26,15470.45,HomeEase,Office Chair,North,5156.82,SC002,P0004
2024-05-20,Accessories,R4,4,Distributor,5602.22,3641.44,ChargeFast,Power Bank,West,1960.78,SC001,P0005
2024-05-20,Electronics,R4,3,Online,14914.62,11185.97,SoundMax,Bluetooth Speaker,West,3728.66,SC002,P0001
2024-05-20,Electronics,R1,3,Online,97338.28,79817.39,TechPro,Smartphone Z,North,17520.89,SC002,P0006
2024-05-21,Electronics,R1,1,Online,60382.93,48306.34,TechPro,Laptop X,North,12076.59,SC002,P0003
2024-05-21,Electronics,R4,4,Retail,127757.43,104761.09,TechPro,Smartphone Z,West,22996.34,SC003,P0006
2024-05-21,Electronics,R1,2,Online,59673.52,48932.29,TechPro,Smartphone Z,North,10741.23,SC002,P0006
2024-05-21,Furniture,R4,4,Retail,91077.97,65576.14,WoodCraft,Wardrobe,West,25501.83,SC003,P0008
2024-05-21,Electronics,R2,5,Online,278087.87,222470.3,TechPro,Laptop X,South,55617.57,SC002,P0003
2024-05-22,Furniture,R2,3,Distributor,43984.17,34307.66,HomeEase,Study Table,South,9676.52,SC001,P0007
2024-05-22,Electronics,R3,5,Retail,26458.58,19843.94,SoundMax,Bluetooth Speaker,East,6614.65,SC003,P0001
2024-05-22,Accessories,R2,2,Online,2700.11,1755.07,ChargeFast,Power Bank,South,945.04,SC002,P0005
2024-05-23,Furniture,R2,5,Online,33857.55,25393.16,HomeEase,Office Chair,South,8464.39,SC002,P0004
2024-05-23,Furniture,R4,5,Online,133573.76,96173.11,WoodCraft,Wardrobe,West,37400.65,SC002,P0008
2024-05-23,Electronics,R4,3,Distributor,87370.3,71643.65,TechPro,Smartphone Z,West,15726.65,SC001,P0006
2024-05-23,Furniture,R4,3,Retail,43423.19,33870.09,HomeEase,Study Table,West,9553.1,SC003,P0007
2024-05-23,Electronics,R1,1,Online,29826.66,24457.86,TechPro,Smartphone Z,North,5368.8,SC002,P0006
2024-05-24,Accessories,R4,2,Retail,4935.47,2961.28,CarryLite,Laptop Bag,West,1974.19,SC003,P0002
2024-05-24,Electronics,R2,5,Online,27072.22,20304.17,SoundMax,Bluetooth Speaker,South,6768.06,SC002,P0001
2024-05-25,Electronics,R2,3,Distributor,15788.85,11841.63,SoundMax,Bluetooth Speaker,South,3947.21,SC001,P0001
2024-05-25,Furniture,R3,3,Online,67982.48,48947.38,WoodCraft,Wardrobe,East,19035.09,SC002,P0008
2024-05-25,Furniture,R2,2,Online,28062.26,21888.56,HomeEase,Study Table,South,6173.7,SC002,P0007
2024-05-25,Electronics,R3,1,Online,4779.09,3584.31,SoundMax,Bluetooth Speaker,East,1194.77,SC002,P0001
2024-05-26,Furniture,R2,3,Online,48400.49,37752.38,HomeEase,Study Table,South,10648.11,SC002,P0007
2024-05-26,Accessories,R4,5,Online,11978.79,7187.28,CarryLite,Laptop Bag,West,4791.52,SC002,P0002
2024-05-26,Furniture,R4,3,Online,43196.33,33693.14,HomeEase,Study Table,West,9503.19,SC002,P0007
2024-05-26,Furniture,R3,3,Online,67881.71,48874.83,WoodCraft,Wardrobe,East,19006.88,SC002,P0008
2024-05-26,Furniture,R4,5,Online,34760.39,26070.29,HomeEase,Office Chair,West,8690.1,SC002,P0004
2024-05-27,Furniture,R2,2,Online,32488.52,25341.05,HomeEase,Study Table,South,7147.48,SC002,P0007
2024-05-27,Furniture,R1,3,Online,41833.21,32629.9,HomeEase,Study Table,North,9203.31,SC002,P0007
2024-05-27,Furniture,R4,3,Retail,48546.49,37866.26,HomeEase,Study Table,West,10680.23,SC003,P0007
2024-05-27,Accessories,R1,4,Online,10965.89,6579.53,CarryLite,Laptop Bag,North,4386.36,SC002,P0002
2024-05-27,Electronics,R2,1,Online,32452.94,26611.41,TechPro,Smartphone Z,South,5841.53,SC002,P0006
2024-05-28,Furniture,R3,1,Retail,24583.75,17700.3,WoodCraft,Wardrobe,East,6883.45,SC003,P0008
2024-05-28,Furniture,R3,4,Online,27926.12,20944.59,HomeEase,Office Chair,East,6981.53,SC002,P0004
2024-05-28,Accessories,R2,1,Online,1440.78,936.51,ChargeFast,Power Bank,South,504.27,SC002,P0005
2024-05-28,Electronics,R4,5,Online,147239.83,120736.66,TechPro,Smartphone Z,West,26503.17,SC002,P0006
2024-05-28,Electronics,R2,3,Online,86753.13,71137.56,TechPro,Smartphone Z,South,15615.56,SC002,P0006
2024-05-29,Electronics,R1,3,Retail,184500.7,147600.56,TechPro,Laptop X,North,36900.14,SC003,P0003
2024-05-29,Electronics,R1,5,Online,315256.94,252205.55,TechPro,Laptop X,North,63051.39,SC002,P0003
2024-05-30,Accessories,R4,5,Retail,6968.24,4529.35,ChargeFast,Power Bank,West,2438.88,SC003,P0005
2024-05-30,Accessories,R3,2,Retail,2839.4,1845.61,ChargeFast,Power Bank,East,993.79,SC003,P0005
2024-05-30,Furniture,R1,4,Online,29000.44,21750.33,HomeEase,Office Chair,North,7250.11,SC002,P0004
2024-05-30,Electronics,R1,5,Online,24487.96,18365.97,SoundMax,Bluetooth Speaker,North,6121.99,SC002,P0001
2024-05-31,Electronics,R2,4,Retail,119526.1,98011.4,TechPro,Smartphone Z,South,21514.7,SC003,P0006
2024-05-31,Electronics,R2,4,Online,236018.65,188814.92,TechPro,Laptop X,South,47203.73,SC002,P0003
2024-06-01,Electronics,R4,4,Retail,21241.88,15931.41,SoundMax,Bluetooth Speaker,West,5310.47,SC003,P0001
2024-06-01,Accessories,R2,1,Distributor,2459.22,1475.53,CarryLite,Laptop Bag,South,983.69,SC001,P0002
2024-06-01,Electronics,R2,1,Online,30078.85,24664.66,TechPro,Smartphone Z,South,5414.19,SC002,P0006
2024-06-01,Electronics,R4,2,Online,9938.65,7453.98,SoundMax,Bluetooth Speaker,West,2484.66,SC002,P0001
2024-06-01,Electronics,R3,4,Online,114010.64,93488.73,TechPro,Smartphone Z,East,20521.92,SC002,P0006
2024-06-02,Furniture,R4,1,Retail,23181.17,16690.44,WoodCraft,Wardrobe,West,6490.73,SC003,P0008
2024-06-02,Furniture,R1,5,Retail,38004.96,28503.72,HomeEase,Office Chair,North,9501.24,SC003,P0004
2024-06-02,Furniture,R3,2,Online,14059.55,10544.66,HomeEase,Office Chair,East,3514.89,SC002,P0004
2024-06-03,Electronics,R2,1,Online,5222.9,3917.18,SoundMax,Bluetooth Speaker,South,1305.73,SC002,P0001
2024-06-03,Furniture,R1,1,Online,24156.07,17392.37,WoodCraft,Wardrobe,North,6763.7,SC002,P0008
2024-06-03,Electronics,R4,5,Distributor,153675.48,126013.89,TechPro,Smartphone Z,West,27661.59,SC001,P0006
2024-06-03,Electronics,R3,2,Online,125402.3,100321.84,TechPro,Laptop X,East,25080.46,SC002,P0003
2024-06-04,Accessories,R1,1,Online,1551.63,1008.56,ChargeFast,Power Bank,North,543.07,SC002,P0005
2024-06-04,Furniture,R2,5,Online,35623.93,26717.95,HomeEase,Office Chair,South,8905.98,SC002,P0004
2024-06-04,Furniture,R4,3,Online,72705.71,52348.11,WoodCraft,Wardrobe,West,20357.6,SC002,P0008
2024-06-04,Electronics,R2,5,Online,300362.18,240289.74,TechPro,Laptop X,South,60072.44,SC002,P0003
2024-06-04,Electronics,R2,4,Distributor,21000.25,15750.18,SoundMax,Bluetooth Speaker,South,5250.06,SC001,P0001
2024-06-05,Accessories,R4,5,Online,7939.51,5160.68,ChargeFast,Power Bank,West,2778.83,SC002,P0005
2024-06-05,Accessories,R1,3,Online,7069.59,4241.75,CarryLite,Laptop Bag,North,2827.84,SC002,P0002
2024-06-05,Electronics,R3,1,Retail,65114.5,52091.6,TechPro,Laptop X,East,13022.9,SC003,P0003
2024-06-05,Electronics,R4,4,Online,19805.35,14854.01,SoundMax,Bluetooth Speaker,West,4951.34,SC002,P0001
2024-06-06,Furniture,R4,3,Online,68118.27,49045.15,WoodCraft,Wardrobe,West,19073.12,SC002,P0008
2024-06-06,Furniture,R4,4,Online,28475.95,21356.97,HomeEase,Office Chair,West,7118.99,SC002,P0004
2024-06-06,Accessories,R4,5,Retail,13728.58,8237.15,CarryLite,Laptop Bag,West,5491.43,SC003,P0002
2024-06-06,Furniture,R1,3,Online,46418.11,36206.13,HomeEase,Study Table,North,10211.99,SC002,P0007
2024-06-06,Accessories,R3,3,Online,7923.77,4754.26,CarryLite,Laptop Bag,East,3169.51,SC002,P0002
2024-06-07,Electronics,R2,3,Retail,95771.29,78532.46,TechPro,Smartphone Z,South,17238.83,SC003,P0006
2024-06-07,Electronics,R1,1,Retail,32448.21,26607.53,TechPro,Smartphone Z,North,5840.68,SC003,P0006
2024-06-08,Electronics,R2,1,Distributor,64952.41,51961.93,TechPro,Laptop X,South,12990.48,SC001,P0003
2024-06-08,Electronics,R3,2,Online,121312.65,97050.12,TechPro,Laptop X,East,24262.53,SC002,P0003
2024-06-08,Electronics,R1,1,Online,57045.57,45636.46,TechPro,Laptop X,North,11409.11,SC002,P0003
2024-06-08,Electronics,R1,2,Online,63749.47,52274.57,TechPro,Smartphone Z,North,11474.91,SC002,P0006
2024-06-08,Electronics,R2,5,Online,275340.19,220272.15,TechPro,Laptop X,South,55068.04,SC002,P0003
2024-06-09,Electronics,R4,4,Distributor,19401.88,14551.41,SoundMax,Bluetooth Speaker,West,4850.47,SC001,P0001
2024-06-09,Accessories,R3,1,Distributor,1561.44,1014.94,ChargeFast,Power Bank,East,546.5,SC001,P0005
2024-06-09,Accessories,R4,2,Online,3018.82,1962.23,ChargeFast,Power Bank,West,1056.59,SC002,P0005
2024-06-10,Furniture,R4,1,Online,22861.74,16460.45,WoodCraft,Wardrobe,West,6401.29,SC002,P0008
2024-06-10,Furniture,R4,3,Online,49118.97,38312.8,HomeEase,Study Table,West,10806.17,SC002,P0007
2024-06-11,Electronics,R2,4,Retail,122437.16,100398.47,TechPro,Smartphone Z,South,22038.69,SC003,P0006
2024-06-11,Furniture,R4,4,Online,109950.27,79164.2,WoodCraft,Wardrobe,West,30786.08,SC002,P0008
2024-06-11,Electronics,R1,3,Online,94983.49,77886.46,TechPro,Smartphone Z,North,17097.03,SC002,P0006
2024-06-11,Furniture,R2,5,Retail,67788.73,52875.21,HomeEase,Study Table,South,14913.52,SC003,P0007
2024-06-11,Accessories,R4,5,Retail,12492.85,7495.71,CarryLite,Laptop Bag,West,4997.14,SC003,P0002
2024-06-12,Furniture,R3,1,Online,16407.75,12798.04,HomeEase,Study Table,East,3609.7,SC002,P0007
2024-06-12,Furniture,R1,2,Distributor,47692.7,34338.75,WoodCraft,Wardrobe,North,13353.96,SC001,P0008
2024-06-13,Electronics,R4,5,Online,23686.59,17764.94,SoundMax,Bluetooth Speaker,West,5921.65,SC002,P0001
2024-06-13,Electronics,R3,4,Online,242846.49,194277.19,TechPro,Laptop X,East,48569.3,SC002,P0003
2024-06-13,Electronics,R2,5,Retail,158428.34,129911.24,TechPro,Smartphone Z,South,28517.1,SC003,P0006
2024-06-14,Electronics,R4,5,Online,23983.1,17987.33,SoundMax,Bluetooth Speaker,West,5995.78,SC002,P0001
2024-06-14,Accessories,R3,2,Online,3095.98,2012.39,ChargeFast,Power Bank,East,1083.59,SC002,P0005
2024-06-14,Furniture,R2,5,Online,129843.53,93487.34,WoodCraft,Wardrobe,South,36356.19,SC002,P0008
2024-06-15,Furniture,R4,3,Online,42798.69,33382.98,HomeEase,Study Table,West,9415.71,SC002,P0007
2024-06-15,Furniture,R2,2,Distributor,30601.09,23868.85,HomeEase,Study Table,South,6732.24,SC001,P0007
2024-06-15,Electronics,R4,2,Retail,9539.02,7154.27,SoundMax,Bluetooth Speaker,West,2384.76,SC003,P0001
2024-06-16,Electronics,R1,5,Online,301515.03,241212.02,TechPro,Laptop X,North,60303.01,SC002,P0003
2024-06-16,Accessories,R2,1,Retail,2301.63,1380.98,CarryLite,Laptop Bag,South,920.65,SC003,P0002
2024-06-16,Electronics,R2,1,Retail,27793.27,22790.48,TechPro,Smartphone Z,South,5002.79,SC003,P0006
2024-06-17,Electronics,R2,3,Online,98254.18,80568.42,TechPro,Smartphone Z,South,17685.75,SC002,P0006
2024-06-17,Furniture,R3,3,Retail,19245.84,14434.38,HomeEase,Office Chair,East,4811.46,SC003,P0004
2024-06-17,Furniture,R4,5,Retail,72327.7,56415.61,HomeEase,Study Table,West,15912.09,SC003,P0007
2024-06-17,Electronics,R1,3,Online,167995.64,134396.51,TechPro,Laptop X,North,33599.13,SC002,P0003
2024-06-18,Furniture,R2,1,Online,14145.66,11033.62,HomeEase,Study Table,South,3112.05,SC002,P0007
2024-06-18,Electronics,R2,5,Retail,297179.89,237743.91,TechPro,Laptop X,South,59435.98,SC003,P0003
2024-06-18,Furniture,R2,2,Online,46671.32,33603.35,WoodCraft,Wardrobe,South,13067.97,SC002,P0008
2024-06-18,Furniture,R3,1,Online,25221.0,18159.12,WoodCraft,Wardrobe,East,7061.88,SC002,P0008
2024-06-18,Furniture,R4,3,Online,48362.04,37722.39,HomeEase,Study Table,West,10639.65,SC002,P0007
2024-06-19,Electronics,R4,4,Online,125137.71,102612.92,TechPro,Smartphone Z,West,22524.79,SC002,P0006
2024-06-19,Accessories,R3,2,Retail,2732.48,1776.11,ChargeFast,Power Bank,East,956.37,SC003,P0005
2024-06-19,Furniture,R2,1,Online,7128.97,5346.73,HomeEase,Office Chair,South,1782.24,SC002,P0004
2024-06-19,Accessories,R3,4,Retail,5773.34,3752.67,ChargeFast,Power Bank,East,2020.67,SC003,P0005
2024-06-20,Electronics,R3,3,Online,13977.85,10483.39,SoundMax,Bluetooth Speaker,East,3494.46,SC002,P0001
2024-06-20,Electronics,R2,4,Online,20039.56,15029.67,SoundMax,Bluetooth Speaker,South,5009.89,SC002,P0001
2024-06-20,Electronics,R1,2,Online,55414.32,45439.74,TechPro,Smartphone Z,North,9974.58,SC002,P0006
2024-06-21,Electronics,R1,1,Online,5024.82,3768.61,SoundMax,Bluetooth Speaker,North,1256.2,SC002,P0001
2024-06-21,Furniture,R4,2,Online,13561.58,10171.18,HomeEase,Office Chair,West,3390.39,SC002,P0004
2024-06-21,Electronics,R2,3,Distributor,98576.69,80832.89,TechPro,Smartphone Z,South,17743.8,SC001,P0006
2024-06-21,Accessories,R2,4,Online,6588.96,4282.83,ChargeFast,Power Bank,South,2306.14,SC002,P0005
2024-06-22,Electronics,R2,5,Online,323739.07,258991.26,TechPro,Laptop X,South,64747.81,SC002,P0003
2024-06-22,Accessories,R2,5,Online,12272.86,7363.72,CarryLite,Laptop Bag,South,4909.14,SC002,P0002
2024-06-23,Electronics,R3,4,Online,248646.86,198917.49,TechPro,Laptop X,East,49729.37,SC002,P0003
2024-06-23,Electronics,R1,1,Distributor,64935.07,51948.06,TechPro,Laptop X,North,12987.01,SC001,P0003
2024-06-24,Accessories,R3,5,Retail,13477.14,8086.29,CarryLite,Laptop Bag,East,5390.86,SC003,P0002
2024-06-24,Electronics,R2,4,Online,235065.95,188052.76,TechPro,Laptop X,South,47013.19,SC002,P0003
2024-06-24,Electronics,R1,2,Online,61377.25,50329.35,TechPro,Smartphone Z,North,11047.91,SC002,P0006
2024-06-24,Accessories,R2,4,Online,10049.38,6029.63,CarryLite,Laptop Bag,South,4019.75,SC002,P0002
2024-06-25,Furniture,R1,4,Online,109188.79,78615.93,WoodCraft,Wardrobe,North,30572.86,SC002,P0008
2024-06-25,Electronics,R3,3,Retail,15215.61,11411.71,SoundMax,Bluetooth Speaker,East,3803.9,SC003,P0001
2024-06-25,Accessories,R2,2,Online,3112.5,2023.13,ChargeFast,Power Bank,South,1089.38,SC002,P0005
2024-06-26,Accessories,R4,3,Online,4336.74,2818.88,ChargeFast,Power Bank,West,1517.86,SC002,P0005
2024-06-26,Accessories,R2,4,Distributor,6049.13,3931.94,ChargeFast,Power Bank,South,2117.2,SC001,P0005
2024-06-26,Electronics,R2,2,Online,125525.86,100420.69,TechPro,Laptop X,South,25105.17,SC002,P0003
2024-06-26,Furniture,R2,2,Retail,13286.81,9965.11,HomeEase,Office Chair,South,3321.7,SC003,P0004
2024-06-26,Furniture,R2,5,Online,114338.76,82323.91,WoodCraft,Wardrobe,South,32014.85,SC002,P0008
2024-06-27,Electronics,R2,4,Retail,18752.8,14064.6,SoundMax,Bluetooth Speaker,South,4688.2,SC003,P0001
2024-06-27,Electronics,R1,1,Online,59273.38,47418.7,TechPro,Laptop X,North,11854.68,SC002,P0003
2024-06-27,Electronics,R1,4,Retail,125409.89,102836.11,TechPro,Smartphone Z,North,22573.78,SC003,P0006
2024-06-27,Electronics,R1,5,Retail,159284.2,130613.04,TechPro,Smartphone Z,North,28671.16,SC003,P0006
2024-06-28,Electronics,R3,2,Online,9044.73,6783.55,SoundMax,Bluetooth Speaker,East,2261.18,SC002,P0001
2024-06-28,Electronics,R4,5,Online,319966.5,255973.2,TechPro,Laptop X,West,63993.3,SC002,P0003
2024-06-28,Electronics,R3,3,Online,15749.26,11811.94,SoundMax,Bluetooth Speaker,East,3937.31,SC002,P0001
2024-06-28,Electronics,R4,1,Online,56345.07,45076.06,TechPro,Laptop X,West,11269.01,SC002,P0003
2024-06-28,Electronics,R3,5,Online,164905.47,135222.48,TechPro,Smartphone Z,East,29682.98,SC002,P0006
2024-06-29,Furniture,R1,1,Retail,14031.12,10944.28,HomeEase,Study Table,North,3086.85,SC003,P0007
2024-06-29,Furniture,R1,3,Online,22253.87,16690.4,HomeEase,Office Chair,North,5563.47,SC002,P0004
2024-06-29,Accessories,R4,3,Online,7488.12,4492.87,CarryLite,Laptop Bag,West,2995.25,SC002,P0002
2024-06-30,Electronics,R1,5,Online,309388.29,247510.63,TechPro,Laptop X,North,61877.66,SC002,P0003
2024-06-30,Electronics,R1,2,Online,10212.39,7659.29,SoundMax,Bluetooth Speaker,North,2553.1,SC002,P0001
2024-07-01,Furniture,R4,5,Online,36753.67,27565.25,HomeEase,Office Chair,West,9188.42,SC002,P0004
2024-07-01,Electronics,R1,1,Distributor,62460.41,49968.33,TechPro,Laptop X,North,12492.08,SC001,P0003
2024-07-01,Electronics,R2,5,Online,24267.74,18200.81,SoundMax,Bluetooth Speaker,South,6066.94,SC002,P0001
2024-07-02,Electronics,R2,4,Retail,258659.83,206927.86,TechPro,Laptop X,South,51731.97,SC003,P0003
2024-07-02,Electronics,R2,5,Retail,24712.55,18534.41,SoundMax,Bluetooth Speaker,South,6178.14,SC003,P0001
2024-07-02,Electronics,R2,3,Distributor,87493.46,71744.64,TechPro,Smartphone Z,South,15748.82,SC001,P0006
2024-07-03,Electronics,R1,2,Retail,58133.26,47669.27,TechPro,Smartphone Z,North,10463.99,SC003,P0006
2024-07-03,Furniture,R2,1,Retail,6542.72,4907.04,HomeEase,Office Chair,South,1635.68,SC003,P0004
2024-07-03,Electronics,R2,5,Online,137908.54,113085.0,TechPro,Smartphone Z,South,24823.54,SC002,P0006
2024-07-04,Electronics,R4,2,Distributor,9127.82,6845.87,SoundMax,Bluetooth Speaker,West,2281.96,SC001,P0001
2024-07-04,Electronics,R2,3,Retail,94635.18,77600.84,TechPro,Smartphone Z,South,17034.33,SC003,P0006
2024-07-04,Electronics,R2,3,Distributor,83806.22,68721.1,TechPro,Smartphone Z,South,15085.12,SC001,P0006
2024-07-05,Electronics,R2,4,Online,110562.15,90660.96,TechPro,Smartphone Z,South,19901.19,SC002,P0006
2024-07-05,Accessories,R2,3,Online,4215.82,2740.29,ChargeFast,Power Bank,South,1475.54,SC002,P0005
2024-07-06,Furniture,R1,5,Online,71331.42,55638.51,HomeEase,Study Table,North,15692.91,SC002,P0007
2024-07-06,Furniture,R1,5,Online,79079.47,61681.98,HomeEase,Study Table,North,17397.48,SC002,P0007
2024-07-06,Electronics,R4,5,Online,277728.78,222183.03,TechPro,Laptop X,West,55545.76,SC002,P0003
2024-07-07,Electronics,R4,2,Distributor,9986.49,7489.87,SoundMax,Bluetooth Speaker,West,2496.62,SC001,P0001
2024-07-07,Accessories,R4,3,Online,6906.96,4144.17,CarryLite,Laptop Bag,West,2762.78,SC002,P0002
2024-07-07,Furniture,R2,1,Online,23080.09,16617.66,WoodCraft,Wardrobe,South,6462.42,SC002,P0008
2024-07-07,Furniture,R1,3,Distributor,42345.5,33029.49,HomeEase,Study Table,North,9316.01,SC001,P0007
2024-07-07,Furniture,R1,1,Online,16470.8,12847.22,HomeEase,Study Table,North,3623.58,SC002,P0007
2024-07-08,Accessories,R1,3,Retail,6900.35,4140.21,CarryLite,Laptop Bag,North,2760.14,SC003,P0002
2024-07-08,Accessories,R2,4,Online,10027.31,6016.38,CarryLite,Laptop Bag,South,4010.92,SC002,P0002
2024-07-08,Furniture,R3,5,Online,114497.34,82438.09,WoodCraft,Wardrobe,East,32059.26,SC002,P0008
2024-07-09,Electronics,R4,4,Online,111669.29,91568.82,TechPro,Smartphone Z,West,20100.47,SC002,P0006
2024-07-09,Electronics,R1,1,Online,30229.17,24787.92,TechPro,Smartphone Z,North,5441.25,SC002,P0006
2024-07-10,Furniture,R2,5,Online,80132.49,62503.34,HomeEase,Study Table,South,17629.15,SC002,P0007
2024-07-10,Electronics,R2,1,Retail,5390.12,4042.59,SoundMax,Bluetooth Speaker,South,1347.53,SC003,P0001
2024-07-10,Accessories,R2,4,Online,6131.07,3985.19,ChargeFast,Power Bank,South,2145.87,SC002,P0005
2024-07-10,Electronics,R2,4,Online,119544.45,98026.45,TechPro,Smartphone Z,South,21518.0,SC002,P0006
2024-07-10,Electronics,R4,3,Online,96713.08,79304.72,TechPro,Smartphone Z,West,17408.35,SC002,P0006
2024-07-11,Electronics,R1,5,Retail,23460.21,17595.16,SoundMax,Bluetooth Speaker,North,5865.05,SC003,P0001
2024-07-11,Accessories,R4,5,Online,7683.47,4994.26,ChargeFast,Power Bank,West,2689.22,SC002,P0005
2024-07-12,Electronics,R2,3,Online,15977.28,11982.96,SoundMax,Bluetooth Speaker,South,3994.32,SC002,P0001
2024-07-12,Electronics,R1,4,Distributor,114253.34,93687.74,TechPro,Smartphone Z,North,20565.6,SC001,P0006
2024-07-12,Furniture,R4,3,Retail,19583.15,14687.36,HomeEase,Office Chair,West,4895.79,SC003,P0004
2024-07-13,Furniture,R2,4,Online,64764.57,50516.36,HomeEase,Study Table,South,14248.21,SC002,P0007
2024-07-13,Accessories,R1,4,Online,5633.54,3661.8,ChargeFast,Power Bank,North,1971.74,SC002,P0005
2024-07-13,Electronics,R2,4,Online,125763.59,103126.14,TechPro,Smartphone Z,South,22637.45,SC002,P0006
2024-07-14,Accessories,R3,2,Online,4752.81,2851.69,CarryLite,Laptop Bag,East,1901.12,SC002,P0002
2024-07-14,Furniture,R4,4,Online,25932.07,19449.05,HomeEase,Office Chair,West,6483.02,SC002,P0004
2024-07-14,Furniture,R3,3,Retail,21793.61,16345.21,HomeEase,Office Chair,East,5448.4,SC003,P0004
2024-07-14,Electronics,R4,3,Online,187151.65,149721.32,TechPro,Laptop X,West,37430.33,SC002,P0003
2024-07-14,Electronics,R2,1,Distributor,30547.46,25048.92,TechPro,Smartphone Z,South,5498.54,SC001,P0006
2024-07-15,Electronics,R4,3,Online,15527.68,11645.76,SoundMax,Bluetooth Speaker,West,3881.92,SC002,P0001
2024-07-15,Accessories,R2,2,Retail,4895.25,2937.15,CarryLite,Laptop Bag,South,1958.1,SC003,P0002
2024-07-15,Electronics,R4,2,Retail,108745.48,86996.38,TechPro,Laptop X,West,21749.1,SC003,P0003
2024-07-15,Accessories,R1,4,Distributor,10412.43,6247.46,CarryLite,Laptop Bag,North,4164.97,SC001,P0002
2024-07-16,Furniture,R2,3,Online,20955.02,15716.26,HomeEase,Office Chair,South,5238.75,SC002,P0004
2024-07-16,Electronics,R2,5,Retail,27225.95,20419.46,SoundMax,Bluetooth Speaker,South,6806.49,SC003,P0001
2024-07-17,Furniture,R4,5,Retail,130309.85,93823.09,WoodCraft,Wardrobe,West,36486.76,SC003,P0008
2024-07-17,Electronics,R2,1,Online,54277.03,43421.62,TechPro,Laptop X,South,10855.41,SC002,P0003
2024-07-17,Electronics,R4,2,Online,116312.72,93050.18,TechPro,Laptop X,West,23262.54,SC002,P0003
2024-07-18,Electronics,R2,1,Online,57263.58,45810.87,TechPro,Laptop X,South,11452.72,SC002,P0003
2024-07-18,Furniture,R1,1,Online,22909.31,16494.7,WoodCraft,Wardrobe,North,6414.61,SC002,P0008
2024-07-18,Electronics,R2,4,Online,131183.85,107570.76,TechPro,Smartphone Z,South,23613.09,SC002,P0006
2024-07-18,Accessories,R2,4,Online,6057.37,3937.29,ChargeFast,Power Bank,South,2120.08,SC002,P0005
2024-07-18,Furniture,R4,5,Distributor,34592.94,25944.7,HomeEase,Office Chair,West,8648.23,SC001,P0004
2024-07-19,Furniture,R2,3,Online,75900.06,54648.04,WoodCraft,Wardrobe,South,21252.02,SC002,P0008
2024-07-19,Electronics,R4,5,Retail,298235.51,238588.41,TechPro,Laptop X,West,59647.1,SC003,P0003
2024-07-19,Electronics,R2,5,Retail,26156.73,19617.54,SoundMax,Bluetooth Speaker,South,6539.18,SC003,P0001
2024-07-19,Accessories,R1,1,Online,1640.8,1066.52,ChargeFast,Power Bank,North,574.28,SC002,P0005
2024-07-19,Electronics,R4,2,Online,129546.33,103637.06,TechPro,Laptop X,West,25909.27,SC002,P0003
2024-07-20,Furniture,R4,4,Distributor,60834.14,47450.63,HomeEase,Study Table,West,13383.51,SC001,P0007
2024-07-20,Accessories,R2,5,Distributor,7408.95,4815.82,ChargeFast,Power Bank,South,2593.13,SC001,P0005
2024-07-20,Furniture,R2,3,Online,67772.37,48796.11,WoodCraft,Wardrobe,South,18976.26,SC002,P0008
2024-07-20,Furniture,R3,1,Distributor,15826.96,12345.03,HomeEase,Study Table,East,3481.93,SC001,P0007
2024-07-20,Electronics,R4,4,Distributor,19787.95,14840.96,SoundMax,Bluetooth Speaker,West,4946.99,SC001,P0001
2024-07-21,Accessories,R2,4,Retail,5659.43,3678.63,ChargeFast,Power Bank,South,1980.8,SC003,P0005
2024-07-21,Furniture,R3,1,Online,6785.46,5089.1,HomeEase,Office Chair,East,1696.37,SC002,P0004
2024-07-21,Accessories,R4,3,Online,7301.75,4381.05,CarryLite,Laptop Bag,West,2920.7,SC002,P0002
2024-07-22,Electronics,R1,2,Retail,10325.44,7744.08,SoundMax,Bluetooth Speaker,North,2581.36,SC003,P0001
2024-07-22,Furniture,R2,2,Retail,48290.96,34769.49,WoodCraft,Wardrobe,South,13521.47,SC003,P0008
2024-07-22,Furniture,R1,2,Online,53433.32,38471.99,WoodCraft,Wardrobe,North,14961.33,SC002,P0008
2024-07-23,Electronics,R2,5,Online,153006.56,125465.38,TechPro,Smartphone Z,South,27541.18,SC002,P0006
2024-07-23,Accessories,R1,1,Online,2566.91,1540.14,CarryLite,Laptop Bag,North,1026.76,SC002,P0002
2024-07-23,Furniture,R3,2,Distributor,28700.39,22386.3,HomeEase,Study Table,East,6314.08,SC001,P0007
2024-07-23,Furniture,R4,4,Online,61459.55,47938.45,HomeEase,Study Table,West,13521.1,SC002,P0007
2024-07-23,Electronics,R2,5,Retail,149641.8,122706.28,TechPro,Smartphone Z,South,26935.52,SC003,P0006
2024-07-24,Furniture,R4,2,Retail,15124.63,11343.47,HomeEase,Office Chair,West,3781.16,SC003,P0004
2024-07-24,Accessories,R2,4,Online,9767.55,5860.53,CarryLite,Laptop Bag,South,3907.02,SC002,P0002
2024-07-24,Electronics,R3,5,Online,142462.3,116819.08,TechPro,Smartphone Z,East,25643.21,SC002,P0006
2024-07-24,Electronics,R2,3,Distributor,164362.61,131490.09,TechPro,Laptop X,South,32872.52,SC001,P0003
2024-07-25,Electronics,R4,2,Online,10405.25,7803.94,SoundMax,Bluetooth Speaker,West,2601.31,SC002,P0001
2024-07-25,Accessories,R3,3,Online,7664.54,4598.72,CarryLite,Laptop Bag,East,3065.82,SC002,P0002
2024-07-25,Electronics,R2,5,Online,25145.52,18859.14,SoundMax,Bluetooth Speaker,South,6286.38,SC002,P0001
2024-07-26,Furniture,R1,1,Online,23355.05,16815.64,WoodCraft,Wardrobe,North,6539.42,SC002,P0008
2024-07-26,Electronics,R1,5,Online,24255.72,18191.79,SoundMax,Bluetooth Speaker,North,6063.93,SC002,P0001
2024-07-26,Electronics,R2,1,Distributor,32382.23,26553.43,TechPro,Smartphone Z,South,5828.8,SC001,P0006
2024-07-26,Accessories,R4,1,Online,2438.42,1463.05,CarryLite,Laptop Bag,West,975.37,SC002,P0002
2024-07-27,Electronics,R2,4,Online,116115.44,95214.66,TechPro,Smartphone Z,South,20900.78,SC002,P0006
2024-07-27,Electronics,R1,5,Online,27163.41,20372.56,SoundMax,Bluetooth Speaker,North,6790.85,SC002,P0001
2024-07-28,Furniture,R1,3,Online,20160.13,15120.1,HomeEase,Office Chair,North,5040.03,SC002,P0004
2024-07-28,Electronics,R1,2,Retail,9524.97,7143.73,SoundMax,Bluetooth Speaker,North,2381.24,SC003,P0001
2024-07-28,Electronics,R3,2,Online,65367.41,53601.28,TechPro,Smartphone Z,East,11766.13,SC002,P0006
2024-07-29,Electronics,R1,2,Distributor,60645.97,49729.7,TechPro,Smartphone Z,North,10916.27,SC001,P0006
2024-07-29,Furniture,R2,1,Online,23159.18,16674.61,WoodCraft,Wardrobe,South,6484.57,SC002,P0008
2024-07-29,Furniture,R2,4,Online,28271.51,21203.63,HomeEase,Office Chair,South,7067.88,SC002,P0004
2024-07-30,Furniture,R1,4,Distributor,62501.74,48751.36,HomeEase,Study Table,North,13750.38,SC001,P0007
2024-07-30,Electronics,R2,3,Online,16334.51,12250.88,SoundMax,Bluetooth Speaker,South,4083.63,SC002,P0001
2024-07-30,Furniture,R3,3,Online,22877.77,17158.33,HomeEase,Office Chair,East,5719.44,SC002,P0004
2024-07-31,Accessories,R1,1,Online,2603.44,1562.06,CarryLite,Laptop Bag,North,1041.37,SC002,P0002
2024-07-31,Furniture,R1,3,Retail,71428.94,51428.84,WoodCraft,Wardrobe,North,20000.1,SC003,P0008
2024-07-31,Furniture,R2,2,Online,13475.44,10106.58,HomeEase,Office Chair,South,3368.86,SC002,P0004
2024-08-01,Furniture,R2,4,Online,97661.31,70316.15,WoodCraft,Wardrobe,South,27345.17,SC002,P0008
2024-08-01,Accessories,R2,4,Online,5573.88,3623.02,ChargeFast,Power Bank,South,1950.86,SC002,P0005
2024-08-01,Electronics,R3,4,Online,114572.92,93949.8,TechPro,Smartphone Z,East,20623.13,SC002,P0006
2024-08-01,Furniture,R1,2,Distributor,52691.87,37938.14,WoodCraft,Wardrobe,North,14753.72,SC001,P0008
2024-08-02,Electronics,R2,1,Online,5057.9,3793.43,SoundMax,Bluetooth Speaker,South,1264.48,SC002,P0001
2024-08-02,Electronics,R4,2,Distributor,127157.31,101725.85,TechPro,Laptop X,West,25431.46,SC001,P0003
2024-08-02,Electronics,R1,4,Retail,226934.44,181547.55,TechPro,Laptop X,North,45386.89,SC003,P0003
2024-08-03,Electronics,R4,3,Online,15674.11,11755.58,SoundMax,Bluetooth Speaker,West,3918.53,SC002,P0001
2024-08-03,Electronics,R1,2,Retail,108263.13,86610.5,TechPro,Laptop X,North,21652.63,SC003,P0003
2024-08-03,Electronics,R4,4,Online,18506.89,13880.17,SoundMax,Bluetooth Speaker,West,4626.72,SC002,P0001
2024-08-03,Furniture,R2,1,Online,27352.76,19693.99,WoodCraft,Wardrobe,South,7658.77,SC002,P0008
2024-08-03,Electronics,R2,5,Retail,307770.62,246216.5,TechPro,Laptop X,South,61554.12,SC003,P0003
2024-08-04,Furniture,R4,2,Online,49167.09,35400.3,WoodCraft,Wardrobe,West,13766.78,SC002,P0008
2024-08-04,Electronics,R3,3,Online,195319.6,156255.68,TechPro,Laptop X,East,39063.92,SC002,P0003
2024-08-04,Electronics,R2,5,Online,142803.48,117098.85,TechPro,Smartphone Z,South,25704.63,SC002,P0006
2024-08-04,Accessories,R3,1,Online,1526.81,992.43,ChargeFast,Power Bank,East,534.38,SC002,P0005
2024-08-05,Electronics,R2,1,Online,65753.04,52602.43,TechPro,Laptop X,South,13150.61,SC002,P0003
2024-08-05,Electronics,R3,2,Retail,115974.7,92779.76,TechPro,Laptop X,East,23194.94,SC003,P0003
2024-08-05,Accessories,R2,2,Online,3275.86,2129.31,ChargeFast,Power Bank,South,1146.55,SC002,P0005
2024-08-05,Furniture,R4,3,Online,73398.46,52846.89,WoodCraft,Wardrobe,West,20551.57,SC002,P0008
2024-08-06,Electronics,R1,4,Online,19457.16,14592.87,SoundMax,Bluetooth Speaker,North,4864.29,SC002,P0001
2024-08-06,Electronics,R2,4,Online,115662.16,94842.97,TechPro,Smartphone Z,South,20819.19,SC002,P0006
2024-08-06,Electronics,R4,5,Retail,155591.17,127584.76,TechPro,Smartphone Z,West,28006.41,SC003,P0006
2024-08-07,Accessories,R1,5,Online,13306.95,7984.17,CarryLite,Laptop Bag,North,5322.78,SC002,P0002
2024-08-07,Furniture,R1,4,Online,57773.72,45063.5,HomeEase,Study Table,North,12710.22,SC002,P0007
2024-08-07,Accessories,R2,5,Online,12691.9,7615.14,CarryLite,Laptop Bag,South,5076.76,SC002,P0002
2024-08-07,Electronics,R3,5,Online,27216.17,20412.13,SoundMax,Bluetooth Speaker,East,6804.04,SC002,P0001
2024-08-07,Furniture,R2,3,Online,21193.3,15894.98,HomeEase,Office Chair,South,5298.33,SC002,P0004
2024-08-08,Accessories,R2,5,Online,12020.89,7212.53,CarryLite,Laptop Bag,South,4808.36,SC002,P0002
2024-08-08,Accessories,R2,2,Retail,3230.02,2099.51,ChargeFast,Power Bank,South,1130.51,SC003,P0005
2024-08-08,Electronics,R2,2,Online,130347.15,104277.72,TechPro,Laptop X,South,26069.43,SC002,P0003
2024-08-08,Electronics,R3,4,Online,254399.6,203519.68,TechPro,Laptop X,East,50879.92,SC002,P0003
2024-08-08,Accessories,R3,2,Online,3127.53,2032.89,ChargeFast,Power Bank,East,1094.63,SC002,P0005
2024-08-09,Furniture,R4,1,Online,23500.33,16920.24,WoodCraft,Wardrobe,West,6580.09,SC002,P0008
2024-08-09,Electronics,R4,3,Online,96325.9,78987.24,TechPro,Smartphone Z,West,17338.66,SC002,P0006
2024-08-09,Accessories,R2,2,Retail,2971.22,1931.29,ChargeFast,Power Bank,South,1039.93,SC003,P0005
2024-08-10,Accessories,R2,1,Online,2504.61,1502.76,CarryLite,Laptop Bag,South,1001.84,SC002,P0002
2024-08-10,Accessories,R4,1,Online,1593.67,1035.89,ChargeFast,Power Bank,West,557.79,SC002,P0005
2024-08-10,Furniture,R2,5,Online,124758.76,89826.31,WoodCraft,Wardrobe,South,34932.45,SC002,P0008
2024-08-10,Electronics,R2,2,Online,110031.42,88025.14,TechPro,Laptop X,South,22006.28,SC002,P0003
2024-08-11,Accessories,R2,5,Online,13270.96,7962.57,CarryLite,Laptop Bag,South,5308.38,SC002,P0002
2024-08-11,Furniture,R1,3,Online,22698.2,17023.65,HomeEase,Office Chair,North,5674.55,SC002,P0004
2024-08-11,Electronics,R4,3,Retail,165922.98,132738.38,TechPro,Laptop X,West,33184.6,SC003,P0003
2024-08-12,Electronics,R3,4,Online,19340.44,14505.33,SoundMax,Bluetooth Speaker,East,4835.11,SC002,P0001
2024-08-12,Accessories,R3,5,Online,12052.2,7231.32,CarryLite,Laptop Bag,East,4820.88,SC002,P0002
2024-08-12,Electronics,R4,2,Retail,111626.19,89300.95,TechPro,Laptop X,West,22325.24,SC003,P0003
2024-08-13,Electronics,R4,1,Online,5449.96,4087.47,SoundMax,Bluetooth Speaker,West,1362.49,SC002,P0001
2024-08-13,Accessories,R4,3,Online,7000.65,4200.39,CarryLite,Laptop Bag,West,2800.26,SC002,P0002
2024-08-13,Electronics,R4,2,Retail,112956.32,90365.05,TechPro,Laptop X,West,22591.26,SC003,P0003
2024-08-14,Electronics,R4,2,Online,62394.71,51163.66,TechPro,Smartphone Z,West,11231.05,SC002,P0006
2024-08-14,Electronics,R2,2,Online,110773.36,88618.69,TechPro,Laptop X,South,22154.67,SC002,P0003
2024-08-15,Electronics,R2,2,Online,57378.89,47050.69,TechPro,Smartphone Z,South,10328.2,SC002,P0006
2024-08-15,Electronics,R3,5,Online,25568.56,19176.42,SoundMax,Bluetooth Speaker,East,6392.14,SC002,P0001
2024-08-16,Furniture,R2,3,Distributor,48479.28,37813.84,HomeEase,Study Table,South,10665.44,SC001,P0007
2024-08-16,Electronics,R2,4,Online,19144.74,14358.56,SoundMax,Bluetooth Speaker,South,4786.19,SC002,P0001
2024-08-16,Electronics,R2,2,Online,10524.22,7893.16,SoundMax,Bluetooth Speaker,South,2631.05,SC002,P0001
2024-08-17,Furniture,R1,1,Online,23994.02,17275.69,WoodCraft,Wardrobe,North,6718.32,SC002,P0008
2024-08-17,Accessories,R4,5,Distributor,11358.99,6815.39,CarryLite,Laptop Bag,West,4543.59,SC001,P0002
2024-08-18,Furniture,R3,1,Online,7537.81,5653.35,HomeEase,Office Chair,East,1884.45,SC002,P0004
2024-08-18,Furniture,R4,3,Online,21490.91,16118.18,HomeEase,Office Chair,West,5372.73,SC002,P0004
2024-08-18,Furniture,R1,1,Retail,7348.02,5511.01,HomeEase,Office Chair,North,1837.0,SC003,P0004
2024-08-19,Accessories,R1,1,Retail,2414.42,1448.65,CarryLite,Laptop Bag,North,965.77,SC003,P0002
2024-08-19,Furniture,R1,2,Online,15078.33,11308.75,HomeEase,Office Chair,North,3769.58,SC002,P0004
2024-08-20,Electronics,R1,3,Online,13769.63,10327.23,SoundMax,Bluetooth Speaker,North,3442.41,SC002,P0001
2024-08-20,Electronics,R4,2,Online,117170.76,93736.61,TechPro,Laptop X,West,23434.15,SC002,P0003
2024-08-20,Furniture,R2,3,Online,69261.93,49868.59,WoodCraft,Wardrobe,South,19393.34,SC002,P0008
2024-08-20,Furniture,R1,2,Online,51954.07,37406.93,WoodCraft,Wardrobe,North,14547.14,SC002,P0008
2024-08-21,Furniture,R4,4,Retail,60865.76,47475.29,HomeEase,Study Table,West,13390.47,SC003,P0007
2024-08-21,Furniture,R1,3,Retail,69405.84,49972.21,WoodCraft,Wardrobe,North,19433.64,SC003,P0008
2024-08-22,Electronics,R1,5,Online,27020.84,20265.63,SoundMax,Bluetooth Speaker,North,6755.21,SC002,P0001
2024-08-22,Accessories,R3,5,Online,11981.53,7188.92,CarryLite,Laptop Bag,East,4792.61,SC002,P0002
2024-08-22,Electronics,R2,4,Online,21256.21,15942.16,SoundMax,Bluetooth Speaker,South,5314.05,SC002,P0001
2024-08-23,Electronics,R1,1,Online,5033.34,3775.0,SoundMax,Bluetooth Speaker,North,1258.33,SC002,P0001
2024-08-23,Accessories,R4,1,Online,1502.37,976.54,ChargeFast,Power Bank,West,525.83,SC002,P0005
2024-08-24,Electronics,R4,5,Online,22871.99,17153.99,SoundMax,Bluetooth Speaker,West,5718.0,SC002,P0001
2024-08-24,Accessories,R1,3,Online,7135.48,4281.29,CarryLite,Laptop Bag,North,2854.19,SC002,P0002
2024-08-24,Electronics,R4,2,Online,9478.98,7109.23,SoundMax,Bluetooth Speaker,West,2369.74,SC002,P0001
2024-08-25,Electronics,R2,5,Online,26789.79,20092.34,SoundMax,Bluetooth Speaker,South,6697.45,SC002,P0001
2024-08-25,Furniture,R2,4,Distributor,62546.3,48786.11,HomeEase,Study Table,South,13760.19,SC001,P0007
2024-08-25,Electronics,R3,4,Retail,236305.74,189044.59,TechPro,Laptop X,East,47261.15,SC003,P0003
2024-08-25,Accessories,R4,3,Online,4454.63,2895.51,ChargeFast,Power Bank,West,1559.12,SC002,P0005
2024-08-25,Furniture,R2,4,Online,105603.84,76034.76,WoodCraft,Wardrobe,South,29569.07,SC002,P0008
2024-08-26,Electronics,R3,5,Retail,26129.84,19597.38,SoundMax,Bluetooth Speaker,East,6532.46,SC003,P0001
2024-08-26,Electronics,R1,4,Distributor,18646.69,13985.02,SoundMax,Bluetooth Speaker,North,4661.67,SC001,P0001
2024-08-26,Electronics,R1,4,Online,121690.99,99786.61,TechPro,Smartphone Z,North,21904.38,SC002,P0006
2024-08-26,Electronics,R2,5,Distributor,159178.59,130526.44,TechPro,Smartphone Z,South,28652.15,SC001,P0006
2024-08-26,Electronics,R1,2,Retail,10573.92,7930.44,SoundMax,Bluetooth Speaker,North,2643.48,SC003,P0001
2024-08-27,Furniture,R4,5,Retail,79175.93,61757.23,HomeEase,Study Table,West,17418.71,SC003,P0007
2024-08-27,Electronics,R1,1,Online,64640.81,51712.65,TechPro,Laptop X,North,12928.16,SC002,P0003
2024-08-27,Furniture,R1,3,Distributor,82048.37,59074.83,WoodCraft,Wardrobe,North,22973.54,SC001,P0008
2024-08-28,Accessories,R2,5,Online,13144.14,7886.49,CarryLite,Laptop Bag,South,5257.66,SC002,P0002
2024-08-28,Furniture,R2,3,Online,22227.31,16670.48,HomeEase,Office Chair,South,5556.83,SC002,P0004
2024-08-29,Furniture,R1,5,Retail,35592.26,26694.19,HomeEase,Office Chair,North,8898.06,SC003,P0004
2024-08-29,Accessories,R1,2,Online,5201.49,3120.89,CarryLite,Laptop Bag,North,2080.6,SC002,P0002
2024-08-29,Furniture,R2,4,Online,106512.17,76688.76,WoodCraft,Wardrobe,South,29823.41,SC002,P0008
2024-08-29,Accessories,R4,2,Online,5356.3,3213.78,CarryLite,Laptop Bag,West,2142.52,SC002,P0002
2024-08-29,Electronics,R2,1,Online,55333.17,44266.53,TechPro,Laptop X,South,11066.63,SC002,P0003
2024-08-30,Accessories,R2,5,Online,12125.1,7275.06,CarryLite,Laptop Bag,South,4850.04,SC002,P0002
2024-08-30,Electronics,R2,4,Online,238105.31,190484.25,TechPro,Laptop X,South,47621.06,SC002,P0003
2024-08-31,Accessories,R4,3,Retail,4927.39,3202.8,ChargeFast,Power Bank,West,1724.58,SC003,P0005
2024-08-31,Furniture,R3,4,Retail,62765.98,48957.46,HomeEase,Study Table,East,13808.52,SC003,P0007
2024-08-31,Electronics,R2,3,Retail,84656.77,69418.55,TechPro,Smartphone Z,South,15238.22,SC003,P0006
2024-08-31,Accessories,R1,5,Online,8246.68,5360.34,ChargeFast,Power Bank,North,2886.34,SC002,P0005
2024-08-31,Electronics,R3,5,Retail,137953.13,113121.56,TechPro,Smartphone Z,East,24831.56,SC003,P0006
2024-09-01,Electronics,R4,2,Online,124556.19,99644.95,TechPro,Laptop X,West,24911.24,SC002,P0003
2024-09-01,Furniture,R2,5,Online,132305.56,95260.0,WoodCraft,Wardrobe,South,37045.56,SC002,P0008
2024-09-01,Electronics,R4,4,Distributor,18515.75,13886.81,SoundMax,Bluetooth Speaker,West,4628.94,SC001,P0001
2024-09-01,Electronics,R4,1,Online,58008.93,46407.14,TechPro,Laptop X,West,11601.79,SC002,P0003
2024-09-01,Electronics,R1,3,Retail,163774.51,131019.61,TechPro,Laptop X,North,32754.9,SC003,P0003
2024-09-02,Accessories,R4,4,Retail,10409.94,6245.96,CarryLite,Laptop Bag,West,4163.98,SC003,P0002
2024-09-02,Electronics,R1,1,Online,4696.22,3522.16,SoundMax,Bluetooth Speaker,North,1174.05,SC002,P0001
2024-09-02,Furniture,R2,5,Online,131294.97,94532.38,WoodCraft,Wardrobe,South,36762.59,SC002,P0008
2024-09-02,Electronics,R4,3,Online,83846.39,68754.04,TechPro,Smartphone Z,West,15092.35,SC002,P0006
2024-09-03,Electronics,R4,1,Online,61962.68,49570.15,TechPro,Laptop X,West,12392.54,SC002,P0003
2024-09-03,Electronics,R2,5,Online,24645.49,18484.12,SoundMax,Bluetooth Speaker,South,6161.37,SC002,P0001
2024-09-03,Accessories,R1,4,Retail,9068.19,5440.91,CarryLite,Laptop Bag,North,3627.28,SC003,P0002
2024-09-03,Furniture,R4,2,Online,54385.89,39157.84,WoodCraft,Wardrobe,West,15228.05,SC002,P0008
2024-09-03,Electronics,R4,1,Retail,31642.08,25946.5,TechPro,Smartphone Z,West,5695.57,SC003,P0006
2024-09-04,Electronics,R2,5,Retail,317494.51,253995.6,TechPro,Laptop X,South,63498.9,SC003,P0003
2024-09-04,Electronics,R2,2,Retail,128980.37,103184.3,TechPro,Laptop X,South,25796.07,SC003,P0003
2024-09-04,Electronics,R1,2,Retail,129974.21,103979.37,TechPro,Laptop X,North,25994.84,SC003,P0003
2024-09-04,Electronics,R2,5,Retail,23982.55,17986.91,SoundMax,Bluetooth Speaker,South,5995.64,SC003,P0001
2024-09-05,Electronics,R2,3,Online,85546.71,70148.3,TechPro,Smartphone Z,South,15398.41,SC002,P0006
2024-09-05,Accessories,R4,3,Online,4093.94,2661.06,ChargeFast,Power Bank,West,1432.88,SC002,P0005
2024-09-05,Electronics,R4,2,Online,10285.16,7713.87,SoundMax,Bluetooth Speaker,West,2571.29,SC002,P0001
2024-09-06,Accessories,R1,3,Online,7344.04,4406.42,CarryLite,Laptop Bag,North,2937.61,SC002,P0002
2024-09-06,Accessories,R1,2,Online,5023.18,3013.91,CarryLite,Laptop Bag,North,2009.27,SC002,P0002
2024-09-06,Accessories,R3,3,Online,4413.94,2869.06,ChargeFast,Power Bank,East,1544.88,SC002,P0005
2024-09-06,Electronics,R2,5,Distributor,23541.63,17656.23,SoundMax,Bluetooth Speaker,South,5885.41,SC001,P0001
2024-09-07,Furniture,R1,3,Retail,82158.62,59154.21,WoodCraft,Wardrobe,North,23004.41,SC003,P0008
2024-09-07,Accessories,R4,3,Online,7118.85,4271.31,CarryLite,Laptop Bag,West,2847.54,SC002,P0002
2024-09-07,Electronics,R4,2,Online,9882.49,7411.87,SoundMax,Bluetooth Speaker,West,2470.62,SC002,P0001
2024-09-07,Furniture,R2,2,Online,28209.08,22003.09,HomeEase,Study Table,South,6206.0,SC002,P0007
2024-09-08,Electronics,R1,5,Online,25246.26,18934.69,SoundMax,Bluetooth Speaker,North,6311.56,SC002,P0001
2024-09-08,Electronics,R4,3,Online,92096.63,75519.24,TechPro,Smartphone Z,West,16577.39,SC002,P0006
2024-09-08,Electronics,R2,2,Retail,123825.58,99060.46,TechPro,Laptop X,South,24765.12,SC003,P0003
2024-09-08,Electronics,R4,3,Retail,93365.21,76559.47,TechPro,Smartphone Z,West,16805.74,SC003,P0006
2024-09-09,Furniture,R2,4,Distributor,29530.35,22147.76,HomeEase,Office Chair,South,7382.59,SC001,P0004
2024-09-09,Accessories,R4,5,Distributor,7268.13,4724.28,ChargeFast,Power Bank,West,2543.85,SC001,P0005
2024-09-09,Furniture,R4,3,Retail,44584.68,34776.05,HomeEase,Study Table,West,9808.63,SC003,P0007
2024-09-10,Electronics,R2,3,Distributor,16467.22,12350.42,SoundMax,Bluetooth Speaker,South,4116.81,SC001,P0001
2024-09-10,Furniture,R3,2,Online,28393.11,22146.62,HomeEase,Study Table,East,6246.48,SC002,P0007
2024-09-10,Accessories,R2,2,Retail,3182.72,2068.77,ChargeFast,Power Bank,South,1113.95,SC003,P0005
2024-09-11,Accessories,R2,2,Online,4675.17,2805.1,CarryLite,Laptop Bag,South,1870.07,SC002,P0002
2024-09-11,Electronics,R1,1,Distributor,62840.67,50272.54,TechPro,Laptop X,North,12568.13,SC001,P0003
2024-09-11,Furniture,R4,3,Online,19803.98,14852.98,HomeEase,Office Chair,West,4950.99,SC002,P0004
2024-09-12,Electronics,R4,2,Retail,9753.64,7315.23,SoundMax,Bluetooth Speaker,West,2438.41,SC003,P0001
2024-09-12,Furniture,R1,4,Retail,102280.62,73642.05,WoodCraft,Wardrobe,North,28638.57,SC003,P0008
2024-09-12,Accessories,R2,2,Online,4865.05,2919.03,CarryLite,Laptop Bag,South,1946.02,SC002,P0002
2024-09-12,Accessories,R3,3,Retail,4663.02,3030.97,ChargeFast,Power Bank,East,1632.06,SC003,P0005
2024-09-12,Electronics,R2,4,Retail,21386.62,16039.96,SoundMax,Bluetooth Speaker,South,5346.65,SC003,P0001
2024-09-13,Furniture,R2,1,Retail,15608.55,12174.67,HomeEase,Study Table,South,3433.88,SC003,P0007
2024-09-13,Furniture,R2,2,Online,13318.26,9988.69,HomeEase,Office Chair,South,3329.56,SC002,P0004
2024-09-13,Electronics,R2,5,Online,279696.96,223757.57,TechPro,Laptop X,South,55939.39,SC002,P0003
2024-09-14,Accessories,R2,5,Retail,12896.56,7737.93,CarryLite,Laptop Bag,South,5158.62,SC003,P0002
2024-09-14,Accessories,R1,2,Retail,5393.95,3236.37,CarryLite,Laptop Bag,North,2157.58,SC003,P0002
2024-09-14,Furniture,R3,3,Online,21090.25,15817.69,HomeEase,Office Chair,East,5272.56,SC002,P0004
2024-09-14,Accessories,R2,2,Online,2760.94,1794.61,ChargeFast,Power Bank,South,966.33,SC002,P0005
2024-09-14,Electronics,R1,1,Online,29911.52,24527.45,TechPro,Smartphone Z,North,5384.07,SC002,P0006
2024-09-15,Electronics,R2,1,Retail,61379.21,49103.37,TechPro,Laptop X,South,12275.84,SC003,P0003
2024-09-15,Accessories,R2,3,Online,4921.75,3199.14,ChargeFast,Power Bank,South,1722.61,SC002,P0005
2024-09-15,Furniture,R2,4,Retail,55233.99,43082.52,HomeEase,Study Table,South,12151.48,SC003,P0007
2024-09-15,Electronics,R3,5,Online,138402.82,113490.31,TechPro,Smartphone Z,East,24912.51,SC002,P0006
2024-09-16,Electronics,R1,1,Distributor,5150.58,3862.94,SoundMax,Bluetooth Speaker,North,1287.65,SC001,P0001
2024-09-16,Electronics,R2,4,Retail,241608.41,193286.73,TechPro,Laptop X,South,48321.68,SC003,P0003
2024-09-16,Accessories,R3,3,Online,4139.79,2690.86,ChargeFast,Power Bank,East,1448.93,SC002,P0005
2024-09-17,Electronics,R1,2,Online,123560.95,98848.76,TechPro,Laptop X,North,24712.19,SC002,P0003
2024-09-17,Furniture,R1,4,Distributor,54490.65,42502.7,HomeEase,Study Table,North,11987.94,SC001,P0007
2024-09-17,Electronics,R3,3,Online,98009.37,80367.69,TechPro,Smartphone Z,East,17641.69,SC002,P0006
2024-09-17,Furniture,R4,4,Online,57501.88,44851.47,HomeEase,Study Table,West,12650.41,SC002,P0007
2024-09-17,Furniture,R4,3,Online,48491.12,37823.07,HomeEase,Study Table,West,10668.05,SC002,P0007
2024-09-18,Electronics,R4,2,Online,124846.88,99877.51,TechPro,Laptop X,West,24969.38,SC002,P0003
2024-09-18,Electronics,R1,3,Online,15268.52,11451.39,SoundMax,Bluetooth Speaker,North,3817.13,SC002,P0001
2024-09-18,Electronics,R2,3,Distributor,15015.35,11261.51,SoundMax,Bluetooth Speaker,South,3753.84,SC001,P0001
2024-09-19,Electronics,R3,2,Online,129115.15,103292.12,TechPro,Laptop X,East,25823.03,SC002,P0003
2024-09-19,Accessories,R3,3,Online,4409.46,2866.15,ChargeFast,Power Bank,East,1543.31,SC002,P0005
2024-09-20,Electronics,R4,5,Distributor,23201.62,17401.21,SoundMax,Bluetooth Speaker,West,5800.4,SC001,P0001
2024-09-20,Furniture,R2,5,Retail,68235.88,53223.98,HomeEase,Study Table,South,15011.89,SC003,P0007
2024-09-20,Electronics,R4,3,Distributor,13816.73,10362.55,SoundMax,Bluetooth Speaker,West,3454.18,SC001,P0001
2024-09-21,Electronics,R4,1,Online,29099.99,23861.99,TechPro,Smartphone Z,West,5238.0,SC002,P0006
2024-09-21,Accessories,R3,1,Online,2327.96,1396.78,CarryLite,Laptop Bag,East,931.18,SC002,P0002
2024-09-21,Furniture,R1,3,Distributor,22490.69,16868.02,HomeEase,Office Chair,North,5622.67,SC001,P0004
2024-09-21,Electronics,R4,2,Online,63733.88,52261.78,TechPro,Smartphone Z,West,11472.1,SC002,P0006
2024-09-22,Furniture,R4,4,Online,57917.67,45175.78,HomeEase,Study Table,West,12741.89,SC002,P0007
2024-09-22,Electronics,R1,1,Retail,4781.55,3586.17,SoundMax,Bluetooth Speaker,North,1195.39,SC003,P0001
2024-09-22,Accessories,R4,4,Distributor,9569.6,5741.76,CarryLite,Laptop Bag,West,3827.84,SC001,P0002
2024-09-22,Accessories,R4,1,Retail,2562.46,1537.47,CarryLite,Laptop Bag,West,1024.98,SC003,P0002
2024-09-22,Electronics,R2,2,Online,59473.26,48768.08,TechPro,Smartphone Z,South,10705.19,SC002,P0006
2024-09-23,Electronics,R2,1,Distributor,62192.93,49754.34,TechPro,Laptop X,South,12438.59,SC001,P0003
2024-09-23,Accessories,R3,5,Online,12713.71,7628.23,CarryLite,Laptop Bag,East,5085.48,SC002,P0002
2024-09-24,Electronics,R2,1,Online,5028.06,3771.04,SoundMax,Bluetooth Speaker,South,1257.01,SC002,P0001
2024-09-24,Electronics,R2,3,Online,81784.09,67062.96,TechPro,Smartphone Z,South,14721.14,SC002,P0006
2024-09-24,Electronics,R1,3,Online,16140.32,12105.24,SoundMax,Bluetooth Speaker,North,4035.08,SC002,P0001
2024-09-24,Electronics,R2,3,Online,16059.46,12044.59,SoundMax,Bluetooth Speaker,South,4014.86,SC002,P0001
2024-09-24,Furniture,R2,5,Distributor,81535.33,63597.55,HomeEase,Study Table,South,17937.77,SC001,P0007
2024-09-25,Electronics,R2,4,Online,20374.43,15280.82,SoundMax,Bluetooth Speaker,South,5093.61,SC002,P0001
2024-09-25,Electronics,R3,5,Online,26932.65,20199.49,SoundMax,Bluetooth Speaker,East,6733.16,SC002,P0001
2024-09-25,Furniture,R2,4,Online,96633.81,69576.34,WoodCraft,Wardrobe,South,27057.47,SC002,P0008
2024-09-25,Electronics,R2,4,Online,129917.89,106532.67,TechPro,Smartphone Z,South,23385.22,SC002,P0006
2024-09-25,Electronics,R1,4,Online,218041.18,174432.95,TechPro,Laptop X,North,43608.24,SC002,P0003
2024-09-26,Electronics,R4,4,Online,127604.65,104635.81,TechPro,Smartphone Z,West,22968.84,SC002,P0006
2024-09-26,Electronics,R1,3,Retail,98461.16,80738.15,TechPro,Smartphone Z,North,17723.01,SC003,P0006
2024-09-26,Accessories,R4,2,Retail,4717.67,2830.6,CarryLite,Laptop Bag,West,1887.07,SC003,P0002
2024-09-26,Electronics,R3,5,Retail,26795.86,20096.9,SoundMax,Bluetooth Speaker,East,6698.97,SC003,P0001
2024-09-26,Furniture,R2,2,Online,29327.92,22875.78,HomeEase,Study Table,South,6452.14,SC002,P0007
2024-09-27,Electronics,R1,3,Online,16020.03,12015.02,SoundMax,Bluetooth Speaker,North,4005.01,SC002,P0001
2024-09-27,Furniture,R4,2,Online,27563.78,21499.75,HomeEase,Study Table,West,6064.03,SC002,P0007
2024-09-27,Furniture,R2,4,Online,60141.68,46910.51,HomeEase,Study Table,South,13231.17,SC002,P0007
2024-09-28,Accessories,R2,2,Retail,4875.76,2925.46,CarryLite,Laptop Bag,South,1950.3,SC003,P0002
2024-09-28,Accessories,R2,3,Online,7354.85,4412.91,CarryLite,Laptop Bag,South,2941.94,SC002,P0002
2024-09-28,Electronics,R1,3,Online,177575.13,142060.1,TechPro,Laptop X,North,35515.03,SC002,P0003
2024-09-28,Electronics,R4,1,Online,27327.24,22408.34,TechPro,Smartphone Z,West,4918.9,SC002,P0006
2024-09-29,Electronics,R2,2,Online,10657.0,7992.75,SoundMax,Bluetooth Speaker,South,2664.25,SC002,P0001
2024-09-29,Accessories,R3,4,Online,10909.3,6545.58,CarryLite,Laptop Bag,East,4363.72,SC002,P0002
2024-09-29,Electronics,R2,5,Online,23466.89,17600.17,SoundMax,Bluetooth Speaker,South,5866.72,SC002,P0001
2024-09-29,Furniture,R2,3,Online,20689.84,15517.38,HomeEase,Office Chair,South,5172.46,SC002,P0004
2024-09-30,Furniture,R2,5,Online,72095.72,56234.66,HomeEase,Study Table,South,15861.06,SC002,P0007
2024-09-30,Electronics,R4,1,Online,5025.36,3769.02,SoundMax,Bluetooth Speaker,West,1256.34,SC002,P0001
2024-09-30,Electronics,R2,5,Online,25686.95,19265.22,SoundMax,Bluetooth Speaker,South,6421.74,SC002,P0001
2024-10-01,Electronics,R4,7,Online,36208.99,27156.74,SoundMax,Bluetooth Speaker,West,9052.25,SC002,P0001
2024-10-01,Furniture,R4,7,Retail,113412.95,88462.1,HomeEase,Study Table,West,24950.85,SC003,P0007
2024-10-01,Electronics,R4,4,Retail,120089.59,98473.46,TechPro,Smartphone Z,West,21616.13,SC003,P0006
2024-10-01,Electronics,R1,4,Online,18383.07,13787.3,SoundMax,Bluetooth Speaker,North,4595.77,SC002,P0001
2024-10-02,Accessories,R2,4,Retail,9143.78,5486.27,CarryLite,Laptop Bag,South,3657.51,SC003,P0002
2024-10-02,Furniture,R4,4,Distributor,56804.29,44307.35,HomeEase,Study Table,West,12496.94,SC001,P0007
2024-10-02,Electronics,R2,2,Online,9990.43,7492.82,SoundMax,Bluetooth Speaker,South,2497.61,SC002,P0001
2024-10-02,Electronics,R2,5,Online,154485.78,126678.34,TechPro,Smartphone Z,South,27807.44,SC002,P0006
2024-10-03,Electronics,R2,1,Online,29706.98,24359.73,TechPro,Smartphone Z,South,5347.26,SC002,P0006
2024-10-03,Furniture,R4,4,Retail,26712.03,20034.02,HomeEase,Office Chair,West,6678.01,SC003,P0004
2024-10-03,Electronics,R2,7,Distributor,210924.98,172958.49,TechPro,Smartphone Z,South,37966.5,SC001,P0006
2024-10-03,Accessories,R1,5,Online,12857.21,7714.33,CarryLite,Laptop Bag,North,5142.88,SC002,P0002
2024-10-04,Accessories,R2,1,Online,2489.51,1493.71,CarryLite,Laptop Bag,South,995.8,SC002,P0002
2024-10-04,Furniture,R3,4,Online,28351.65,21263.74,HomeEase,Office Chair,East,7087.91,SC002,P0004
2024-10-05,Furniture,R1,7,Retail,46886.33,35164.75,HomeEase,Office Chair,North,11721.58,SC003,P0004
2024-10-05,Furniture,R2,7,Retail,44609.97,33457.48,HomeEase,Office Chair,South,11152.49,SC003,P0004
2024-10-05,Electronics,R1,2,Online,117470.52,93976.42,TechPro,Laptop X,North,23494.1,SC002,P0003
2024-10-05,Electronics,R2,4,Online,256557.12,205245.7,TechPro,Laptop X,South,51311.42,SC002,P0003
2024-10-05,Accessories,R2,4,Retail,10437.73,6262.64,CarryLite,Laptop Bag,South,4175.09,SC003,P0002
2024-10-06,Furniture,R2,7,Online,187680.47,135129.94,WoodCraft,Wardrobe,South,52550.53,SC002,P0008
2024-10-06,Electronics,R1,1,Online,54619.95,43695.96,TechPro,Laptop X,North,10923.99,SC002,P0003
2024-10-06,Electronics,R2,7,Retail,32669.28,24501.96,SoundMax,Bluetooth Speaker,South,8167.32,SC003,P0001
2024-10-06,Electronics,R3,7,Online,33267.13,24950.35,SoundMax,Bluetooth Speaker,East,8316.78,SC002,P0001
2024-10-07,Accessories,R3,5,Retail,7824.73,5086.08,ChargeFast,Power Bank,East,2738.66,SC003,P0005
2024-10-07,Electronics,R2,2,Retail,55420.82,45445.07,TechPro,Smartphone Z,South,9975.75,SC003,P0006
2024-10-08,Electronics,R2,4,Retail,126049.42,103360.53,TechPro,Smartphone Z,South,22688.9,SC003,P0006
2024-10-08,Electronics,R1,2,Retail,59715.91,48967.05,TechPro,Smartphone Z,North,10748.86,SC003,P0006
2024-10-08,Electronics,R2,2,Online,59239.37,48576.29,TechPro,Smartphone Z,South,10663.09,SC002,P0006
2024-10-08,Electronics,R1,1,Online,30150.38,24723.31,TechPro,Smartphone Z,North,5427.07,SC002,P0006
2024-10-09,Electronics,R3,5,Online,324427.05,259541.64,TechPro,Laptop X,East,64885.41,SC002,P0003
2024-10-09,Furniture,R3,1,Online,25348.54,18250.95,WoodCraft,Wardrobe,East,7097.59,SC002,P0008
2024-10-09,Electronics,R2,2,Online,10927.55,8195.66,SoundMax,Bluetooth Speaker,South,2731.89,SC002,P0001
2024-10-09,Accessories,R1,4,Online,9166.94,5500.17,CarryLite,Laptop Bag,North,3666.78,SC002,P0002
2024-10-09,Electronics,R2,2,Online,9734.15,7300.61,SoundMax,Bluetooth Speaker,South,2433.54,SC002,P0001
2024-10-10,Electronics,R2,1,Online,27822.41,22814.37,TechPro,Smartphone Z,South,5008.03,SC002,P0006
2024-10-10,Electronics,R3,7,Retail,34113.21,25584.91,SoundMax,Bluetooth Speaker,East,8528.3,SC003,P0001
2024-10-10,Accessories,R2,5,Online,7680.84,4992.55,ChargeFast,Power Bank,South,2688.29,SC002,P0005
2024-10-11,Furniture,R3,1,Distributor,23307.94,16781.72,WoodCraft,Wardrobe,East,6526.22,SC001,P0008
2024-10-11,Accessories,R3,4,Online,9387.27,5632.36,CarryLite,Laptop Bag,East,3754.91,SC002,P0002
2024-10-12,Electronics,R3,2,Online,110896.5,88717.2,TechPro,Laptop X,East,22179.3,SC002,P0003
2024-10-12,Furniture,R2,1,Online,22681.27,16330.52,WoodCraft,Wardrobe,South,6350.76,SC002,P0008
2024-10-12,Accessories,R3,7,Online,16360.25,9816.15,CarryLite,Laptop Bag,East,6544.1,SC002,P0002
2024-10-13,Furniture,R2,1,Distributor,23877.54,17191.83,WoodCraft,Wardrobe,South,6685.71,SC001,P0008
2024-10-13,Electronics,R1,1,Online,5196.26,3897.2,SoundMax,Bluetooth Speaker,North,1299.07,SC002,P0001
2024-10-14,Furniture,R4,4,Online,59775.72,46625.07,HomeEase,Study Table,West,13150.66,SC002,P0007
2024-10-14,Furniture,R2,1,Online,7010.14,5257.6,HomeEase,Office Chair,South,1752.53,SC002,P0004
2024-10-15,Electronics,R4,4,Online,235877.24,188701.79,TechPro,Laptop X,West,47175.45,SC002,P0003
2024-10-15,Furniture,R2,5,Retail,33727.21,25295.41,HomeEase,Office Chair,South,8431.8,SC003,P0004
2024-10-15,Electronics,R3,5,Online,140206.11,114969.01,TechPro,Smartphone Z,East,25237.1,SC002,P0006
2024-10-15,Electronics,R2,5,Online,27094.26,20320.7,SoundMax,Bluetooth Speaker,South,6773.57,SC002,P0001
2024-10-16,Accessories,R2,4,Retail,9910.02,5946.01,CarryLite,Laptop Bag,South,3964.01,SC003,P0002
2024-10-16,Electronics,R4,2,Online,120902.54,96722.03,TechPro,Laptop X,West,24180.51,SC002,P0003
2024-10-16,Electronics,R2,4,Retail,19385.81,14539.35,SoundMax,Bluetooth Speaker,South,4846.45,SC003,P0001
2024-10-17,Electronics,R2,1,Online,4717.48,3538.11,SoundMax,Bluetooth Speaker,South,1179.37,SC002,P0001
2024-10-17,Electronics,R2,5,Online,293997.6,235198.08,TechPro,Laptop X,South,58799.52,SC002,P0003
2024-10-17,Furniture,R2,4,Retail,30139.13,22604.35,HomeEase,Office Chair,South,7534.78,SC003,P0004
2024-10-18,Electronics,R2,5,Online,25622.93,19217.19,SoundMax,Bluetooth Speaker,South,6405.73,SC002,P0001
2024-10-18,Electronics,R4,1,Retail,27683.63,22700.58,TechPro,Smartphone Z,West,4983.05,SC003,P0006
2024-10-19,Electronics,R2,4,Distributor,220794.54,176635.63,TechPro,Laptop X,South,44158.91,SC001,P0003
2024-10-19,Furniture,R1,5,Distributor,73880.02,57626.41,HomeEase,Study Table,North,16253.6,SC001,P0007
2024-10-19,Electronics,R4,2,Retail,116124.84,92899.87,TechPro,Laptop X,West,23224.97,SC003,P0003
2024-10-20,Electronics,R1,7,Distributor,37795.99,28346.99,SoundMax,Bluetooth Speaker,North,9449.0,SC001,P0001
2024-10-20,Furniture,R4,1,Retail,15222.69,11873.69,HomeEase,Study Table,West,3348.99,SC003,P0007
2024-10-20,Electronics,R4,4,Online,117301.59,96187.31,TechPro,Smartphone Z,West,21114.29,SC002,P0006
2024-10-20,Furniture,R4,7,Retail,98982.69,77206.5,HomeEase,Study Table,West,21776.19,SC003,P0007
2024-10-21,Accessories,R2,4,Online,5414.23,3519.25,ChargeFast,Power Bank,South,1894.98,SC002,P0005
2024-10-21,Electronics,R2,5,Retail,290308.83,232247.06,TechPro,Laptop X,South,58061.77,SC003,P0003
2024-10-21,Furniture,R2,5,Online,70048.24,54637.63,HomeEase,Study Table,South,15410.61,SC002,P0007
2024-10-22,Accessories,R3,5,Online,11913.36,7148.01,CarryLite,Laptop Bag,East,4765.34,SC002,P0002
2024-10-22,Electronics,R3,4,Online,244960.56,195968.45,TechPro,Laptop X,East,48992.11,SC002,P0003
2024-10-23,Accessories,R2,2,Online,4619.94,2771.96,CarryLite,Laptop Bag,South,1847.98,SC002,P0002
2024-10-23,Furniture,R2,7,Distributor,158467.04,114096.27,WoodCraft,Wardrobe,South,44370.77,SC001,P0008
2024-10-23,Accessories,R3,4,Online,6565.21,4267.38,ChargeFast,Power Bank,East,2297.82,SC002,P0005
2024-10-24,Electronics,R1,5,Retail,307975.93,246380.74,TechPro,Laptop X,North,61595.19,SC003,P0003
2024-10-24,Furniture,R1,4,Online,57519.19,44864.97,HomeEase,Study Table,North,12654.22,SC002,P0007
2024-10-24,Accessories,R2,1,Online,2288.34,1373.0,CarryLite,Laptop Bag,South,915.33,SC002,P0002
2024-10-24,Electronics,R1,5,Online,158352.62,129849.15,TechPro,Smartphone Z,North,28503.47,SC002,P0006
2024-10-25,Furniture,R1,1,Distributor,16320.7,12730.15,HomeEase,Study Table,North,3590.55,SC001,P0007
2024-10-25,Furniture,R2,2,Online,14811.07,11108.3,HomeEase,Office Chair,South,3702.77,SC002,P0004
2024-10-25,Accessories,R1,4,Retail,6558.75,4263.19,ChargeFast,Power Bank,North,2295.56,SC003,P0005
2024-10-26,Accessories,R2,5,Online,12286.83,7372.1,CarryLite,Laptop Bag,South,4914.73,SC002,P0002
2024-10-26,Electronics,R3,5,Retail,328630.97,262904.78,TechPro,Laptop X,East,65726.19,SC003,P0003
2024-10-26,Furniture,R3,5,Online,75734.08,59072.58,HomeEase,Study Table,East,16661.5,SC002,P0007
2024-10-27,Electronics,R1,1,Online,31078.44,25484.32,TechPro,Smartphone Z,North,5594.12,SC002,P0006
2024-10-27,Electronics,R2,1,Online,31516.76,25843.74,TechPro,Smartphone Z,South,5673.02,SC002,P0006
2024-10-27,Electronics,R3,4,Retail,123386.87,101177.23,TechPro,Smartphone Z,East,22209.64,SC003,P0006
2024-10-28,Electronics,R4,1,Online,60726.27,48581.01,TechPro,Laptop X,West,12145.25,SC002,P0003
2024-10-28,Accessories,R1,4,Distributor,5795.13,3766.83,ChargeFast,Power Bank,North,2028.3,SC001,P0005
2024-10-28,Electronics,R2,4,Online,21283.41,15962.56,SoundMax,Bluetooth Speaker,South,5320.85,SC002,P0001
2024-10-28,Electronics,R2,1,Online,29169.87,23919.3,TechPro,Smartphone Z,South,5250.58,SC002,P0006
2024-10-28,Furniture,R1,7,Online,166906.14,120172.42,WoodCraft,Wardrobe,North,46733.72,SC002,P0008
2024-10-29,Accessories,R4,7,Online,10763.34,6996.17,ChargeFast,Power Bank,West,3767.17,SC002,P0005
2024-10-29,Accessories,R3,5,Online,7036.92,4574.0,ChargeFast,Power Bank,East,2462.92,SC002,P0005
2024-10-29,Accessories,R3,4,Online,5829.89,3789.43,ChargeFast,Power Bank,East,2040.46,SC002,P0005
2024-10-29,Electronics,R2,5,Online,140095.18,114878.05,TechPro,Smartphone Z,South,25217.13,SC002,P0006
2024-10-29,Electronics,R1,7,Retail,382579.89,306063.92,TechPro,Laptop X,North,76515.98,SC003,P0003
2024-10-30,Electronics,R1,7,Online,443037.89,354430.31,TechPro,Laptop X,North,88607.58,SC002,P0003
2024-10-30,Furniture,R4,4,Online,65634.39,51194.82,HomeEase,Study Table,West,14439.57,SC002,P0007
2024-10-30,Electronics,R1,1,Online,60981.5,48785.2,TechPro,Laptop X,North,12196.3,SC002,P0003
2024-10-30,Furniture,R1,4,Retail,30421.7,22816.27,HomeEase,Office Chair,North,7605.42,SC003,P0004
2024-10-30,Electronics,R1,1,Online,4861.8,3646.35,SoundMax,Bluetooth Speaker,North,1215.45,SC002,P0001
2024-10-31,Electronics,R2,7,Distributor,217066.9,177994.86,TechPro,Smartphone Z,South,39072.04,SC001,P0006
2024-10-31,Electronics,R1,1,Online,32970.32,27035.66,TechPro,Smartphone Z,North,5934.66,SC002,P0006
2024-10-31,Accessories,R4,7,Online,16736.39,10041.83,CarryLite,Laptop Bag,West,6694.56,SC002,P0002
2024-10-31,Electronics,R3,2,Online,65331.99,53572.23,TechPro,Smartphone Z,East,11759.76,SC002,P0006
2024-10-31,Furniture,R3,4,Distributor,90904.59,65451.31,WoodCraft,Wardrobe,East,25453.29,SC001,P0008
2024-11-01,Electronics,R1,2,Online,60362.63,49497.36,TechPro,Smartphone Z,North,10865.27,SC002,P0006
2024-11-01,Electronics,R1,4,Online,18396.23,13797.17,SoundMax,Bluetooth Speaker,North,4599.06,SC002,P0001
2024-11-02,Accessories,R2,5,Online,12720.78,7632.47,CarryLite,Laptop Bag,South,5088.31,SC002,P0002
2024-11-02,Furniture,R2,1,Online,23596.84,16989.73,WoodCraft,Wardrobe,South,6607.12,SC002,P0008
2024-11-03,Electronics,R2,5,Online,23434.17,17575.63,SoundMax,Bluetooth Speaker,South,5858.54,SC002,P0001
2024-11-03,Electronics,R1,7,Online,406227.05,324981.64,TechPro,Laptop X,North,81245.41,SC002,P0003
2024-11-03,Electronics,R4,4,Distributor,230674.7,184539.76,TechPro,Laptop X,West,46134.94,SC001,P0003
2024-11-03,Electronics,R2,1,Online,4816.51,3612.38,SoundMax,Bluetooth Speaker,South,1204.13,SC002,P0001
2024-11-03,Accessories,R2,7,Online,17531.9,10519.14,CarryLite,Laptop Bag,South,7012.76,SC002,P0002
2024-11-04,Electronics,R2,5,Distributor,23598.8,17699.1,SoundMax,Bluetooth Speaker,South,5899.7,SC001,P0001
2024-11-04,Furniture,R4,1,Retail,16033.27,12505.95,HomeEase,Study Table,West,3527.32,SC003,P0007
2024-11-04,Furniture,R1,5,Online,70486.45,54979.43,HomeEase,Study Table,North,15507.02,SC002,P0007
2024-11-05,Accessories,R3,2,Online,5283.92,3170.35,CarryLite,Laptop Bag,East,2113.57,SC002,P0002
2024-11-05,Accessories,R2,4,Online,5700.61,3705.4,ChargeFast,Power Bank,South,1995.21,SC002,P0005
2024-11-05,Electronics,R3,1,Online,28244.76,23160.7,TechPro,Smartphone Z,East,5084.06,SC002,P0006
2024-11-06,Accessories,R2,5,Online,13655.7,8193.42,CarryLite,Laptop Bag,South,5462.28,SC002,P0002
2024-11-06,Electronics,R1,2,Online,10451.52,7838.64,SoundMax,Bluetooth Speaker,North,2612.88,SC002,P0001
2024-11-06,Furniture,R3,4,Online,60091.78,46871.59,HomeEase,Study Table,East,13220.19,SC002,P0007
2024-11-07,Electronics,R2,5,Online,26680.03,20010.03,SoundMax,Bluetooth Speaker,South,6670.01,SC002,P0001
2024-11-07,Electronics,R1,4,Online,112671.22,92390.4,TechPro,Smartphone Z,North,20280.82,SC002,P0006
2024-11-07,Electronics,R1,4,Retail,20954.61,15715.96,SoundMax,Bluetooth Speaker,North,5238.65,SC003,P0001
2024-11-07,Accessories,R2,1,Online,1391.29,904.34,ChargeFast,Power Bank,South,486.95,SC002,P0005
2024-11-07,Electronics,R2,5,Online,23217.1,17412.83,SoundMax,Bluetooth Speaker,South,5804.28,SC002,P0001
2024-11-08,Accessories,R2,5,Online,11838.31,7102.99,CarryLite,Laptop Bag,South,4735.33,SC002,P0002
2024-11-08,Furniture,R3,4,Online,62969.92,49116.53,HomeEase,Study Table,East,13853.38,SC002,P0007
2024-11-08,Electronics,R1,2,Online,9124.85,6843.64,SoundMax,Bluetooth Speaker,North,2281.21,SC002,P0001
2024-11-09,Electronics,R2,2,Retail,110228.28,88182.63,TechPro,Laptop X,South,22045.66,SC003,P0003
2024-11-09,Furniture,R2,5,Retail,75615.45,58980.05,HomeEase,Study Table,South,16635.4,SC003,P0007
2024-11-10,Electronics,R2,7,Online,196835.43,161405.05,TechPro,Smartphone Z,South,35430.38,SC002,P0006
2024-11-10,Furniture,R1,1,Online,14938.9,11652.34,HomeEase,Study Table,North,3286.56,SC002,P0007
2024-11-10,Accessories,R3,4,Online,6085.69,3955.7,ChargeFast,Power Bank,East,2129.99,SC002,P0005
2024-11-11,Electronics,R1,1,Online,30909.47,25345.77,TechPro,Smartphone Z,North,5563.71,SC002,P0006
2024-11-11,Accessories,R1,2,Online,3217.82,2091.58,ChargeFast,Power Bank,North,1126.24,SC002,P0005
2024-11-12,Accessories,R4,2,Online,4806.15,2883.69,CarryLite,Laptop Bag,West,1922.46,SC002,P0002
2024-11-12,Electronics,R1,5,Online,303926.61,243141.29,TechPro,Laptop X,North,60785.32,SC002,P0003
2024-11-13,Furniture,R1,2,Online,31001.82,24181.42,HomeEase,Study Table,North,6820.4,SC002,P0007
2024-11-13,Electronics,R4,1,Online,5176.24,3882.18,SoundMax,Bluetooth Speaker,West,1294.06,SC002,P0001
2024-11-13,Electronics,R4,4,Online,119488.48,97980.56,TechPro,Smartphone Z,West,21507.93,SC002,P0006
2024-11-13,Electronics,R2,7,Online,216387.47,177437.73,TechPro,Smartphone Z,South,38949.75,SC002,P0006
2024-11-14,Accessories,R3,2,Online,2848.29,1851.39,ChargeFast,Power Bank,East,996.9,SC002,P0005
2024-11-14,Electronics,R4,1,Online,32396.04,26564.75,TechPro,Smartphone Z,West,5831.29,SC002,P0006
2024-11-14,Accessories,R4,2,Online,4660.72,2796.43,CarryLite,Laptop Bag,West,1864.29,SC002,P0002
2024-11-14,Furniture,R2,7,Online,107254.48,83658.5,HomeEase,Study Table,South,23595.99,SC002,P0007
2024-11-14,Electronics,R3,1,Retail,5438.03,4078.52,SoundMax,Bluetooth Speaker,East,1359.51,SC003,P0001
2024-11-15,Electronics,R4,1,Online,27043.51,22175.68,TechPro,Smartphone Z,West,4867.83,SC002,P0006
2024-11-15,Accessories,R3,1,Retail,2383.28,1429.97,CarryLite,Laptop Bag,East,953.31,SC003,P0002
2024-11-15,Electronics,R4,4,Retail,21361.45,16021.08,SoundMax,Bluetooth Speaker,West,5340.36,SC003,P0001
2024-11-15,Electronics,R4,7,Retail,227526.73,186571.92,TechPro,Smartphone Z,West,40954.81,SC003,P0006
2024-11-15,Electronics,R2,1,Retail,63056.19,50444.95,TechPro,Laptop X,South,12611.24,SC003,P0003
2024-11-16,Electronics,R4,4,Retail,234430.09,187544.07,TechPro,Laptop X,West,46886.02,SC003,P0003
2024-11-16,Furniture,R1,2,Retail,27647.43,21565.0,HomeEase,Study Table,North,6082.44,SC003,P0007
2024-11-16,Accessories,R2,1,Online,2444.01,1466.41,CarryLite,Laptop Bag,South,977.61,SC002,P0002
2024-11-16,Electronics,R4,4,Online,125508.24,102916.76,TechPro,Smartphone Z,West,22591.48,SC002,P0006
2024-11-17,Accessories,R1,7,Retail,11167.43,7258.83,ChargeFast,Power Bank,North,3908.6,SC003,P0005
2024-11-17,Electronics,R1,5,Retail,142610.83,116940.88,TechPro,Smartphone Z,North,25669.95,SC003,P0006
2024-11-18,Electronics,R1,4,Retail,18448.81,13836.6,SoundMax,Bluetooth Speaker,North,4612.2,SC003,P0001
2024-11-18,Accessories,R2,4,Online,6280.64,4082.42,ChargeFast,Power Bank,South,2198.23,SC002,P0005
2024-11-18,Electronics,R1,5,Online,284096.91,227277.53,TechPro,Laptop X,North,56819.38,SC002,P0003
2024-11-18,Electronics,R2,1,Distributor,29003.05,23782.5,TechPro,Smartphone Z,South,5220.55,SC001,P0006
2024-11-19,Furniture,R1,2,Retail,15021.41,11266.06,HomeEase,Office Chair,North,3755.35,SC003,P0004
2024-11-19,Furniture,R3,1,Online,27457.54,19769.43,WoodCraft,Wardrobe,East,7688.11,SC002,P0008
2024-11-19,Furniture,R1,1,Online,16068.29,12533.26,HomeEase,Study Table,North,3535.02,SC002,P0007
2024-11-19,Electronics,R3,5,Retail,24379.42,18284.56,SoundMax,Bluetooth Speaker,East,6094.85,SC003,P0001
2024-11-19,Accessories,R4,4,Distributor,5671.18,3686.27,ChargeFast,Power Bank,West,1984.91,SC001,P0005
2024-11-20,Furniture,R1,7,Online,180839.27,130204.27,WoodCraft,Wardrobe,North,50635.0,SC002,P0008
2024-11-20,Accessories,R2,2,Online,3212.78,2088.31,ChargeFast,Power Bank,South,1124.47,SC002,P0005
2024-11-20,Electronics,R1,4,Online,238415.59,190732.47,TechPro,Laptop X,North,47683.12,SC002,P0003
2024-11-20,Accessories,R4,4,Online,6596.9,4287.98,ChargeFast,Power Bank,West,2308.91,SC002,P0005
2024-11-21,Accessories,R3,5,Online,11955.11,7173.06,CarryLite,Laptop Bag,East,4782.04,SC002,P0002
2024-11-21,Furniture,R4,5,Online,82039.42,63990.75,HomeEase,Study Table,West,18048.67,SC002,P0007
2024-11-21,Accessories,R2,7,Online,11201.94,7281.26,ChargeFast,Power Bank,South,3920.68,SC002,P0005
2024-11-21,Electronics,R2,4,Online,258678.96,206943.17,TechPro,Laptop X,South,51735.79,SC002,P0003
2024-11-21,Electronics,R3,1,Online,5359.36,4019.52,SoundMax,Bluetooth Speaker,East,1339.84,SC002,P0001
2024-11-22,Electronics,R2,1,Retail,54631.87,43705.5,TechPro,Laptop X,South,10926.37,SC003,P0003
2024-11-22,Electronics,R3,2,Online,109533.02,87626.42,TechPro,Laptop X,East,21906.6,SC002,P0003
2024-11-22,Electronics,R2,1,Online,28360.62,23255.71,TechPro,Smartphone Z,South,5104.91,SC002,P0006
2024-11-22,Electronics,R4,4,Online,122694.37,100609.38,TechPro,Smartphone Z,West,22084.99,SC002,P0006
2024-11-23,Furniture,R3,4,Online,109903.44,79130.47,WoodCraft,Wardrobe,East,30772.96,SC002,P0008
2024-11-23,Electronics,R1,2,Online,131323.79,105059.03,TechPro,Laptop X,North,26264.76,SC002,P0003
2024-11-23,Electronics,R4,4,Online,113691.16,93226.75,TechPro,Smartphone Z,West,20464.41,SC002,P0006
2024-11-23,Electronics,R4,1,Online,29741.37,24387.92,TechPro,Smartphone Z,West,5353.45,SC002,P0006
2024-11-24,Furniture,R1,4,Online,102793.24,74011.13,WoodCraft,Wardrobe,North,28782.11,SC002,P0008
2024-11-24,Furniture,R4,1,Online,6507.14,4880.35,HomeEase,Office Chair,West,1626.78,SC002,P0004
2024-11-24,Electronics,R1,4,Online,20229.38,15172.04,SoundMax,Bluetooth Speaker,North,5057.35,SC002,P0001
2024-11-25,Furniture,R1,5,Online,79898.34,62320.7,HomeEase,Study Table,North,17577.63,SC002,P0007
2024-11-25,Accessories,R1,1,Online,2320.45,1392.27,CarryLite,Laptop Bag,North,928.18,SC002,P0002
2024-11-26,Accessories,R4,2,Retail,3065.59,1992.63,ChargeFast,Power Bank,West,1072.96,SC003,P0005
2024-11-26,Electronics,R2,7,Online,38052.51,28539.39,SoundMax,Bluetooth Speaker,South,9513.13,SC002,P0001
2024-11-26,Accessories,R4,2,Retail,2858.82,1858.23,ChargeFast,Power Bank,West,1000.59,SC003,P0005
2024-11-27,Furniture,R1,4,Online,27335.49,20501.62,HomeEase,Office Chair,North,6833.87,SC002,P0004
2024-11-27,Electronics,R3,2,Online,62096.17,50918.86,TechPro,Smartphone Z,East,11177.31,SC002,P0006
2024-11-28,Electronics,R1,1,Online,60560.84,48448.67,TechPro,Laptop X,North,12112.17,SC002,P0003
2024-11-28,Furniture,R2,4,Online,26432.53,19824.4,HomeEase,Office Chair,South,6608.13,SC002,P0004
2024-11-28,Electronics,R1,5,Online,148313.85,121617.35,TechPro,Smartphone Z,North,26696.49,SC002,P0006
2024-11-28,Electronics,R3,1,Retail,55079.83,44063.86,TechPro,Laptop X,East,11015.97,SC003,P0003
2024-11-28,Electronics,R2,7,Online,191350.15,156907.12,TechPro,Smartphone Z,South,34443.03,SC002,P0006
2024-11-29,Electronics,R3,2,Online,9602.53,7201.9,SoundMax,Bluetooth Speaker,East,2400.63,SC002,P0001
2024-11-29,Electronics,R2,2,Distributor,64357.57,52773.21,TechPro,Smartphone Z,South,11584.36,SC001,P0006
2024-11-29,Electronics,R4,2,Online,119342.72,95474.17,TechPro,Laptop X,West,23868.54,SC002,P0003
2024-11-29,Electronics,R2,5,Online,137189.51,112495.4,TechPro,Smartphone Z,South,24694.11,SC002,P0006
2024-11-30,Furniture,R2,2,Retail,50598.41,36430.86,WoodCraft,Wardrobe,South,14167.56,SC003,P0008
2024-11-30,Electronics,R2,4,Distributor,223264.38,178611.5,TechPro,Laptop X,South,44652.88,SC001,P0003
2024-11-30,Furniture,R2,4,Online,29607.52,22205.64,HomeEase,Office Chair,South,7401.88,SC002,P0004
2024-11-30,Electronics,R1,7,Online,198309.88,162614.1,TechPro,Smartphone Z,North,35695.78,SC002,P0006
2024-11-30,Electronics,R4,1,Distributor,58082.7,46466.16,TechPro,Laptop X,West,11616.54,SC001,P0003
2024-12-01,Furniture,R4,7,Retail,103417.39,80665.56,HomeEase,Study Table,West,22751.82,SC003,P0007
2024-12-01,Electronics,R1,2,Retail,10570.48,7927.86,SoundMax,Bluetooth Speaker,North,2642.62,SC003,P0001
2024-12-02,Furniture,R4,5,Online,34646.36,25984.77,HomeEase,Office Chair,West,8661.59,SC002,P0004
2024-12-02,Accessories,R1,2,Online,2849.34,1852.07,ChargeFast,Power Bank,North,997.27,SC002,P0005
2024-12-02,Electronics,R1,5,Distributor,159610.35,130880.49,TechPro,Smartphone Z,North,28729.86,SC001,P0006
2024-12-02,Electronics,R4,7,Retail,31890.87,23918.15,SoundMax,Bluetooth Speaker,West,7972.72,SC003,P0001
2024-12-03,Electronics,R2,7,Online,218734.51,179362.29,TechPro,Smartphone Z,South,39372.21,SC002,P0006
2024-12-03,Electronics,R4,5,Retail,284415.88,227532.7,TechPro,Laptop X,West,56883.18,SC003,P0003
2024-12-04,Accessories,R1,1,Retail,2598.57,1559.14,CarryLite,Laptop Bag,North,1039.43,SC003,P0002
2024-12-04,Accessories,R2,1,Online,1595.8,1037.27,ChargeFast,Power Bank,South,558.53,SC002,P0005
2024-12-04,Furniture,R3,2,Retail,53372.81,38428.43,WoodCraft,Wardrobe,East,14944.39,SC003,P0008
2024-12-04,Accessories,R4,5,Retail,11748.65,7049.19,CarryLite,Laptop Bag,West,4699.46,SC003,P0002
2024-12-05,Furniture,R4,7,Online,94744.16,73900.44,HomeEase,Study Table,West,20843.71,SC002,P0007
2024-12-05,Accessories,R2,7,Online,16700.11,10020.07,CarryLite,Laptop Bag,South,6680.04,SC002,P0002
2024-12-05,Electronics,R2,2,Distributor,57750.07,47355.05,TechPro,Smartphone Z,South,10395.01,SC001,P0006
2024-12-05,Electronics,R2,2,Online,9365.58,7024.18,SoundMax,Bluetooth Speaker,South,2341.39,SC002,P0001
2024-12-05,Accessories,R1,7,Online,11430.24,7429.65,ChargeFast,Power Bank,North,4000.58,SC002,P0005
2024-12-06,Furniture,R2,5,Online,74531.0,58134.18,HomeEase,Study Table,South,16396.82,SC002,P0007
2024-12-06,Electronics,R2,1,Online,59177.34,47341.87,TechPro,Laptop X,South,11835.47,SC002,P0003
2024-12-07,Accessories,R4,4,Online,9256.27,5553.76,CarryLite,Laptop Bag,West,3702.51,SC002,P0002
2024-12-07,Furniture,R2,7,Online,50950.05,38212.54,HomeEase,Office Chair,South,12737.51,SC002,P0004
2024-12-07,Electronics,R1,4,Online,21940.04,16455.03,SoundMax,Bluetooth Speaker,North,5485.01,SC002,P0001
2024-12-07,Electronics,R1,4,Online,20038.05,15028.54,SoundMax,Bluetooth Speaker,North,5009.51,SC002,P0001
2024-12-08,Electronics,R4,2,Distributor,10769.61,8077.2,SoundMax,Bluetooth Speaker,West,2692.4,SC001,P0001
2024-12-08,Furniture,R2,4,Online,28661.04,21495.78,HomeEase,Office Chair,South,7165.26,SC002,P0004
2024-12-08,Electronics,R2,4,Online,113496.03,93066.75,TechPro,Smartphone Z,South,20429.29,SC002,P0006
2024-12-08,Electronics,R2,4,Retail,19942.43,14956.82,SoundMax,Bluetooth Speaker,South,4985.61,SC003,P0001
2024-12-08,Electronics,R1,5,Online,24780.34,18585.25,SoundMax,Bluetooth Speaker,North,6195.08,SC002,P0001
2024-12-09,Electronics,R2,4,Online,125381.78,102813.06,TechPro,Smartphone Z,South,22568.72,SC002,P0006
2024-12-09,Accessories,R3,2,Online,3277.87,2130.61,ChargeFast,Power Bank,East,1147.25,SC002,P0005
2024-12-10,Electronics,R4,7,Online,436960.52,349568.41,TechPro,Laptop X,West,87392.1,SC002,P0003
2024-12-10,Electronics,R4,2,Online,9461.64,7096.23,SoundMax,Bluetooth Speaker,West,2365.41,SC002,P0001
2024-12-10,Accessories,R1,1,Online,1492.06,969.84,ChargeFast,Power Bank,North,522.22,SC002,P0005
2024-12-10,Furniture,R3,4,Distributor,27123.1,20342.32,HomeEase,Office Chair,East,6780.77,SC001,P0004
2024-12-11,Electronics,R2,7,Distributor,191598.18,157110.51,TechPro,Smartphone Z,South,34487.67,SC001,P0006
2024-12-11,Furniture,R2,2,Retail,32881.93,25647.91,HomeEase,Study Table,South,7234.03,SC003,P0007
2024-12-11,Furniture,R2,5,Online,123233.57,88728.17,WoodCraft,Wardrobe,South,34505.4,SC002,P0008
2024-12-11,Accessories,R1,1,Distributor,2355.44,1413.26,CarryLite,Laptop Bag,North,942.18,SC001,P0002
2024-12-12,Furniture,R1,5,Online,37790.85,28343.14,HomeEase,Office Chair,North,9447.71,SC002,P0004
2024-12-12,Accessories,R1,7,Online,16011.74,9607.04,CarryLite,Laptop Bag,North,6404.7,SC002,P0002
2024-12-13,Electronics,R2,4,Online,243715.16,194972.13,TechPro,Laptop X,South,48743.03,SC002,P0003
2024-12-13,Accessories,R2,2,Online,3278.37,2130.94,ChargeFast,Power Bank,South,1147.43,SC002,P0005
2024-12-13,Accessories,R3,4,Online,10090.47,6054.28,CarryLite,Laptop Bag,East,4036.19,SC002,P0002
2024-12-14,Furniture,R4,1,Online,13620.6,10624.06,HomeEase,Study Table,West,2996.53,SC002,P0007
2024-12-14,Furniture,R1,2,Retail,51909.55,37374.88,WoodCraft,Wardrobe,North,14534.67,SC003,P0008
2024-12-14,Furniture,R2,7,Online,177629.69,127893.38,WoodCraft,Wardrobe,South,49736.31,SC002,P0008
2024-12-15,Furniture,R2,4,Online,98486.76,70910.47,WoodCraft,Wardrobe,South,27576.29,SC002,P0008
2024-12-15,Accessories,R1,2,Online,2753.69,1789.9,ChargeFast,Power Bank,North,963.79,SC002,P0005
2024-12-16,Furniture,R1,7,Online,105014.63,81911.41,HomeEase,Study Table,North,23103.22,SC002,P0007
2024-12-16,Accessories,R4,7,Retail,18453.84,11072.31,CarryLite,Laptop Bag,West,7381.54,SC003,P0002
2024-12-16,Electronics,R2,2,Online,111582.29,89265.83,TechPro,Laptop X,South,22316.46,SC002,P0003
2024-12-16,Accessories,R1,5,Online,12484.76,7490.86,CarryLite,Laptop Bag,North,4993.91,SC002,P0002
2024-12-17,Furniture,R2,2,Online,13773.18,10329.89,HomeEase,Office Chair,South,3443.3,SC002,P0004
2024-12-17,Accessories,R1,1,Online,1580.51,1027.33,ChargeFast,Power Bank,North,553.18,SC002,P0005
2024-12-17,Electronics,R1,1,Online,4525.98,3394.49,SoundMax,Bluetooth Speaker,North,1131.5,SC002,P0001
2024-12-18,Furniture,R1,5,Online,68668.05,53561.08,HomeEase,Study Table,North,15106.97,SC002,P0007
2024-12-18,Electronics,R3,1,Retail,4884.41,3663.31,SoundMax,Bluetooth Speaker,East,1221.1,SC003,P0001
2024-12-19,Furniture,R1,7,Retail,186288.76,134127.91,WoodCraft,Wardrobe,North,52160.85,SC003,P0008
2024-12-19,Electronics,R4,5,Online,150429.79,123352.43,TechPro,Smartphone Z,West,27077.36,SC002,P0006
2024-12-20,Furniture,R4,1,Distributor,6924.05,5193.04,HomeEase,Office Chair,West,1731.01,SC001,P0004
2024-12-20,Electronics,R1,7,Online,378020.22,302416.17,TechPro,Laptop X,North,75604.04,SC002,P0003
2024-12-20,Accessories,R2,4,Online,6156.32,4001.6,ChargeFast,Power Bank,South,2154.71,SC002,P0005
2024-12-20,Electronics,R4,2,Distributor,112485.89,89988.71,TechPro,Laptop X,West,22497.18,SC001,P0003
2024-12-20,Electronics,R2,1,Online,54495.7,43596.56,TechPro,Laptop X,South,10899.14,SC002,P0003
2024-12-21,Electronics,R2,4,Online,120606.27,98897.14,TechPro,Smartphone Z,South,21709.13,SC002,P0006
2024-12-21,Furniture,R2,7,Online,51304.14,38478.1,HomeEase,Office Chair,South,12826.03,SC002,P0004
2024-12-21,Electronics,R4,7,Online,201153.99,164946.27,TechPro,Smartphone Z,West,36207.72,SC002,P0006
2024-12-21,Furniture,R1,5,Retail,123050.59,88596.42,WoodCraft,Wardrobe,North,34454.16,SC003,P0008
2024-12-21,Electronics,R2,2,Online,54759.83,44903.06,TechPro,Smartphone Z,South,9856.77,SC002,P0006
2024-12-22,Electronics,R3,7,Online,421300.73,337040.59,TechPro,Laptop X,East,84260.15,SC002,P0003
2024-12-22,Electronics,R3,7,Online,34957.46,26218.09,SoundMax,Bluetooth Speaker,East,8739.36,SC002,P0001
2024-12-23,Electronics,R2,2,Online,124915.78,99932.62,TechPro,Laptop X,South,24983.16,SC002,P0003
2024-12-23,Electronics,R1,5,Retail,161603.18,132514.6,TechPro,Smartphone Z,North,29088.57,SC003,P0006
2024-12-23,Furniture,R2,4,Online,60250.0,46995.0,HomeEase,Study Table,South,13255.0,SC002,P0007
2024-12-24,Furniture,R4,4,Online,30088.09,22566.07,HomeEase,Office Chair,West,7522.02,SC002,P0004
2024-12-24,Electronics,R4,1,Online,64566.99,51653.59,TechPro,Laptop X,West,12913.4,SC002,P0003
2024-12-24,Furniture,R3,5,Retail,68888.64,53733.14,HomeEase,Study Table,East,15155.5,SC003,P0007
2024-12-24,Furniture,R4,1,Online,6734.98,5051.24,HomeEase,Office Chair,West,1683.75,SC002,P0004
2024-12-24,Accessories,R1,5,Online,6795.63,4417.16,ChargeFast,Power Bank,North,2378.47,SC002,P0005
2024-12-25,Furniture,R4,7,Retail,49202.9,36902.17,HomeEase,Office Chair,West,12300.72,SC003,P0004
2024-12-25,Accessories,R2,4,Online,10957.88,6574.73,CarryLite,Laptop Bag,South,4383.15,SC002,P0002
2024-12-25,Electronics,R2,4,Online,113592.79,93146.09,TechPro,Smartphone Z,South,20446.7,SC002,P0006
2024-12-25,Accessories,R3,1,Online,1498.83,974.24,ChargeFast,Power Bank,East,524.59,SC002,P0005
2024-12-26,Accessories,R1,5,Online,13161.0,7896.6,CarryLite,Laptop Bag,North,5264.4,SC002,P0002
2024-12-26,Furniture,R1,5,Online,36866.88,27650.16,HomeEase,Office Chair,North,9216.72,SC002,P0004
2024-12-26,Accessories,R2,4,Online,6437.61,4184.45,ChargeFast,Power Bank,South,2253.16,SC002,P0005
2024-12-26,Accessories,R1,5,Distributor,11942.9,7165.74,CarryLite,Laptop Bag,North,4777.16,SC001,P0002
2024-12-26,Accessories,R2,4,Online,5587.81,3632.08,ChargeFast,Power Bank,South,1955.73,SC002,P0005
2024-12-27,Accessories,R3,1,Distributor,1644.29,1068.79,ChargeFast,Power Bank,East,575.5,SC001,P0005
2024-12-27,Furniture,R2,2,Online,51881.67,37354.8,WoodCraft,Wardrobe,South,14526.87,SC002,P0008
2024-12-28,Electronics,R2,7,Online,37763.0,28322.25,SoundMax,Bluetooth Speaker,South,9440.75,SC002,P0001
2024-12-28,Accessories,R2,4,Online,10019.55,6011.73,CarryLite,Laptop Bag,South,4007.82,SC002,P0002
2024-12-28,Electronics,R1,5,Distributor,23721.91,17791.43,SoundMax,Bluetooth Speaker,North,5930.48,SC001,P0001
2024-12-29,Electronics,R3,2,Online,65946.59,54076.2,TechPro,Smartphone Z,East,11870.39,SC002,P0006
2024-12-29,Electronics,R2,5,Online,26585.64,19939.23,SoundMax,Bluetooth Speaker,South,6646.41,SC002,P0001
2024-12-29,Accessories,R4,7,Online,9650.62,6272.91,ChargeFast,Power Bank,West,3377.72,SC002,P0005
2024-12-29,Electronics,R2,4,Retail,18837.71,14128.29,SoundMax,Bluetooth Speaker,South,4709.43,SC003,P0001
2024-12-29,Accessories,R2,2,Online,5000.15,3000.09,CarryLite,Laptop Bag,South,2000.06,SC002,P0002
2024-12-30,Furniture,R3,4,Retail,100766.59,72551.94,WoodCraft,Wardrobe,East,28214.64,SC003,P0008
2024-12-30,Furniture,R2,4,Retail,54332.28,42379.18,HomeEase,Study Table,South,11953.1,SC003,P0007
2024-12-30,Electronics,R3,1,Online,32867.86,26951.64,TechPro,Smartphone Z,East,5916.21,SC002,P0006
2024-12-31,Electronics,R1,2,Online,9365.2,7023.9,SoundMax,Bluetooth Speaker,North,2341.3,SC002,P0001
2024-12-31,Electronics,R2,2,Retail,62458.03,51215.59,TechPro,Smartphone Z,South,11242.45,SC003,P0006
2025-01-01,Electronics,R1,5,Online,309213.91,247371.13,TechPro,Laptop X,North,61842.78,SC002,P0003
2025-01-01,Electronics,R1,4,Online,127652.52,104675.07,TechPro,Smartphone Z,North,22977.45,SC002,P0006
2025-01-01,Furniture,R2,3,Retail,46713.4,36436.45,HomeEase,Study Table,South,10276.95,SC003,P0007
2025-01-01,Accessories,R4,5,Online,7964.37,5176.84,ChargeFast,Power Bank,West,2787.53,SC002,P0005
2025-01-02,Furniture,R4,5,Retail,121789.65,87688.55,WoodCraft,Wardrobe,West,34101.1,SC003,P0008
2025-01-02,Electronics,R2,4,Retail,18456.46,13842.34,SoundMax,Bluetooth Speaker,South,4614.11,SC003,P0001
2025-01-03,Accessories,R4,1,Online,2268.79,1361.27,CarryLite,Laptop Bag,West,907.51,SC002,P0002
2025-01-03,Electronics,R2,3,Online,16335.24,12251.43,SoundMax,Bluetooth Speaker,South,4083.81,SC002,P0001
2025-01-04,Furniture,R1,5,Online,72958.21,56907.4,HomeEase,Study Table,North,16050.81,SC002,P0007
2025-01-04,Electronics,R4,3,Online,13782.94,10337.2,SoundMax,Bluetooth Speaker,West,3445.73,SC002,P0001
2025-01-05,Electronics,R2,2,Retail,54483.38,44676.37,TechPro,Smartphone Z,South,9807.01,SC003,P0006
2025-01-05,Accessories,R3,1,Retail,2378.99,1427.39,CarryLite,Laptop Bag,East,951.59,SC003,P0002
2025-01-06,Furniture,R4,3,Retail,22094.11,16570.58,HomeEase,Office Chair,West,5523.53,SC003,P0004
2025-01-06,Furniture,R2,3,Online,46557.08,36314.52,HomeEase,Study Table,South,10242.56,SC002,P0007
2025-01-06,Electronics,R1,5,Retail,278948.11,223158.49,TechPro,Laptop X,North,55789.62,SC003,P0003
2025-01-06,Accessories,R4,1,Distributor,2617.81,1570.69,CarryLite,Laptop Bag,West,1047.12,SC001,P0002
2025-01-07,Electronics,R1,5,Retail,25133.45,18850.09,SoundMax,Bluetooth Speaker,North,6283.36,SC003,P0001
2025-01-07,Accessories,R4,5,Online,11345.38,6807.23,CarryLite,Laptop Bag,West,4538.15,SC002,P0002
2025-01-07,Electronics,R2,3,Online,163045.4,130436.32,TechPro,Laptop X,South,32609.08,SC002,P0003
2025-01-07,Electronics,R1,4,Retail,221282.79,177026.23,TechPro,Laptop X,North,44256.56,SC003,P0003
2025-01-07,Furniture,R3,1,Online,6415.93,4811.94,HomeEase,Office Chair,East,1603.98,SC002,P0004
2025-01-08,Accessories,R2,5,Online,7489.31,4868.05,ChargeFast,Power Bank,South,2621.26,SC002,P0005
2025-01-08,Furniture,R4,3,Retail,74743.07,53815.01,WoodCraft,Wardrobe,West,20928.06,SC003,P0008
2025-01-09,Electronics,R4,3,Online,92312.42,75696.19,TechPro,Smartphone Z,West,16616.24,SC002,P0006
2025-01-09,Electronics,R3,2,Online,9783.26,7337.45,SoundMax,Bluetooth Speaker,East,2445.82,SC002,P0001
2025-01-09,Accessories,R2,2,Online,4848.7,2909.22,CarryLite,Laptop Bag,South,1939.48,SC002,P0002
2025-01-09,Electronics,R2,1,Online,28016.8,22973.78,TechPro,Smartphone Z,South,5043.02,SC002,P0006
2025-01-09,Electronics,R4,4,Online,18780.12,14085.09,SoundMax,Bluetooth Speaker,West,4695.03,SC002,P0001
2025-01-10,Furniture,R4,2,Distributor,27369.26,21348.02,HomeEase,Study Table,West,6021.24,SC001,P0007
2025-01-10,Accessories,R4,5,Online,8108.93,5270.81,ChargeFast,Power Bank,West,2838.13,SC002,P0005
2025-01-11,Electronics,R4,2,Distributor,60527.68,49632.7,TechPro,Smartphone Z,West,10894.98,SC001,P0006
2025-01-11,Furniture,R2,5,Distributor,119054.1,85718.95,WoodCraft,Wardrobe,South,33335.15,SC001,P0008
2025-01-11,Electronics,R2,4,Online,248269.13,198615.3,TechPro,Laptop X,South,49653.83,SC002,P0003
2025-01-11,Accessories,R1,5,Retail,12070.77,7242.46,CarryLite,Laptop Bag,North,4828.31,SC003,P0002
2025-01-12,Electronics,R1,1,Online,28912.22,23708.02,TechPro,Smartphone Z,North,5204.2,SC002,P0006
2025-01-12,Furniture,R2,2,Online,54022.2,38895.99,WoodCraft,Wardrobe,South,15126.22,SC002,P0008
2025-01-12,Electronics,R2,1,Retail,5385.28,4038.96,SoundMax,Bluetooth Speaker,South,1346.32,SC003,P0001
2025-01-13,Electronics,R3,3,Distributor,168490.64,134792.51,TechPro,Laptop X,East,33698.13,SC001,P0003
2025-01-13,Electronics,R4,3,Online,89484.63,73377.39,TechPro,Smartphone Z,West,16107.23,SC002,P0006
2025-01-13,Accessories,R1,4,Retail,6452.39,4194.05,ChargeFast,Power Bank,North,2258.34,SC003,P0005
2025-01-13,Electronics,R2,3,Online,174989.05,139991.24,TechPro,Laptop X,South,34997.81,SC002,P0003
2025-01-14,Furniture,R2,1,Distributor,7193.35,5395.01,HomeEase,Office Chair,South,1798.34,SC001,P0004
2025-01-14,Furniture,R1,1,Retail,7587.38,5690.54,HomeEase,Office Chair,North,1896.85,SC003,P0004
2025-01-14,Furniture,R1,2,Online,48536.38,34946.19,WoodCraft,Wardrobe,North,13590.19,SC002,P0008
2025-01-15,Furniture,R2,4,Retail,108244.0,77935.68,WoodCraft,Wardrobe,South,30308.32,SC003,P0008
2025-01-15,Accessories,R4,2,Online,4942.61,2965.56,CarryLite,Laptop Bag,West,1977.04,SC002,P0002
2025-01-16,Furniture,R2,2,Online,31551.89,24610.48,HomeEase,Study Table,South,6941.42,SC002,P0007
2025-01-16,Furniture,R1,3,Online,48503.57,37832.78,HomeEase,Study Table,North,10670.79,SC002,P0007
2025-01-16,Furniture,R2,4,Retail,62392.45,48666.11,HomeEase,Study Table,South,13726.34,SC003,P0007
2025-01-17,Electronics,R1,1,Online,27844.17,22832.22,TechPro,Smartphone Z,North,5011.95,SC002,P0006
2025-01-17,Electronics,R1,2,Online,131769.64,105415.71,TechPro,Laptop X,North,26353.93,SC002,P0003
2025-01-17,Accessories,R4,5,Online,11586.69,6952.01,CarryLite,Laptop Bag,West,4634.67,SC002,P0002
2025-01-17,Accessories,R4,4,Retail,10354.07,6212.44,CarryLite,Laptop Bag,West,4141.63,SC003,P0002
2025-01-18,Accessories,R1,3,Online,4322.09,2809.36,ChargeFast,Power Bank,North,1512.73,SC002,P0005
2025-01-18,Accessories,R2,2,Retail,5341.31,3204.79,CarryLite,Laptop Bag,South,2136.52,SC003,P0002
2025-01-18,Furniture,R1,5,Distributor,36943.5,27707.62,HomeEase,Office Chair,North,9235.87,SC001,P0004
2025-01-18,Electronics,R2,5,Retail,323324.15,258659.32,TechPro,Laptop X,South,64664.83,SC003,P0003
2025-01-19,Electronics,R4,5,Online,138595.22,113648.08,TechPro,Smartphone Z,West,24947.14,SC002,P0006
2025-01-19,Accessories,R3,5,Online,7653.95,4975.07,ChargeFast,Power Bank,East,2678.88,SC002,P0005
2025-01-20,Electronics,R2,1,Retail,5032.23,3774.18,SoundMax,Bluetooth Speaker,South,1258.06,SC003,P0001
2025-01-20,Furniture,R2,5,Retail,80718.74,62960.62,HomeEase,Study Table,South,17758.12,SC003,P0007
2025-01-20,Furniture,R2,1,Online,14613.33,11398.4,HomeEase,Study Table,South,3214.93,SC002,P0007
2025-01-20,Furniture,R4,4,Retail,28092.47,21069.35,HomeEase,Office Chair,West,7023.12,SC003,P0004
2025-01-20,Electronics,R2,4,Distributor,120855.16,99101.23,TechPro,Smartphone Z,South,21753.93,SC001,P0006
2025-01-21,Electronics,R1,3,Distributor,14670.59,11002.94,SoundMax,Bluetooth Speaker,North,3667.65,SC001,P0001
2025-01-21,Electronics,R4,5,Online,281134.48,224907.58,TechPro,Laptop X,West,56226.9,SC002,P0003
2025-01-21,Furniture,R4,2,Online,14511.71,10883.78,HomeEase,Office Chair,West,3627.93,SC002,P0004
2025-01-22,Electronics,R4,4,Online,124215.07,101856.35,TechPro,Smartphone Z,West,22358.71,SC002,P0006
2025-01-22,Furniture,R4,4,Online,103149.88,74267.91,WoodCraft,Wardrobe,West,28881.97,SC002,P0008
2025-01-22,Electronics,R1,2,Online,65062.24,53351.04,TechPro,Smartphone Z,North,11711.2,SC002,P0006
2025-01-22,Electronics,R2,5,Online,155057.65,127147.28,TechPro,Smartphone Z,South,27910.38,SC002,P0006
2025-01-23,Furniture,R2,3,Retail,19120.88,14340.66,HomeEase,Office Chair,South,4780.22,SC003,P0004
2025-01-23,Furniture,R3,5,Distributor,38028.41,28521.31,HomeEase,Office Chair,East,9507.1,SC001,P0004
2025-01-24,Accessories,R2,2,Online,2923.27,1900.13,ChargeFast,Power Bank,South,1023.15,SC002,P0005
2025-01-24,Furniture,R3,2,Online,14097.66,10573.24,HomeEase,Office Chair,East,3524.41,SC002,P0004
2025-01-24,Furniture,R1,2,Online,27906.21,21766.84,HomeEase,Study Table,North,6139.37,SC002,P0007
2025-01-24,Electronics,R1,2,Retail,110468.38,88374.7,TechPro,Laptop X,North,22093.68,SC003,P0003
2025-01-24,Electronics,R2,2,Retail,113945.53,91156.42,TechPro,Laptop X,South,22789.11,SC003,P0003
2025-01-25,Electronics,R4,3,Distributor,176754.46,141403.57,TechPro,Laptop X,West,35350.89,SC001,P0003
2025-01-25,Electronics,R2,5,Retail,25548.48,19161.36,SoundMax,Bluetooth Speaker,South,6387.12,SC003,P0001
2025-01-25,Furniture,R2,3,Retail,73577.73,52975.97,WoodCraft,Wardrobe,South,20601.76,SC003,P0008
2025-01-25,Accessories,R2,5,Online,12461.35,7476.81,CarryLite,Laptop Bag,South,4984.54,SC002,P0002
2025-01-26,Accessories,R4,4,Online,6402.97,4161.93,ChargeFast,Power Bank,West,2241.04,SC002,P0005
2025-01-26,Furniture,R1,4,Online,65517.03,51103.28,HomeEase,Study Table,North,14413.75,SC002,P0007
2025-01-26,Accessories,R4,3,Online,7328.32,4396.99,CarryLite,Laptop Bag,West,2931.33,SC002,P0002
2025-01-26,Accessories,R2,5,Online,12022.3,7213.38,CarryLite,Laptop Bag,South,4808.92,SC002,P0002
2025-01-26,Electronics,R2,4,Online,18901.35,14176.01,SoundMax,Bluetooth Speaker,South,4725.34,SC002,P0001
2025-01-27,Electronics,R4,5,Online,26546.41,19909.8,SoundMax,Bluetooth Speaker,West,6636.6,SC002,P0001
2025-01-27,Accessories,R2,1,Online,1437.09,934.11,ChargeFast,Power Bank,South,502.98,SC002,P0005
2025-01-28,Electronics,R4,3,Online,90022.33,73818.31,TechPro,Smartphone Z,West,16204.02,SC002,P0006
2025-01-28,Electronics,R2,2,Online,108406.3,86725.04,TechPro,Laptop X,South,21681.26,SC002,P0003
2025-01-29,Electronics,R1,1,Online,58721.38,46977.1,TechPro,Laptop X,North,11744.28,SC002,P0003
2025-01-29,Electronics,R4,1,Online,29712.05,24363.88,TechPro,Smartphone Z,West,5348.17,SC002,P0006
2025-01-29,Furniture,R2,4,Online,98692.05,71058.27,WoodCraft,Wardrobe,South,27633.77,SC002,P0008
2025-01-29,Electronics,R3,3,Online,85035.1,69728.78,TechPro,Smartphone Z,East,15306.32,SC002,P0006
2025-01-29,Electronics,R2,5,Retail,24322.5,18241.88,SoundMax,Bluetooth Speaker,South,6080.63,SC003,P0001
2025-01-30,Electronics,R2,3,Retail,15609.42,11707.06,SoundMax,Bluetooth Speaker,South,3902.35,SC003,P0001
2025-01-30,Electronics,R2,5,Online,155503.58,127512.94,TechPro,Smartphone Z,South,27990.64,SC002,P0006
2025-01-31,Accessories,R2,5,Online,12975.53,7785.32,CarryLite,Laptop Bag,South,5190.21,SC002,P0002
2025-01-31,Furniture,R3,4,Online,54265.68,42327.23,HomeEase,Study Table,East,11938.45,SC002,P0007
2025-02-01,Electronics,R1,2,Retail,127737.39,102189.91,TechPro,Laptop X,North,25547.48,SC003,P0003
2025-02-01,Electronics,R3,0,Online,0.0,0.0,TechPro,Smartphone Z,East,0.0,SC002,P0006
2025-02-02,Electronics,R2,3,Retail,16106.04,12079.53,SoundMax,Bluetooth Speaker,South,4026.51,SC003,P0001
2025-02-02,Electronics,R2,3,Online,14945.27,11208.95,SoundMax,Bluetooth Speaker,South,3736.32,SC002,P0001
2025-02-02,Accessories,R1,1,Online,1525.87,991.81,ChargeFast,Power Bank,North,534.05,SC002,P0005
2025-02-02,Accessories,R1,3,Online,4221.08,2743.7,ChargeFast,Power Bank,North,1477.38,SC002,P0005
2025-02-02,Furniture,R2,4,Online,54831.8,42768.8,HomeEase,Study Table,South,12062.99,SC002,P0007
2025-02-03,Accessories,R3,1,Online,2640.92,1584.55,CarryLite,Laptop Bag,East,1056.37,SC002,P0002
2025-02-03,Electronics,R2,4,Retail,248343.08,198674.46,TechPro,Laptop X,South,49668.62,SC003,P0003
2025-02-03,Furniture,R1,3,Online,20015.85,15011.89,HomeEase,Office Chair,North,5003.96,SC002,P0004
2025-02-03,Accessories,R1,2,Online,2776.23,1804.55,ChargeFast,Power Bank,North,971.68,SC002,P0005
2025-02-03,Furniture,R2,2,Distributor,32661.02,25475.6,HomeEase,Study Table,South,7185.42,SC001,P0007
2025-02-04,Accessories,R2,2,Retail,4722.39,2833.43,CarryLite,Laptop Bag,South,1888.96,SC003,P0002
2025-02-04,Accessories,R2,0,Online,0.0,0.0,ChargeFast,Power Bank,South,0.0,SC002,P0005
2025-02-04,Electronics,R2,0,Online,0.0,0.0,TechPro,Smartphone Z,South,0.0,SC002,P0006
2025-02-05,Electronics,R4,2,Online,127477.41,101981.93,TechPro,Laptop X,West,25495.48,SC002,P0003
2025-02-05,Furniture,R2,2,Retail,27622.69,21545.7,HomeEase,Study Table,South,6076.99,SC003,P0007
2025-02-06,Electronics,R2,2,Online,64109.42,52569.73,TechPro,Smartphone Z,South,11539.7,SC002,P0006
2025-02-06,Electronics,R2,1,Online,5387.66,4040.74,SoundMax,Bluetooth Speaker,South,1346.91,SC002,P0001
2025-02-07,Furniture,R2,4,Online,28187.08,21140.31,HomeEase,Office Chair,South,7046.77,SC002,P0004
2025-02-07,Furniture,R4,2,Online,14753.27,11064.95,HomeEase,Office Chair,West,3688.32,SC002,P0004
2025-02-07,Furniture,R2,3,Online,19897.37,14923.03,HomeEase,Office Chair,South,4974.34,SC002,P0004
2025-02-08,Furniture,R3,3,Online,22245.03,16683.77,HomeEase,Office Chair,East,5561.26,SC002,P0004
2025-02-08,Electronics,R2,4,Retail,21683.07,16262.3,SoundMax,Bluetooth Speaker,South,5420.77,SC003,P0001
2025-02-08,Electronics,R1,2,Online,10342.18,7756.64,SoundMax,Bluetooth Speaker,North,2585.55,SC002,P0001
2025-02-09,Electronics,R3,3,Distributor,164244.29,131395.43,TechPro,Laptop X,East,32848.86,SC001,P0003
2025-02-09,Electronics,R4,0,Online,0.0,0.0,SoundMax,Bluetooth Speaker,West,0.0,SC002,P0001
2025-02-10,Electronics,R1,3,Retail,16143.57,12107.68,SoundMax,Bluetooth Speaker,North,4035.89,SC003,P0001
2025-02-10,Electronics,R3,4,Online,123490.6,101262.3,TechPro,Smartphone Z,East,22228.31,SC002,P0006
2025-02-10,Accessories,R3,0,Retail,0.0,0.0,CarryLite,Laptop Bag,East,0.0,SC003,P0002
2025-02-10,Electronics,R4,1,Online,4802.53,3601.89,SoundMax,Bluetooth Speaker,West,1200.63,SC002,P0001
2025-02-11,Electronics,R1,0,Retail,0.0,0.0,TechPro,Laptop X,North,0.0,SC003,P0003
2025-02-11,Electronics,R2,2,Retail,10079.15,7559.36,SoundMax,Bluetooth Speaker,South,2519.79,SC003,P0001
2025-02-11,Electronics,R2,2,Retail,9902.34,7426.75,SoundMax,Bluetooth Speaker,South,2475.58,SC003,P0001
2025-02-11,Accessories,R2,2,Online,2918.2,1896.83,ChargeFast,Power Bank,South,1021.37,SC002,P0005
2025-02-12,Electronics,R4,0,Retail,0.0,0.0,TechPro,Smartphone Z,West,0.0,SC003,P0006
2025-02-12,Electronics,R2,4,Online,245492.22,196393.78,TechPro,Laptop X,South,49098.44,SC002,P0003
2025-02-13,Electronics,R2,1,Online,27461.1,22518.1,TechPro,Smartphone Z,South,4943.0,SC002,P0006
2025-02-13,Electronics,R2,3,Retail,13857.47,10393.1,SoundMax,Bluetooth Speaker,South,3464.37,SC003,P0001
2025-02-13,Electronics,R2,2,Online,61144.48,50138.47,TechPro,Smartphone Z,South,11006.01,SC002,P0006
2025-02-13,Electronics,R3,4,Online,20371.41,15278.56,SoundMax,Bluetooth Speaker,East,5092.85,SC002,P0001
2025-02-13,Electronics,R3,2,Online,131842.08,105473.67,TechPro,Laptop X,East,26368.42,SC002,P0003
2025-02-14,Electronics,R4,4,Online,109678.66,89936.5,TechPro,Smartphone Z,West,19742.16,SC002,P0006
2025-02-14,Electronics,R1,1,Retail,59819.27,47855.41,TechPro,Laptop X,North,11963.85,SC003,P0003
2025-02-15,Electronics,R4,4,Online,129465.36,106161.59,TechPro,Smartphone Z,West,23303.76,SC002,P0006
2025-02-15,Electronics,R1,2,Online,60162.26,49333.06,TechPro,Smartphone Z,North,10829.21,SC002,P0006
2025-02-15,Furniture,R2,2,Online,47071.13,33891.22,WoodCraft,Wardrobe,South,13179.92,SC002,P0008
2025-02-15,Furniture,R2,1,Retail,22644.96,16304.37,WoodCraft,Wardrobe,South,6340.59,SC003,P0008
2025-02-15,Furniture,R3,2,Online,13354.17,10015.63,HomeEase,Office Chair,East,3338.54,SC002,P0004
2025-02-16,Furniture,R4,0,Retail,0.0,0.0,HomeEase,Office Chair,West,0.0,SC003,P0004
2025-02-16,Furniture,R3,1,Retail,6822.93,5117.2,HomeEase,Office Chair,East,1705.73,SC003,P0004
2025-02-16,Electronics,R4,1,Distributor,62914.54,50331.63,TechPro,Laptop X,West,12582.91,SC001,P0003
2025-02-16,Electronics,R1,4,Online,131229.3,107608.03,TechPro,Smartphone Z,North,23621.27,SC002,P0006
2025-02-17,Electronics,R2,1,Online,29852.16,24478.77,TechPro,Smartphone Z,South,5373.39,SC002,P0006
2025-02-17,Furniture,R1,2,Online,46692.48,33618.58,WoodCraft,Wardrobe,North,13073.89,SC002,P0008
2025-02-18,Electronics,R2,1,Distributor,4826.76,3620.07,SoundMax,Bluetooth Speaker,South,1206.69,SC001,P0001
2025-02-18,Electronics,R2,0,Online,0.0,0.0,SoundMax,Bluetooth Speaker,South,0.0,SC002,P0001
2025-02-18,Furniture,R1,4,Retail,63226.41,49316.6,HomeEase,Study Table,North,13909.81,SC003,P0007
2025-02-18,Furniture,R4,2,Online,47429.98,34149.58,WoodCraft,Wardrobe,West,13280.39,SC002,P0008
2025-02-18,Electronics,R4,4,Online,225706.32,180565.06,TechPro,Laptop X,West,45141.26,SC002,P0003
2025-02-19,Electronics,R2,4,Online,119717.26,98168.16,TechPro,Smartphone Z,South,21549.11,SC002,P0006
2025-02-19,Electronics,R4,0,Online,0.0,0.0,TechPro,Laptop X,West,0.0,SC002,P0003
2025-02-19,Accessories,R2,1,Retail,1507.95,980.17,ChargeFast,Power Bank,South,527.78,SC003,P0005
2025-02-20,Electronics,R1,1,Online,32009.19,26247.54,TechPro,Smartphone Z,North,5761.66,SC002,P0006
2025-02-20,Furniture,R4,3,Distributor,19100.38,14325.28,HomeEase,Office Chair,West,4775.09,SC001,P0004
2025-02-20,Electronics,R1,2,Online,60301.05,49446.86,TechPro,Smartphone Z,North,10854.19,SC002,P0006
2025-02-20,Furniture,R4,2,Distributor,48757.95,35105.72,WoodCraft,Wardrobe,West,13652.23,SC001,P0008
2025-02-20,Furniture,R4,2,Retail,50435.4,36313.49,WoodCraft,Wardrobe,West,14121.91,SC003,P0008
2025-02-21,Accessories,R1,3,Online,7964.55,4778.73,CarryLite,Laptop Bag,North,3185.82,SC002,P0002
2025-02-21,Accessories,R2,4,Online,9393.37,5636.02,CarryLite,Laptop Bag,South,3757.35,SC002,P0002
2025-02-21,Furniture,R4,2,Retail,15220.11,11415.08,HomeEase,Office Chair,West,3805.03,SC003,P0004
2025-02-21,Furniture,R2,4,Retail,99320.07,71510.45,WoodCraft,Wardrobe,South,27809.62,SC003,P0008
2025-02-22,Electronics,R1,3,Online,190625.7,152500.56,TechPro,Laptop X,North,38125.14,SC002,P0003
2025-02-22,Electronics,R4,1,Distributor,4875.18,3656.38,SoundMax,Bluetooth Speaker,West,1218.79,SC001,P0001
2025-02-22,Electronics,R3,1,Online,28770.94,23592.17,TechPro,Smartphone Z,East,5178.77,SC002,P0006
2025-02-22,Furniture,R4,1,Online,6422.11,4816.59,HomeEase,Office Chair,West,1605.53,SC002,P0004
2025-02-23,Furniture,R2,0,Distributor,0.0,0.0,HomeEase,Study Table,South,0.0,SC001,P0007
2025-02-23,Electronics,R3,3,Online,186902.85,149522.28,TechPro,Laptop X,East,37380.57,SC002,P0003
2025-02-23,Electronics,R3,0,Online,0.0,0.0,TechPro,Laptop X,East,0.0,SC002,P0003
2025-02-24,Electronics,R4,3,Online,183729.67,146983.74,TechPro,Laptop X,West,36745.93,SC002,P0003
2025-02-24,Accessories,R2,0,Online,0.0,0.0,ChargeFast,Power Bank,South,0.0,SC002,P0005
2025-02-24,Electronics,R2,3,Online,13564.92,10173.69,SoundMax,Bluetooth Speaker,South,3391.23,SC002,P0001
2025-02-24,Electronics,R2,3,Retail,14609.06,10956.8,SoundMax,Bluetooth Speaker,South,3652.27,SC003,P0001
2025-02-24,Electronics,R1,0,Online,0.0,0.0,SoundMax,Bluetooth Speaker,North,0.0,SC002,P0001
2025-02-25,Electronics,R3,0,Online,0.0,0.0,TechPro,Smartphone Z,East,0.0,SC002,P0006
2025-02-25,Electronics,R1,4,Online,219676.97,175741.58,TechPro,Laptop X,North,43935.39,SC002,P0003
2025-02-25,Furniture,R1,1,Online,15659.49,12214.4,HomeEase,Study Table,North,3445.09,SC002,P0007
2025-02-26,Electronics,R2,1,Online,4950.67,3713.0,SoundMax,Bluetooth Speaker,South,1237.67,SC002,P0001
2025-02-26,Electronics,R3,0,Distributor,0.0,0.0,TechPro,Smartphone Z,East,0.0,SC001,P0006
2025-02-26,Furniture,R2,3,Retail,19472.82,14604.61,HomeEase,Office Chair,South,4868.2,SC003,P0004
2025-02-26,Electronics,R1,4,Retail,18016.1,13512.08,SoundMax,Bluetooth Speaker,North,4504.03,SC003,P0001
2025-02-26,Electronics,R2,4,Retail,217944.94,174355.95,TechPro,Laptop X,South,43588.99,SC003,P0003
2025-02-27,Electronics,R3,3,Retail,15580.09,11685.07,SoundMax,Bluetooth Speaker,East,3895.02,SC003,P0001
2025-02-27,Furniture,R3,2,Online,14921.57,11191.18,HomeEase,Office Chair,East,3730.39,SC002,P0004
2025-02-28,Electronics,R3,4,Online,229982.53,183986.03,TechPro,Laptop X,East,45996.51,SC002,P0003
2025-02-28,Accessories,R2,1,Online,2651.11,1590.67,CarryLite,Laptop Bag,South,1060.44,SC002,P0002
2025-03-01,Electronics,R3,2,Online,10588.73,7941.55,SoundMax,Bluetooth Speaker,East,2647.18,SC002,P0001
2025-03-01,Furniture,R2,2,Retail,13489.8,10117.35,HomeEase,Office Chair,South,3372.45,SC003,P0004
2025-03-02,Electronics,R2,2,Retail,9695.13,7271.35,SoundMax,Bluetooth Speaker,South,2423.78,SC003,P0001
2025-03-02,Electronics,R2,1,Online,31746.96,26032.51,TechPro,Smartphone Z,South,5714.45,SC002,P0006
2025-03-02,Furniture,R3,1,Distributor,13991.13,10913.08,HomeEase,Study Table,East,3078.05,SC001,P0007
2025-03-02,Electronics,R2,2,Online,64563.57,52942.13,TechPro,Smartphone Z,South,11621.44,SC002,P0006
2025-03-03,Furniture,R2,2,Online,12698.0,9523.5,HomeEase,Office Chair,South,3174.5,SC002,P0004
2025-03-03,Furniture,R2,3,Retail,21812.54,16359.4,HomeEase,Office Chair,South,5453.13,SC003,P0004
2025-03-04,Electronics,R2,2,Distributor,118514.94,94811.95,TechPro,Laptop X,South,23702.99,SC001,P0003
2025-03-04,Electronics,R2,0,Online,0.0,0.0,TechPro,Smartphone Z,South,0.0,SC002,P0006
2025-03-05,Electronics,R1,3,Distributor,168104.09,134483.27,TechPro,Laptop X,North,33620.82,SC001,P0003
2025-03-05,Accessories,R4,4,Retail,10277.05,6166.23,CarryLite,Laptop Bag,West,4110.82,SC003,P0002
2025-03-05,Accessories,R3,4,Distributor,5465.69,3552.7,ChargeFast,Power Bank,East,1912.99,SC001,P0005
2025-03-05,Furniture,R3,0,Online,0.0,0.0,HomeEase,Study Table,East,0.0,SC002,P0007
2025-03-06,Electronics,R3,0,Online,0.0,0.0,SoundMax,Bluetooth Speaker,East,0.0,SC002,P0001
2025-03-06,Electronics,R3,0,Retail,0.0,0.0,TechPro,Smartphone Z,East,0.0,SC003,P0006
2025-03-06,Furniture,R2,0,Retail,0.0,0.0,WoodCraft,Wardrobe,South,0.0,SC003,P0008
2025-03-06,Furniture,R4,4,Online,25525.15,19143.87,HomeEase,Office Chair,West,6381.29,SC002,P0004
2025-03-06,Accessories,R1,2,Online,5438.6,3263.16,CarryLite,Laptop Bag,North,2175.44,SC002,P0002
2025-03-07,Electronics,R1,2,Online,56233.59,46111.54,TechPro,Smartphone Z,North,10122.05,SC002,P0006
2025-03-07,Electronics,R2,3,Online,178746.25,142997.0,TechPro,Laptop X,South,35749.25,SC002,P0003
2025-03-07,Electronics,R2,1,Online,32948.49,27017.76,TechPro,Smartphone Z,South,5930.73,SC002,P0006
2025-03-08,Accessories,R1,0,Distributor,0.0,0.0,CarryLite,Laptop Bag,North,0.0,SC001,P0002
2025-03-08,Furniture,R2,3,Distributor,79331.61,57118.76,WoodCraft,Wardrobe,South,22212.85,SC001,P0008
2025-03-09,Electronics,R1,4,Online,123694.65,101429.61,TechPro,Smartphone Z,North,22265.04,SC002,P0006
2025-03-09,Furniture,R2,3,Retail,47198.53,36814.85,HomeEase,Study Table,South,10383.68,SC003,P0007
2025-03-09,Furniture,R4,1,Retail,6639.39,4979.54,HomeEase,Office Chair,West,1659.85,SC003,P0004
2025-03-09,Electronics,R2,0,Online,0.0,0.0,SoundMax,Bluetooth Speaker,South,0.0,SC002,P0001
2025-03-09,Furniture,R4,3,Retail,70542.61,50790.68,WoodCraft,Wardrobe,West,19751.93,SC003,P0008
2025-03-10,Electronics,R1,3,Distributor,170397.16,136317.72,TechPro,Laptop X,North,34079.43,SC001,P0003
2025-03-10,Furniture,R4,4,Retail,27684.92,20763.69,HomeEase,Office Chair,West,6921.23,SC003,P0004
2025-03-10,Furniture,R1,3,Online,22237.43,16678.07,HomeEase,Office Chair,North,5559.36,SC002,P0004
2025-03-10,Furniture,R4,1,Online,15152.74,11819.14,HomeEase,Study Table,West,3333.6,SC002,P0007
2025-03-10,Electronics,R1,0,Online,0.0,0.0,TechPro,Laptop X,North,0.0,SC002,P0003
2025-03-11,Furniture,R2,0,Online,0.0,0.0,WoodCraft,Wardrobe,South,0.0,SC002,P0008
2025-03-11,Electronics,R4,1,Retail,59548.03,47638.42,TechPro,Laptop X,West,11909.61,SC003,P0003
2025-03-11,Accessories,R2,1,Retail,2355.03,1413.02,CarryLite,Laptop Bag,South,942.01,SC003,P0002
2025-03-11,Furniture,R3,3,Online,75953.68,54686.65,WoodCraft,Wardrobe,East,21267.03,SC002,P0008
2025-03-11,Furniture,R2,1,Distributor,14426.6,11252.74,HomeEase,Study Table,South,3173.85,SC001,P0007
2025-03-12,Electronics,R4,1,Online,4773.58,3580.19,SoundMax,Bluetooth Speaker,West,1193.4,SC002,P0001
2025-03-12,Accessories,R3,3,Online,7827.44,4696.46,CarryLite,Laptop Bag,East,3130.97,SC002,P0002
2025-03-12,Electronics,R4,3,Online,16144.67,12108.5,SoundMax,Bluetooth Speaker,West,4036.17,SC002,P0001
2025-03-12,Electronics,R3,3,Online,14260.41,10695.31,SoundMax,Bluetooth Speaker,East,3565.1,SC002,P0001
2025-03-13,Electronics,R2,3,Retail,88725.79,72755.15,TechPro,Smartphone Z,South,15970.64,SC003,P0006
2025-03-13,Accessories,R2,2,Online,3185.55,2070.61,ChargeFast,Power Bank,South,1114.94,SC002,P0005
2025-03-13,Accessories,R2,0,Online,0.0,0.0,CarryLite,Laptop Bag,South,0.0,SC002,P0002
2025-03-13,Furniture,R1,0,Online,0.0,0.0,WoodCraft,Wardrobe,North,0.0,SC002,P0008
2025-03-13,Accessories,R2,0,Online,0.0,0.0,CarryLite,Laptop Bag,South,0.0,SC002,P0002
2025-03-14,Furniture,R3,1,Retail,7171.21,5378.41,HomeEase,Office Chair,East,1792.8,SC003,P0004
2025-03-14,Electronics,R3,0,Retail,0.0,0.0,TechPro,Smartphone Z,East,0.0,SC003,P0006
2025-03-14,Electronics,R2,1,Online,5364.43,4023.32,SoundMax,Bluetooth Speaker,South,1341.11,SC002,P0001
2025-03-14,Electronics,R2,4,Online,21720.11,16290.08,SoundMax,Bluetooth Speaker,South,5430.03,SC002,P0001
2025-03-14,Electronics,R3,0,Online,0.0,0.0,TechPro,Laptop X,East,0.0,SC002,P0003
2025-03-15,Furniture,R2,1,Online,15622.62,12185.64,HomeEase,Study Table,South,3436.98,SC002,P0007
2025-03-15,Furniture,R2,0,Retail,0.0,0.0,HomeEase,Office Chair,South,0.0,SC003,P0004
2025-03-15,Electronics,R2,2,Online,55310.37,45354.5,TechPro,Smartphone Z,South,9955.87,SC002,P0006
2025-03-15,Electronics,R1,3,Online,192774.03,154219.22,TechPro,Laptop X,North,38554.81,SC002,P0003
2025-03-15,Electronics,R3,1,Online,62858.6,50286.88,TechPro,Laptop X,East,12571.72,SC002,P0003
2025-03-16,Furniture,R4,2,Online,45509.74,32767.01,WoodCraft,Wardrobe,West,12742.73,SC002,P0008
2025-03-16,Electronics,R2,3,Online,189327.27,151461.82,TechPro,Laptop X,South,37865.45,SC002,P0003
2025-03-16,Furniture,R2,4,Online,95141.64,68501.98,WoodCraft,Wardrobe,South,26639.66,SC002,P0008
2025-03-17,Furniture,R2,1,Online,15120.0,11793.6,HomeEase,Study Table,South,3326.4,SC002,P0007
2025-03-17,Furniture,R2,4,Retail,106736.5,76850.28,WoodCraft,Wardrobe,South,29886.22,SC003,P0008
2025-03-17,Electronics,R1,3,Online,15353.92,11515.44,SoundMax,Bluetooth Speaker,North,3838.48,SC002,P0001
2025-03-18,Electronics,R1,3,Distributor,85802.47,70358.02,TechPro,Smartphone Z,North,15444.44,SC001,P0006
2025-03-18,Electronics,R1,0,Online,0.0,0.0,SoundMax,Bluetooth Speaker,North,0.0,SC002,P0001
2025-03-18,Electronics,R2,4,Retail,20203.06,15152.3,SoundMax,Bluetooth Speaker,South,5050.77,SC003,P0001
2025-03-18,Electronics,R4,0,Online,0.0,0.0,SoundMax,Bluetooth Speaker,West,0.0,SC002,P0001
2025-03-18,Accessories,R1,4,Online,9197.9,5518.74,CarryLite,Laptop Bag,North,3679.16,SC002,P0002
2025-03-19,Furniture,R2,3,Online,72372.34,52108.09,WoodCraft,Wardrobe,South,20264.26,SC002,P0008
2025-03-19,Furniture,R2,1,Retail,14875.65,11603.0,HomeEase,Study Table,South,3272.64,SC003,P0007
2025-03-19,Electronics,R3,2,Online,10740.72,8055.54,SoundMax,Bluetooth Speaker,East,2685.18,SC002,P0001
2025-03-19,Furniture,R1,1,Online,7449.18,5586.89,HomeEase,Office Chair,North,1862.3,SC002,P0004
2025-03-19,Electronics,R2,3,Online,16381.31,12285.98,SoundMax,Bluetooth Speaker,South,4095.33,SC002,P0001
2025-03-20,Accessories,R2,4,Retail,10216.6,6129.96,CarryLite,Laptop Bag,South,4086.64,SC003,P0002
2025-03-20,Furniture,R3,0,Retail,0.0,0.0,HomeEase,Office Chair,East,0.0,SC003,P0004
2025-03-20,Electronics,R2,3,Retail,91343.56,74901.72,TechPro,Smartphone Z,South,16441.84,SC003,P0006
2025-03-20,Electronics,R4,4,Online,19032.18,14274.13,SoundMax,Bluetooth Speaker,West,4758.04,SC002,P0001
2025-03-20,Electronics,R4,4,Online,222128.0,177702.4,TechPro,Laptop X,West,44425.6,SC002,P0003
2025-03-21,Accessories,R4,4,Online,10504.54,6302.72,CarryLite,Laptop Bag,West,4201.82,SC002,P0002
2025-03-21,Electronics,R4,4,Online,109091.47,89455.01,TechPro,Smartphone Z,West,19636.46,SC002,P0006
2025-03-22,Electronics,R4,1,Online,5056.37,3792.28,SoundMax,Bluetooth Speaker,West,1264.09,SC002,P0001
2025-03-22,Electronics,R1,3,Distributor,83497.68,68468.1,TechPro,Smartphone Z,North,15029.58,SC001,P0006
2025-03-22,Electronics,R2,2,Online,130474.95,104379.96,TechPro,Laptop X,South,26094.99,SC002,P0003
2025-03-22,Electronics,R4,3,Online,82383.61,67554.56,TechPro,Smartphone Z,West,14829.05,SC002,P0006
2025-03-23,Furniture,R4,3,Online,19585.53,14689.15,HomeEase,Office Chair,West,4896.38,SC002,P0004
2025-03-23,Accessories,R4,1,Online,1456.02,946.41,ChargeFast,Power Bank,West,509.61,SC002,P0005
2025-03-23,Furniture,R4,0,Online,0.0,0.0,HomeEase,Office Chair,West,0.0,SC002,P0004
2025-03-23,Furniture,R2,0,Online,0.0,0.0,HomeEase,Office Chair,South,0.0,SC002,P0004
2025-03-23,Electronics,R2,4,Online,114644.89,94008.81,TechPro,Smartphone Z,South,20636.08,SC002,P0006
2025-03-24,Electronics,R4,0,Online,0.0,0.0,SoundMax,Bluetooth Speaker,West,0.0,SC002,P0001
2025-03-24,Accessories,R2,1,Online,1392.85,905.35,ChargeFast,Power Bank,South,487.5,SC002,P0005
2025-03-24,Electronics,R1,1,Online,32598.09,26730.43,TechPro,Smartphone Z,North,5867.66,SC002,P0006
2025-03-24,Furniture,R2,4,Online,27688.14,20766.11,HomeEase,Office Chair,South,6922.04,SC002,P0004
2025-03-24,Electronics,R3,2,Online,113714.93,90971.94,TechPro,Laptop X,East,22742.99,SC002,P0003
2025-03-25,Furniture,R4,1,Online,6358.61,4768.96,HomeEase,Office Chair,West,1589.65,SC002,P0004
2025-03-25,Accessories,R1,1,Online,2321.65,1392.99,CarryLite,Laptop Bag,North,928.66,SC002,P0002
2025-03-25,Electronics,R1,3,Online,182375.81,145900.65,TechPro,Laptop X,North,36475.16,SC002,P0003
2025-03-26,Accessories,R3,2,Online,2785.26,1810.42,ChargeFast,Power Bank,East,974.84,SC002,P0005
2025-03-26,Electronics,R1,3,Online,97578.62,80014.47,TechPro,Smartphone Z,North,17564.15,SC002,P0006
2025-03-26,Electronics,R1,0,Online,0.0,0.0,TechPro,Laptop X,North,0.0,SC002,P0003
2025-03-27,Accessories,R1,3,Online,4103.59,2667.33,ChargeFast,Power Bank,North,1436.26,SC002,P0005
2025-03-27,Furniture,R2,4,Online,103350.97,74412.7,WoodCraft,Wardrobe,South,28938.27,SC002,P0008
2025-03-27,Electronics,R2,2,Online,9475.46,7106.59,SoundMax,Bluetooth Speaker,South,2368.86,SC002,P0001
2025-03-27,Furniture,R4,1,Online,16066.87,12532.16,HomeEase,Study Table,West,3534.71,SC002,P0007
2025-03-28,Electronics,R1,0,Online,0.0,0.0,TechPro,Smartphone Z,North,0.0,SC002,P0006
2025-03-28,Accessories,R3,4,Online,10488.37,6293.02,CarryLite,Laptop Bag,East,4195.35,SC002,P0002
2025-03-28,Furniture,R1,3,Online,81566.81,58728.11,WoodCraft,Wardrobe,North,22838.71,SC002,P0008
2025-03-29,Furniture,R3,2,Retail,15302.73,11477.05,HomeEase,Office Chair,East,3825.68,SC003,P0004
2025-03-29,Accessories,R2,4,Online,5633.84,3662.0,ChargeFast,Power Bank,South,1971.85,SC002,P0005
2025-03-29,Electronics,R2,0,Online,0.0,0.0,SoundMax,Bluetooth Speaker,South,0.0,SC002,P0001
2025-03-29,Furniture,R4,0,Online,0.0,0.0,WoodCraft,Wardrobe,West,0.0,SC002,P0008
2025-03-29,Furniture,R1,1,Retail,7274.93,5456.19,HomeEase,Office Chair,North,1818.73,SC003,P0004
2025-03-30,Furniture,R4,2,Online,28520.81,22246.24,HomeEase,Study Table,West,6274.58,SC002,P0007
2025-03-30,Accessories,R4,3,Online,4725.28,3071.43,ChargeFast,Power Bank,West,1653.85,SC002,P0005
2025-03-30,Furniture,R2,1,Online,23250.1,16740.07,WoodCraft,Wardrobe,South,6510.03,SC002,P0008
2025-03-31,Electronics,R3,2,Online,62345.44,51123.26,TechPro,Smartphone Z,East,11222.18,SC002,P0006
2025-03-31,Electronics,R4,0,Retail,0.0,0.0,SoundMax,Bluetooth Speaker,West,0.0,SC003,P0001
2025-04-01,Electronics,R4,1,Online,65851.03,52680.82,TechPro,Laptop X,West,13170.21,SC002,P0003
2025-04-01,Electronics,R2,2,Retail,114756.84,91805.47,TechPro,Laptop X,South,22951.37,SC003,P0003
2025-04-02,Furniture,R1,4,Online,54758.01,42711.25,HomeEase,Study Table,North,12046.76,SC002,P0007
2025-04-02,Electronics,R1,3,Online,16127.8,12095.85,SoundMax,Bluetooth Speaker,North,4031.95,SC002,P0001
2025-04-03,Furniture,R2,4,Distributor,60680.35,47330.67,HomeEase,Study Table,South,13349.68,SC001,P0007
2025-04-03,Electronics,R4,5,Distributor,139308.08,114232.63,TechPro,Smartphone Z,West,25075.45,SC001,P0006
2025-04-03,Electronics,R3,2,Distributor,63813.33,52326.93,TechPro,Smartphone Z,East,11486.4,SC001,P0006
2025-04-03,Accessories,R2,3,Retail,4445.15,2889.35,ChargeFast,Power Bank,South,1555.8,SC003,P0005
2025-04-04,Electronics,R4,1,Online,4668.41,3501.31,SoundMax,Bluetooth Speaker,West,1167.1,SC002,P0001
2025-04-04,Furniture,R2,3,Retail,47019.44,36675.16,HomeEase,Study Table,South,10344.28,SC003,P0007
2025-04-04,Furniture,R1,4,Online,63904.97,49845.88,HomeEase,Study Table,North,14059.09,SC002,P0007
2025-04-04,Accessories,R4,1,Online,1420.22,923.14,ChargeFast,Power Bank,West,497.08,SC002,P0005
2025-04-05,Accessories,R1,4,Online,10106.15,6063.69,CarryLite,Laptop Bag,North,4042.46,SC002,P0002
2025-04-05,Furniture,R4,2,Online,14425.36,10819.02,HomeEase,Office Chair,West,3606.34,SC002,P0004
2025-04-05,Electronics,R1,3,Online,177535.95,142028.76,TechPro,Laptop X,North,35507.19,SC002,P0003
2025-04-05,Furniture,R1,1,Online,6786.27,5089.7,HomeEase,Office Chair,North,1696.57,SC002,P0004
2025-04-05,Electronics,R2,1,Online,4657.94,3493.46,SoundMax,Bluetooth Speaker,South,1164.49,SC002,P0001
2025-04-06,Accessories,R1,5,Online,11993.78,7196.27,CarryLite,Laptop Bag,North,4797.51,SC002,P0002
2025-04-06,Furniture,R2,5,Online,118817.7,85548.74,WoodCraft,Wardrobe,South,33268.96,SC002,P0008
2025-04-06,Electronics,R3,4,Online,117316.34,96199.4,TechPro,Smartphone Z,East,21116.94,SC002,P0006
2025-04-06,Electronics,R3,2,Online,127234.64,101787.71,TechPro,Laptop X,East,25446.93,SC002,P0003
2025-04-07,Electronics,R2,5,Online,329839.24,263871.39,TechPro,Laptop X,South,65967.85,SC002,P0003
2025-04-07,Electronics,R4,1,Distributor,4657.45,3493.09,SoundMax,Bluetooth Speaker,West,1164.36,SC001,P0001
2025-04-07,Accessories,R1,4,Retail,5569.0,3619.85,ChargeFast,Power Bank,North,1949.15,SC003,P0005
2025-04-07,Furniture,R1,1,Online,25728.43,18524.47,WoodCraft,Wardrobe,North,7203.96,SC002,P0008
2025-04-07,Furniture,R2,4,Distributor,30244.79,22683.59,HomeEase,Office Chair,South,7561.2,SC001,P0004
2025-04-08,Furniture,R3,5,Retail,134265.81,96671.38,WoodCraft,Wardrobe,East,37594.43,SC003,P0008
2025-04-08,Electronics,R2,5,Online,142905.64,117182.63,TechPro,Smartphone Z,South,25723.02,SC002,P0006
2025-04-09,Furniture,R2,3,Online,20697.8,15523.35,HomeEase,Office Chair,South,5174.45,SC002,P0004
2025-04-09,Electronics,R3,1,Online,5304.56,3978.42,SoundMax,Bluetooth Speaker,East,1326.14,SC002,P0001
2025-04-09,Accessories,R2,5,Online,8168.04,5309.22,ChargeFast,Power Bank,South,2858.81,SC002,P0005
2025-04-09,Electronics,R2,4,Distributor,18607.85,13955.89,SoundMax,Bluetooth Speaker,South,4651.96,SC001,P0001
2025-04-10,Furniture,R2,4,Retail,55977.27,43662.27,HomeEase,Study Table,South,12315.0,SC003,P0007
2025-04-10,Furniture,R4,2,Distributor,30626.17,23888.41,HomeEase,Study Table,West,6737.76,SC001,P0007
2025-04-10,Electronics,R4,4,Distributor,224154.32,179323.45,TechPro,Laptop X,West,44830.86,SC001,P0003
2025-04-10,Accessories,R1,5,Online,11492.23,6895.34,CarryLite,Laptop Bag,North,4596.89,SC002,P0002
2025-04-11,Electronics,R1,3,Online,94479.04,77472.81,TechPro,Smartphone Z,North,17006.23,SC002,P0006
2025-04-11,Electronics,R4,1,Distributor,5103.29,3827.47,SoundMax,Bluetooth Speaker,West,1275.82,SC001,P0001
2025-04-12,Furniture,R2,5,Online,72562.12,56598.45,HomeEase,Study Table,South,15963.67,SC002,P0007
2025-04-12,Electronics,R4,2,Online,109985.56,87988.45,TechPro,Laptop X,West,21997.11,SC002,P0003
2025-04-12,Furniture,R1,4,Online,104307.21,75101.19,WoodCraft,Wardrobe,North,29206.02,SC002,P0008
2025-04-13,Electronics,R3,2,Retail,61471.09,50406.29,TechPro,Smartphone Z,East,11064.8,SC003,P0006
2025-04-13,Electronics,R1,5,Retail,316225.93,252980.75,TechPro,Laptop X,North,63245.19,SC003,P0003
2025-04-13,Electronics,R1,3,Online,186253.72,149002.98,TechPro,Laptop X,North,37250.74,SC002,P0003
2025-04-13,Electronics,R3,1,Online,30806.88,25261.64,TechPro,Smartphone Z,East,5545.24,SC002,P0006
2025-04-14,Electronics,R1,5,Online,158897.73,130296.14,TechPro,Smartphone Z,North,28601.59,SC002,P0006
2025-04-14,Accessories,R1,5,Online,7232.97,4701.43,ChargeFast,Power Bank,North,2531.54,SC002,P0005
2025-04-14,Electronics,R1,4,Online,254240.82,203392.65,TechPro,Laptop X,North,50848.16,SC002,P0003
2025-04-14,Electronics,R4,3,Online,162233.57,129786.86,TechPro,Laptop X,West,32446.71,SC002,P0003
2025-04-15,Furniture,R1,1,Online,7596.64,5697.48,HomeEase,Office Chair,North,1899.16,SC002,P0004
2025-04-15,Electronics,R4,5,Online,24348.51,18261.39,SoundMax,Bluetooth Speaker,West,6087.13,SC002,P0001
2025-04-15,Electronics,R3,4,Retail,19259.03,14444.27,SoundMax,Bluetooth Speaker,East,4814.76,SC003,P0001
2025-04-16,Furniture,R3,2,Online,27742.56,21639.2,HomeEase,Study Table,East,6103.36,SC002,P0007
2025-04-16,Electronics,R2,4,Retail,120366.13,98700.23,TechPro,Smartphone Z,South,21665.9,SC003,P0006
2025-04-16,Accessories,R2,4,Online,5712.59,3713.18,ChargeFast,Power Bank,South,1999.4,SC002,P0005
2025-04-17,Electronics,R1,1,Online,32232.32,26430.5,TechPro,Smartphone Z,North,5801.82,SC002,P0006
2025-04-17,Electronics,R1,3,Online,14739.94,11054.95,SoundMax,Bluetooth Speaker,North,3684.98,SC002,P0001
2025-04-17,Electronics,R2,3,Online,89670.38,73529.71,TechPro,Smartphone Z,South,16140.67,SC002,P0006
2025-04-17,Furniture,R2,4,Online,28148.39,21111.29,HomeEase,Office Chair,South,7037.1,SC002,P0004
2025-04-17,Furniture,R3,3,Online,46550.44,36309.35,HomeEase,Study Table,East,10241.1,SC002,P0007
2025-04-18,Furniture,R2,5,Online,74627.83,58209.71,HomeEase,Study Table,South,16418.12,SC002,P0007
2025-04-18,Electronics,R4,4,Online,117854.05,96640.32,TechPro,Smartphone Z,West,21213.73,SC002,P0006
2025-04-19,Furniture,R2,3,Online,48312.88,37684.05,HomeEase,Study Table,South,10628.83,SC002,P0007
2025-04-19,Furniture,R1,1,Online,6751.3,5063.47,HomeEase,Office Chair,North,1687.82,SC002,P0004
2025-04-19,Furniture,R3,2,Online,29414.73,22943.49,HomeEase,Study Table,East,6471.24,SC002,P0007
2025-04-19,Accessories,R4,1,Online,2372.55,1423.53,CarryLite,Laptop Bag,West,949.02,SC002,P0002
2025-04-19,Furniture,R4,1,Online,25493.62,18355.4,WoodCraft,Wardrobe,West,7138.21,SC002,P0008
2025-04-20,Accessories,R2,1,Retail,2477.2,1486.32,CarryLite,Laptop Bag,South,990.88,SC003,P0002
2025-04-20,Furniture,R3,4,Retail,29023.11,21767.33,HomeEase,Office Chair,East,7255.78,SC003,P0004
2025-04-20,Electronics,R2,1,Online,4826.85,3620.14,SoundMax,Bluetooth Speaker,South,1206.71,SC002,P0001
2025-04-20,Electronics,R4,4,Retail,19384.42,14538.31,SoundMax,Bluetooth Speaker,West,4846.1,SC003,P0001
2025-04-21,Accessories,R3,5,Online,6862.19,4460.43,ChargeFast,Power Bank,East,2401.77,SC002,P0005
2025-04-21,Accessories,R3,3,Online,4184.75,2720.09,ChargeFast,Power Bank,East,1464.66,SC002,P0005
2025-04-21,Furniture,R2,3,Online,22574.0,16930.5,HomeEase,Office Chair,South,5643.5,SC002,P0004
2025-04-21,Furniture,R3,4,Online,98006.5,70564.68,WoodCraft,Wardrobe,East,27441.82,SC002,P0008
2025-04-22,Electronics,R4,3,Online,91408.57,74955.03,TechPro,Smartphone Z,West,16453.54,SC002,P0006
2025-04-22,Accessories,R2,3,Online,7836.78,4702.07,CarryLite,Laptop Bag,South,3134.71,SC002,P0002
2025-04-22,Electronics,R2,4,Retail,120115.25,98494.5,TechPro,Smartphone Z,South,21620.74,SC003,P0006
2025-04-22,Electronics,R1,1,Online,4810.7,3608.03,SoundMax,Bluetooth Speaker,North,1202.68,SC002,P0001
2025-04-23,Electronics,R3,2,Retail,129274.47,103419.57,TechPro,Laptop X,East,25854.89,SC003,P0003
2025-04-23,Electronics,R4,5,Online,23695.13,17771.35,SoundMax,Bluetooth Speaker,West,5923.78,SC002,P0001
2025-04-24,Furniture,R2,4,Online,107595.34,77468.64,WoodCraft,Wardrobe,South,30126.69,SC002,P0008
2025-04-24,Electronics,R2,1,Online,27669.3,22688.83,TechPro,Smartphone Z,South,4980.47,SC002,P0006
2025-04-24,Electronics,R2,4,Online,242613.85,194091.08,TechPro,Laptop X,South,48522.77,SC002,P0003
2025-04-24,Furniture,R4,2,Distributor,31500.93,24570.72,HomeEase,Study Table,West,6930.2,SC001,P0007
2025-04-24,Furniture,R1,2,Online,45174.96,32525.97,WoodCraft,Wardrobe,North,12648.99,SC002,P0008
2025-04-25,Electronics,R2,5,Online,24753.11,18564.83,SoundMax,Bluetooth Speaker,South,6188.28,SC002,P0001
2025-04-25,Furniture,R4,5,Online,80224.41,62575.04,HomeEase,Study Table,West,17649.37,SC002,P0007
2025-04-25,Furniture,R1,1,Online,13890.02,10834.22,HomeEase,Study Table,North,3055.8,SC002,P0007
2025-04-25,Furniture,R4,1,Online,22512.77,16209.19,WoodCraft,Wardrobe,West,6303.58,SC002,P0008
2025-04-26,Furniture,R4,2,Online,50097.23,36070.0,WoodCraft,Wardrobe,West,14027.22,SC002,P0008
2025-04-26,Accessories,R3,3,Distributor,4406.02,2863.92,ChargeFast,Power Bank,East,1542.11,SC001,P0005
2025-04-26,Accessories,R1,1,Retail,1381.69,898.1,ChargeFast,Power Bank,North,483.59,SC003,P0005
2025-04-26,Accessories,R3,3,Online,4292.29,2789.99,ChargeFast,Power Bank,East,1502.3,SC002,P0005
2025-04-26,Accessories,R3,1,Retail,2298.36,1379.01,CarryLite,Laptop Bag,East,919.34,SC003,P0002
2025-04-27,Electronics,R4,5,Online,292794.57,234235.66,TechPro,Laptop X,West,58558.91,SC002,P0003
2025-04-27,Accessories,R3,3,Online,6829.18,4097.51,CarryLite,Laptop Bag,East,2731.67,SC002,P0002
2025-04-27,Electronics,R3,1,Online,4903.0,3677.25,SoundMax,Bluetooth Speaker,East,1225.75,SC002,P0001
2025-04-28,Electronics,R4,3,Online,92356.39,75732.24,TechPro,Smartphone Z,West,16624.15,SC002,P0006
2025-04-28,Electronics,R2,1,Retail,4913.85,3685.39,SoundMax,Bluetooth Speaker,South,1228.46,SC003,P0001
2025-04-28,Furniture,R2,5,Online,126795.25,91292.58,WoodCraft,Wardrobe,South,35502.67,SC002,P0008
2025-04-28,Furniture,R4,5,Online,118898.84,85607.17,WoodCraft,Wardrobe,West,33291.68,SC002,P0008
2025-04-29,Accessories,R2,1,Online,1608.92,1045.8,ChargeFast,Power Bank,South,563.12,SC002,P0005
2025-04-29,Electronics,R1,2,Online,110303.42,88242.73,TechPro,Laptop X,North,22060.68,SC002,P0003
2025-04-29,Electronics,R4,3,Online,92671.63,75990.74,TechPro,Smartphone Z,West,16680.89,SC002,P0006
2025-04-29,Electronics,R2,3,Online,197157.14,157725.72,TechPro,Laptop X,South,39431.43,SC002,P0003
2025-04-30,Electronics,R2,5,Retail,271246.07,216996.86,TechPro,Laptop X,South,54249.21,SC003,P0003
2025-04-30,Electronics,R3,2,Online,10372.82,7779.62,SoundMax,Bluetooth Speaker,East,2593.21,SC002,P0001
2025-04-30,Electronics,R1,2,Retail,10738.09,8053.57,SoundMax,Bluetooth Speaker,North,2684.52,SC003,P0001
2025-04-30,Furniture,R2,2,Online,54008.37,38886.03,WoodCraft,Wardrobe,South,15122.34,SC002,P0008
2025-04-30,Furniture,R3,2,Online,32994.9,25736.02,HomeEase,Study Table,East,7258.88,SC002,P0007
2025-05-01,Furniture,R3,2,Online,46711.42,33632.22,WoodCraft,Wardrobe,East,13079.2,SC002,P0008
2025-05-01,Accessories,R3,2,Online,2750.63,1787.91,ChargeFast,Power Bank,East,962.72,SC002,P0005
2025-05-01,Electronics,R2,1,Online,62610.44,50088.35,TechPro,Laptop X,South,12522.09,SC002,P0003
2025-05-01,Electronics,R1,3,Online,92948.58,76217.84,TechPro,Smartphone Z,North,16730.74,SC002,P0006
2025-05-02,Electronics,R3,1,Online,4555.55,3416.66,SoundMax,Bluetooth Speaker,East,1138.89,SC002,P0001
2025-05-02,Electronics,R1,2,Online,130098.36,104078.68,TechPro,Laptop X,North,26019.67,SC002,P0003
2025-05-03,Furniture,R3,4,Online,61785.52,48192.7,HomeEase,Study Table,East,13592.81,SC002,P0007
2025-05-03,Electronics,R4,3,Online,172715.92,138172.74,TechPro,Laptop X,West,34543.18,SC002,P0003
2025-05-03,Electronics,R2,2,Online,63150.31,51783.25,TechPro,Smartphone Z,South,11367.06,SC002,P0006
2025-05-03,Furniture,R4,4,Online,29620.54,22215.41,HomeEase,Office Chair,West,7405.14,SC002,P0004
2025-05-03,Furniture,R4,1,Online,7583.78,5687.83,HomeEase,Office Chair,West,1895.94,SC002,P0004
2025-05-04,Furniture,R4,2,Online,32970.29,25716.83,HomeEase,Study Table,West,7253.46,SC002,P0007
2025-05-04,Electronics,R1,2,Retail,10684.94,8013.71,SoundMax,Bluetooth Speaker,North,2671.24,SC003,P0001
2025-05-05,Accessories,R1,3,Retail,7309.13,4385.48,CarryLite,Laptop Bag,North,2923.65,SC003,P0002
2025-05-05,Furniture,R3,5,Online,136814.74,98506.61,WoodCraft,Wardrobe,East,38308.13,SC002,P0008
2025-05-05,Electronics,R2,5,Online,25141.72,18856.29,SoundMax,Bluetooth Speaker,South,6285.43,SC002,P0001
2025-05-05,Accessories,R2,2,Retail,3155.82,2051.28,ChargeFast,Power Bank,South,1104.54,SC003,P0005
2025-05-05,Furniture,R1,1,Retail,15676.17,12227.42,HomeEase,Study Table,North,3448.76,SC003,P0007
2025-05-06,Accessories,R3,4,Distributor,10927.37,6556.42,CarryLite,Laptop Bag,East,4370.95,SC001,P0002
2025-05-06,Electronics,R2,3,Online,14589.97,10942.48,SoundMax,Bluetooth Speaker,South,3647.49,SC002,P0001
2025-05-06,Electronics,R2,3,Online,96435.84,79077.39,TechPro,Smartphone Z,South,17358.45,SC002,P0006
2025-05-07,Furniture,R2,5,Online,33467.38,25100.54,HomeEase,Office Chair,South,8366.85,SC002,P0004
2025-05-07,Electronics,R1,2,Distributor,10169.32,7626.99,SoundMax,Bluetooth Speaker,North,2542.33,SC001,P0001
2025-05-07,Electronics,R4,4,Distributor,116213.43,95295.02,TechPro,Smartphone Z,West,20918.42,SC001,P0006
2025-05-07,Electronics,R4,2,Online,64870.33,53193.67,TechPro,Smartphone Z,West,11676.66,SC002,P0006
2025-05-07,Electronics,R3,4,Online,241049.9,192839.92,TechPro,Laptop X,East,48209.98,SC002,P0003
2025-05-08,Electronics,R4,2,Retail,120263.92,96211.14,TechPro,Laptop X,West,24052.78,SC003,P0003
2025-05-08,Electronics,R1,4,Online,129573.1,106249.94,TechPro,Smartphone Z,North,23323.16,SC002,P0006
2025-05-08,Furniture,R3,4,Online,62067.03,48412.28,HomeEase,Study Table,East,13654.75,SC002,P0007
2025-05-09,Electronics,R4,5,Retail,22854.02,17140.51,SoundMax,Bluetooth Speaker,West,5713.5,SC003,P0001
2025-05-09,Electronics,R3,1,Retail,29255.77,23989.73,TechPro,Smartphone Z,East,5266.04,SC003,P0006
2025-05-09,Accessories,R2,1,Retail,2603.11,1561.87,CarryLite,Laptop Bag,South,1041.25,SC003,P0002
2025-05-09,Accessories,R1,2,Retail,4601.34,2760.8,CarryLite,Laptop Bag,North,1840.53,SC003,P0002
2025-05-09,Electronics,R2,1,Online,60115.85,48092.68,TechPro,Laptop X,South,12023.17,SC002,P0003
2025-05-10,Electronics,R2,4,Online,18063.78,13547.84,SoundMax,Bluetooth Speaker,South,4515.95,SC002,P0001
2025-05-10,Accessories,R4,1,Retail,2466.31,1479.78,CarryLite,Laptop Bag,West,986.52,SC003,P0002
2025-05-10,Electronics,R4,3,Distributor,15731.34,11798.51,SoundMax,Bluetooth Speaker,West,3932.84,SC001,P0001
2025-05-11,Furniture,R2,2,Retail,13311.11,9983.33,HomeEase,Office Chair,South,3327.78,SC003,P0004
2025-05-11,Electronics,R4,1,Retail,62449.47,49959.57,TechPro,Laptop X,West,12489.89,SC003,P0003
2025-05-11,Furniture,R3,5,Online,134064.73,96526.61,WoodCraft,Wardrobe,East,37538.12,SC002,P0008
2025-05-11,Electronics,R2,1,Online,4763.15,3572.36,SoundMax,Bluetooth Speaker,South,1190.79,SC002,P0001
2025-05-12,Electronics,R1,5,Retail,27263.83,20447.87,SoundMax,Bluetooth Speaker,North,6815.96,SC003,P0001
2025-05-12,Furniture,R1,2,Online,49882.1,35915.11,WoodCraft,Wardrobe,North,13966.99,SC002,P0008
2025-05-13,Accessories,R4,3,Retail,6994.29,4196.57,CarryLite,Laptop Bag,West,2797.71,SC003,P0002
2025-05-13,Furniture,R2,3,Distributor,23011.92,17258.94,HomeEase,Office Chair,South,5752.98,SC001,P0004
2025-05-13,Electronics,R2,1,Online,4663.81,3497.86,SoundMax,Bluetooth Speaker,South,1165.95,SC002,P0001
2025-05-14,Electronics,R1,5,Online,307478.13,245982.51,TechPro,Laptop X,North,61495.63,SC002,P0003
2025-05-14,Electronics,R1,4,Online,111231.81,91210.09,TechPro,Smartphone Z,North,20021.73,SC002,P0006
2025-05-14,Furniture,R4,1,Distributor,27314.18,19666.21,WoodCraft,Wardrobe,West,7647.97,SC001,P0008
2025-05-14,Furniture,R1,4,Online,65738.68,51276.17,HomeEase,Study Table,North,14462.51,SC002,P0007
2025-05-15,Accessories,R1,3,Retail,7496.03,4497.62,CarryLite,Laptop Bag,North,2998.41,SC003,P0002
2025-05-15,Furniture,R3,2,Retail,51854.07,37334.93,WoodCraft,Wardrobe,East,14519.14,SC003,P0008
2025-05-16,Electronics,R2,2,Online,10874.68,8156.01,SoundMax,Bluetooth Speaker,South,2718.67,SC002,P0001
2025-05-16,Electronics,R4,3,Online,14456.56,10842.42,SoundMax,Bluetooth Speaker,West,3614.14,SC002,P0001
2025-05-16,Accessories,R2,1,Distributor,1537.51,999.38,ChargeFast,Power Bank,South,538.13,SC001,P0005
2025-05-16,Accessories,R2,2,Online,3071.51,1996.48,ChargeFast,Power Bank,South,1075.03,SC002,P0005
2025-05-16,Electronics,R2,5,Online,275302.69,220242.16,TechPro,Laptop X,South,55060.54,SC002,P0003
2025-05-17,Electronics,R3,3,Retail,93213.76,76435.28,TechPro,Smartphone Z,East,16778.48,SC003,P0006
2025-05-17,Accessories,R1,4,Online,5926.09,3851.96,ChargeFast,Power Bank,North,2074.13,SC002,P0005
2025-05-17,Electronics,R2,3,Retail,165481.14,132384.91,TechPro,Laptop X,South,33096.23,SC003,P0003
2025-05-17,Accessories,R2,4,Distributor,10495.06,6297.03,CarryLite,Laptop Bag,South,4198.02,SC001,P0002
2025-05-17,Accessories,R2,2,Online,4690.13,2814.08,CarryLite,Laptop Bag,South,1876.05,SC002,P0002
2025-05-18,Furniture,R4,5,Retail,70196.76,54753.47,HomeEase,Study Table,West,15443.29,SC003,P0007
2025-05-18,Furniture,R2,3,Online,79269.35,57073.93,WoodCraft,Wardrobe,South,22195.42,SC002,P0008
2025-05-18,Electronics,R1,3,Online,96849.55,79416.63,TechPro,Smartphone Z,North,17432.92,SC002,P0006
2025-05-19,Furniture,R1,4,Retail,103908.61,74814.2,WoodCraft,Wardrobe,North,29094.41,SC003,P0008
2025-05-19,Electronics,R4,4,Online,247066.04,197652.83,TechPro,Laptop X,West,49413.21,SC002,P0003
2025-05-20,Electronics,R2,1,Online,27507.2,22555.9,TechPro,Smartphone Z,South,4951.3,SC002,P0006
2025-05-20,Electronics,R4,5,Online,283452.59,226762.07,TechPro,Laptop X,West,56690.52,SC002,P0003
2025-05-20,Furniture,R1,1,Distributor,7086.54,5314.9,HomeEase,Office Chair,North,1771.63,SC001,P0004
2025-05-20,Furniture,R1,5,Online,33977.97,25483.48,HomeEase,Office Chair,North,8494.49,SC002,P0004
2025-05-20,Furniture,R4,5,Retail,33156.59,24867.44,HomeEase,Office Chair,West,8289.15,SC003,P0004
2025-05-21,Accessories,R3,1,Distributor,2722.45,1633.47,CarryLite,Laptop Bag,East,1088.98,SC001,P0002
2025-05-21,Furniture,R3,4,Retail,57077.77,44520.66,HomeEase,Study Table,East,12557.11,SC003,P0007
2025-05-22,Accessories,R1,4,Retail,9579.79,5747.87,CarryLite,Laptop Bag,North,3831.92,SC003,P0002
2025-05-22,Furniture,R4,5,Retail,34999.4,26249.55,HomeEase,Office Chair,West,8749.85,SC003,P0004
2025-05-22,Furniture,R1,4,Online,27174.16,20380.62,HomeEase,Office Chair,North,6793.54,SC002,P0004
2025-05-22,Electronics,R3,2,Distributor,63944.34,52434.36,TechPro,Smartphone Z,East,11509.98,SC001,P0006
2025-05-22,Furniture,R2,3,Online,77264.53,55630.46,WoodCraft,Wardrobe,South,21634.07,SC002,P0008
2025-05-23,Electronics,R2,3,Online,83160.23,68191.39,TechPro,Smartphone Z,South,14968.84,SC002,P0006
2025-05-23,Furniture,R1,2,Retail,14574.12,10930.59,HomeEase,Office Chair,North,3643.53,SC003,P0004
2025-05-23,Electronics,R2,5,Retail,23614.89,17711.17,SoundMax,Bluetooth Speaker,South,5903.72,SC003,P0001
2025-05-23,Furniture,R1,4,Distributor,28354.28,21265.71,HomeEase,Office Chair,North,7088.57,SC001,P0004
2025-05-23,Furniture,R1,3,Retail,19371.57,14528.68,HomeEase,Office Chair,North,4842.89,SC003,P0004
2025-05-24,Furniture,R3,3,Online,74335.91,53521.86,WoodCraft,Wardrobe,East,20814.06,SC002,P0008
2025-05-24,Accessories,R3,5,Online,7997.32,5198.26,ChargeFast,Power Bank,East,2799.06,SC002,P0005
2025-05-24,Furniture,R1,5,Online,128350.92,92412.67,WoodCraft,Wardrobe,North,35938.26,SC002,P0008
2025-05-24,Furniture,R3,2,Online,30418.97,23726.8,HomeEase,Study Table,East,6692.17,SC002,P0007
2025-05-24,Electronics,R2,1,Online,65555.76,52444.61,TechPro,Laptop X,South,13111.15,SC002,P0003
2025-05-25,Electronics,R3,3,Retail,173252.69,138602.15,TechPro,Laptop X,East,34650.54,SC003,P0003
2025-05-25,Furniture,R4,4,Online,56657.42,44192.79,HomeEase,Study Table,West,12464.63,SC002,P0007
2025-05-25,Electronics,R2,2,Online,9001.71,6751.28,SoundMax,Bluetooth Speaker,South,2250.43,SC002,P0001
2025-05-25,Electronics,R1,5,Online,278917.45,223133.96,TechPro,Laptop X,North,55783.49,SC002,P0003
2025-05-26,Electronics,R2,2,Online,60799.22,49855.36,TechPro,Smartphone Z,South,10943.86,SC002,P0006
2025-05-26,Furniture,R2,1,Online,7020.3,5265.23,HomeEase,Office Chair,South,1755.08,SC002,P0004
2025-05-27,Accessories,R4,1,Retail,1536.62,998.8,ChargeFast,Power Bank,West,537.82,SC003,P0005
2025-05-27,Electronics,R1,4,Online,19775.16,14831.37,SoundMax,Bluetooth Speaker,North,4943.79,SC002,P0001
2025-05-28,Electronics,R1,5,Retail,278187.07,222549.65,TechPro,Laptop X,North,55637.41,SC003,P0003
2025-05-28,Furniture,R3,3,Distributor,76243.29,54895.17,WoodCraft,Wardrobe,East,21348.12,SC001,P0008
2025-05-28,Furniture,R3,3,Online,70028.4,50420.44,WoodCraft,Wardrobe,East,19607.95,SC002,P0008
2025-05-28,Electronics,R2,5,Online,23273.04,17454.78,SoundMax,Bluetooth Speaker,South,5818.26,SC002,P0001
2025-05-29,Electronics,R3,5,Online,149745.35,122791.19,TechPro,Smartphone Z,East,26954.16,SC002,P0006
2025-05-29,Accessories,R1,2,Online,5232.74,3139.64,CarryLite,Laptop Bag,North,2093.1,SC002,P0002
2025-05-29,Electronics,R4,2,Retail,119570.28,95656.22,TechPro,Laptop X,West,23914.06,SC003,P0003
2025-05-30,Electronics,R2,3,Retail,86262.25,70735.05,TechPro,Smartphone Z,South,15527.21,SC003,P0006
2025-05-30,Furniture,R2,3,Online,80144.11,57703.76,WoodCraft,Wardrobe,South,22440.35,SC002,P0008
2025-05-30,Furniture,R1,3,Online,42138.61,32868.11,HomeEase,Study Table,North,9270.49,SC002,P0007
2025-05-30,Accessories,R1,1,Online,2445.87,1467.52,CarryLite,Laptop Bag,North,978.35,SC002,P0002
2025-05-31,Electronics,R2,2,Online,61383.23,50334.25,TechPro,Smartphone Z,South,11048.98,SC002,P0006
2025-05-31,Electronics,R4,5,Online,161251.77,132226.45,TechPro,Smartphone Z,West,29025.32,SC002,P0006
2025-05-31,Accessories,R1,5,Online,12618.44,7571.07,CarryLite,Laptop Bag,North,5047.38,SC002,P0002
2025-05-31,Electronics,R2,2,Online,54013.75,44291.28,TechPro,Smartphone Z,South,9722.48,SC002,P0006
2025-06-01,Electronics,R2,2,Retail,120225.64,96180.52,TechPro,Laptop X,South,24045.13,SC003,P0003
2025-06-01,Furniture,R2,3,Online,19509.18,14631.89,HomeEase,Office Chair,South,4877.3,SC002,P0004
2025-06-02,Electronics,R1,1,Retail,4769.64,3577.23,SoundMax,Bluetooth Speaker,North,1192.41,SC003,P0001
2025-06-02,Furniture,R2,5,Online,81077.01,63240.07,HomeEase,Study Table,South,17836.94,SC002,P0007
2025-06-03,Electronics,R1,2,Online,54210.57,44452.67,TechPro,Smartphone Z,North,9757.9,SC002,P0006
2025-06-03,Furniture,R3,1,Retail,7262.33,5446.75,HomeEase,Office Chair,East,1815.58,SC003,P0004
2025-06-03,Furniture,R2,1,Retail,6990.61,5242.96,HomeEase,Office Chair,South,1747.65,SC003,P0004
2025-06-03,Furniture,R3,3,Retail,71519.95,51494.36,WoodCraft,Wardrobe,East,20025.59,SC003,P0008
2025-06-03,Electronics,R4,3,Online,92488.18,75840.31,TechPro,Smartphone Z,West,16647.87,SC002,P0006
2025-06-04,Furniture,R4,3,Online,19215.88,14411.91,HomeEase,Office Chair,West,4803.97,SC002,P0004
2025-06-04,Electronics,R4,2,Retail,113966.74,91173.39,TechPro,Laptop X,West,22793.35,SC003,P0003
2025-06-04,Electronics,R1,2,Retail,10630.37,7972.77,SoundMax,Bluetooth Speaker,North,2657.59,SC003,P0001
2025-06-05,Electronics,R4,4,Online,228850.09,183080.08,TechPro,Laptop X,West,45770.02,SC002,P0003
2025-06-05,Electronics,R2,1,Online,56618.1,45294.48,TechPro,Laptop X,South,11323.62,SC002,P0003
2025-06-06,Electronics,R1,2,Retail,129086.92,103269.53,TechPro,Laptop X,North,25817.38,SC003,P0003
2025-06-06,Furniture,R2,1,Online,7194.08,5395.56,HomeEase,Office Chair,South,1798.52,SC002,P0004
2025-06-06,Electronics,R2,2,Distributor,54789.32,44927.24,TechPro,Smartphone Z,South,9862.08,SC001,P0006
2025-06-06,Furniture,R3,3,Online,48447.52,37789.07,HomeEase,Study Table,East,10658.45,SC002,P0007
2025-06-06,Electronics,R2,1,Online,55693.7,44554.96,TechPro,Laptop X,South,11138.74,SC002,P0003
2025-06-07,Furniture,R4,4,Online,108437.58,78075.05,WoodCraft,Wardrobe,West,30362.52,SC002,P0008
2025-06-07,Electronics,R4,2,Retail,54316.06,44539.17,TechPro,Smartphone Z,West,9776.89,SC003,P0006
2025-06-07,Accessories,R4,1,Online,1529.95,994.47,ChargeFast,Power Bank,West,535.48,SC002,P0005
2025-06-07,Electronics,R2,3,Retail,15741.57,11806.18,SoundMax,Bluetooth Speaker,South,3935.39,SC003,P0001
2025-06-08,Accessories,R3,4,Retail,5576.25,3624.56,ChargeFast,Power Bank,East,1951.69,SC003,P0005
2025-06-08,Electronics,R4,1,Retail,27435.54,22497.14,TechPro,Smartphone Z,West,4938.4,SC003,P0006
2025-06-08,Electronics,R2,2,Retail,130480.95,104384.76,TechPro,Laptop X,South,26096.19,SC003,P0003
2025-06-08,Electronics,R1,4,Online,240088.98,192071.18,TechPro,Laptop X,North,48017.8,SC002,P0003
2025-06-09,Furniture,R3,3,Online,82252.86,59222.06,WoodCraft,Wardrobe,East,23030.8,SC002,P0008
2025-06-09,Electronics,R2,3,Retail,87165.71,71475.88,TechPro,Smartphone Z,South,15689.83,SC003,P0006
2025-06-10,Electronics,R4,5,Retail,157411.62,129077.53,TechPro,Smartphone Z,West,28334.09,SC003,P0006
2025-06-10,Furniture,R3,1,Online,27481.36,19786.58,WoodCraft,Wardrobe,East,7694.78,SC002,P0008
2025-06-10,Electronics,R4,4,Online,110057.04,90246.77,TechPro,Smartphone Z,West,19810.27,SC002,P0006
2025-06-10,Electronics,R1,1,Online,30628.26,25115.17,TechPro,Smartphone Z,North,5513.09,SC002,P0006
2025-06-10,Electronics,R4,2,Retail,65048.86,53340.06,TechPro,Smartphone Z,West,11708.79,SC003,P0006
2025-06-11,Electronics,R3,4,Online,19923.25,14942.44,SoundMax,Bluetooth Speaker,East,4980.81,SC002,P0001
2025-06-11,Electronics,R1,5,Online,151356.33,124112.19,TechPro,Smartphone Z,North,27244.14,SC002,P0006
2025-06-11,Furniture,R2,3,Online,48893.55,38136.97,HomeEase,Study Table,South,10756.58,SC002,P0007
2025-06-12,Electronics,R2,2,Online,62340.86,51119.51,TechPro,Smartphone Z,South,11221.36,SC002,P0006
2025-06-12,Furniture,R3,5,Distributor,135170.3,97322.62,WoodCraft,Wardrobe,East,37847.69,SC001,P0008
2025-06-12,Furniture,R2,1,Online,7200.58,5400.44,HomeEase,Office Chair,South,1800.15,SC002,P0004
2025-06-13,Accessories,R3,1,Distributor,2373.18,1423.91,CarryLite,Laptop Bag,East,949.27,SC001,P0002
2025-06-13,Furniture,R4,2,Online,30722.49,23963.54,HomeEase,Study Table,West,6758.95,SC002,P0007
2025-06-13,Electronics,R4,2,Online,120696.51,96557.21,TechPro,Laptop X,West,24139.3,SC002,P0003
2025-06-13,Electronics,R4,2,Online,108984.11,87187.29,TechPro,Laptop X,West,21796.82,SC002,P0003
2025-06-13,Accessories,R4,1,Online,1607.87,1045.11,ChargeFast,Power Bank,West,562.75,SC002,P0005
2025-06-14,Electronics,R1,1,Retail,5280.92,3960.69,SoundMax,Bluetooth Speaker,North,1320.23,SC003,P0001
2025-06-14,Accessories,R1,3,Online,4463.22,2901.09,ChargeFast,Power Bank,North,1562.13,SC002,P0005
2025-06-14,Furniture,R1,1,Retail,15693.11,12240.62,HomeEase,Study Table,North,3452.48,SC003,P0007
2025-06-15,Electronics,R1,5,Retail,142959.72,117226.97,TechPro,Smartphone Z,North,25732.75,SC003,P0006
2025-06-15,Furniture,R2,5,Online,118766.55,85511.92,WoodCraft,Wardrobe,South,33254.63,SC002,P0008
2025-06-15,Accessories,R1,4,Retail,5435.5,3533.07,ChargeFast,Power Bank,North,1902.42,SC003,P0005
2025-06-15,Electronics,R4,3,Retail,185695.11,148556.09,TechPro,Laptop X,West,37139.02,SC003,P0003
2025-06-15,Electronics,R4,1,Online,27449.06,22508.23,TechPro,Smartphone Z,West,4940.83,SC002,P0006
2025-06-16,Accessories,R2,3,Online,7884.73,4730.84,CarryLite,Laptop Bag,South,3153.89,SC002,P0002
2025-06-16,Electronics,R3,3,Retail,196224.55,156979.64,TechPro,Laptop X,East,39244.91,SC003,P0003
2025-06-16,Electronics,R3,5,Distributor,282032.2,225625.76,TechPro,Laptop X,East,56406.44,SC001,P0003
2025-06-16,Electronics,R3,4,Online,237355.2,189884.16,TechPro,Laptop X,East,47471.04,SC002,P0003
2025-06-17,Furniture,R3,5,Online,74335.59,57981.76,HomeEase,Study Table,East,16353.83,SC002,P0007
2025-06-17,Electronics,R1,2,Online,56460.98,46298.0,TechPro,Smartphone Z,North,10162.98,SC002,P0006
2025-06-17,Furniture,R2,2,Online,46436.76,33434.47,WoodCraft,Wardrobe,South,13002.29,SC002,P0008
2025-06-17,Electronics,R2,5,Distributor,23910.04,17932.53,SoundMax,Bluetooth Speaker,South,5977.51,SC001,P0001
2025-06-17,Furniture,R4,2,Online,32931.82,25686.82,HomeEase,Study Table,West,7245.0,SC002,P0007
2025-06-18,Accessories,R1,3,Online,4453.28,2894.63,ChargeFast,Power Bank,North,1558.65,SC002,P0005
2025-06-18,Accessories,R1,5,Retail,12515.43,7509.26,CarryLite,Laptop Bag,North,5006.17,SC003,P0002
2025-06-18,Furniture,R4,2,Retail,14591.44,10943.58,HomeEase,Office Chair,West,3647.86,SC003,P0004
2025-06-19,Furniture,R3,3,Online,20079.16,15059.37,HomeEase,Office Chair,East,5019.79,SC002,P0004
2025-06-19,Furniture,R2,2,Online,54548.83,39275.16,WoodCraft,Wardrobe,South,15273.67,SC002,P0008
2025-06-19,Accessories,R4,4,Retail,5547.87,3606.11,ChargeFast,Power Bank,West,1941.75,SC003,P0005
2025-06-19,Electronics,R4,4,Online,121627.71,99734.72,TechPro,Smartphone Z,West,21892.99,SC002,P0006
2025-06-20,Electronics,R3,4,Online,20062.38,15046.78,SoundMax,Bluetooth Speaker,East,5015.59,SC002,P0001
2025-06-20,Electronics,R4,3,Online,94243.33,77279.53,TechPro,Smartphone Z,West,16963.8,SC002,P0006
2025-06-20,Electronics,R1,1,Online,64058.3,51246.64,TechPro,Laptop X,North,12811.66,SC002,P0003
2025-06-20,Electronics,R4,2,Retail,9190.19,6892.65,SoundMax,Bluetooth Speaker,West,2297.55,SC003,P0001
2025-06-20,Electronics,R2,5,Online,162925.11,133598.59,TechPro,Smartphone Z,South,29326.52,SC002,P0006
2025-06-21,Accessories,R2,1,Online,2456.17,1473.7,CarryLite,Laptop Bag,South,982.47,SC002,P0002
2025-06-21,Electronics,R2,4,Retail,124306.74,101931.52,TechPro,Smartphone Z,South,22375.21,SC003,P0006
2025-06-21,Electronics,R4,3,Retail,87383.29,71654.3,TechPro,Smartphone Z,West,15728.99,SC003,P0006
2025-06-21,Electronics,R3,4,Retail,19479.01,14609.26,SoundMax,Bluetooth Speaker,East,4869.75,SC003,P0001
2025-06-21,Furniture,R2,5,Online,33812.01,25359.01,HomeEase,Office Chair,South,8453.0,SC002,P0004
2025-06-22,Electronics,R1,2,Online,125761.27,100609.02,TechPro,Laptop X,North,25152.25,SC002,P0003
2025-06-22,Accessories,R2,3,Online,4493.16,2920.55,ChargeFast,Power Bank,South,1572.6,SC002,P0005
2025-06-23,Furniture,R4,5,Online,133218.61,95917.4,WoodCraft,Wardrobe,West,37301.21,SC002,P0008
2025-06-23,Electronics,R1,1,Online,5080.32,3810.24,SoundMax,Bluetooth Speaker,North,1270.08,SC002,P0001
2025-06-23,Electronics,R1,2,Online,131867.59,105494.07,TechPro,Laptop X,North,26373.52,SC002,P0003
2025-06-23,Furniture,R3,3,Retail,42681.58,33291.63,HomeEase,Study Table,East,9389.95,SC003,P0007
2025-06-23,Electronics,R4,4,Online,125372.9,102805.78,TechPro,Smartphone Z,West,22567.12,SC002,P0006
2025-06-24,Electronics,R2,2,Online,9510.22,7132.67,SoundMax,Bluetooth Speaker,South,2377.56,SC002,P0001
2025-06-24,Furniture,R4,2,Online,54574.91,39293.93,WoodCraft,Wardrobe,West,15280.97,SC002,P0008
2025-06-24,Electronics,R3,4,Online,129793.79,106430.9,TechPro,Smartphone Z,East,23362.88,SC002,P0006
2025-06-25,Electronics,R2,5,Online,298295.68,238636.54,TechPro,Laptop X,South,59659.14,SC002,P0003
2025-06-25,Furniture,R1,5,Retail,36134.07,27100.55,HomeEase,Office Chair,North,9033.52,SC003,P0004
2025-06-26,Electronics,R4,4,Online,18706.49,14029.87,SoundMax,Bluetooth Speaker,West,4676.62,SC002,P0001
2025-06-26,Electronics,R2,4,Retail,216477.77,173182.22,TechPro,Laptop X,South,43295.55,SC003,P0003
2025-06-26,Electronics,R1,1,Online,5288.21,3966.15,SoundMax,Bluetooth Speaker,North,1322.05,SC002,P0001
2025-06-26,Furniture,R2,2,Online,32154.11,25080.2,HomeEase,Study Table,South,7073.9,SC002,P0007
2025-06-26,Electronics,R2,1,Online,5342.28,4006.71,SoundMax,Bluetooth Speaker,South,1335.57,SC002,P0001
2025-06-27,Electronics,R3,4,Online,113685.96,93222.49,TechPro,Smartphone Z,East,20463.47,SC002,P0006
2025-06-27,Furniture,R3,4,Online,65300.74,50934.57,HomeEase,Study Table,East,14366.16,SC002,P0007
2025-06-28,Electronics,R4,3,Online,13686.14,10264.6,SoundMax,Bluetooth Speaker,West,3421.53,SC002,P0001
2025-06-28,Electronics,R3,4,Online,218151.18,174520.95,TechPro,Laptop X,East,43630.24,SC002,P0003
2025-06-28,Accessories,R1,3,Online,7617.86,4570.72,CarryLite,Laptop Bag,North,3047.15,SC002,P0002
2025-06-28,Electronics,R1,1,Online,55428.85,44343.08,TechPro,Laptop X,North,11085.77,SC002,P0003
2025-06-29,Furniture,R4,1,Retail,14562.66,11358.88,HomeEase,Study Table,West,3203.79,SC003,P0007
2025-06-29,Furniture,R3,2,Online,54238.34,39051.61,WoodCraft,Wardrobe,East,15186.74,SC002,P0008
2025-06-29,Electronics,R2,4,Online,117138.81,96053.82,TechPro,Smartphone Z,South,21084.99,SC002,P0006
2025-06-30,Accessories,R2,1,Distributor,1478.45,960.99,ChargeFast,Power Bank,South,517.46,SC001,P0005
2025-06-30,Furniture,R1,5,Distributor,76647.17,59784.8,HomeEase,Study Table,North,16862.38,SC001,P0007
2025-06-30,Accessories,R2,2,Retail,3185.25,2070.41,ChargeFast,Power Bank,South,1114.84,SC003,P0005
2025-07-01,Accessories,R1,1,Distributor,1582.46,1028.6,ChargeFast,Power Bank,North,553.86,SC001,P0005
2025-07-01,Electronics,R4,1,Online,64244.35,51395.48,TechPro,Laptop X,West,12848.87,SC002,P0003
2025-07-01,Furniture,R2,3,Online,47582.64,37114.46,HomeEase,Study Table,South,10468.18,SC002,P0007
2025-07-01,Furniture,R3,3,Retail,77166.46,55559.85,WoodCraft,Wardrobe,East,21606.61,SC003,P0008
2025-07-01,Electronics,R1,3,Retail,173040.26,138432.21,TechPro,Laptop X,North,34608.05,SC003,P0003
2025-07-02,Accessories,R2,4,Online,10202.4,6121.44,CarryLite,Laptop Bag,South,4080.96,SC002,P0002
2025-07-02,Accessories,R2,1,Retail,1446.08,939.95,ChargeFast,Power Bank,South,506.13,SC003,P0005
2025-07-03,Accessories,R2,4,Online,5920.57,3848.37,ChargeFast,Power Bank,South,2072.2,SC002,P0005
2025-07-03,Electronics,R1,4,Online,118316.3,97019.36,TechPro,Smartphone Z,North,21296.93,SC002,P0006
2025-07-03,Electronics,R1,1,Online,5233.83,3925.37,SoundMax,Bluetooth Speaker,North,1308.46,SC002,P0001
2025-07-03,Furniture,R1,3,Retail,74081.06,53338.36,WoodCraft,Wardrobe,North,20742.7,SC003,P0008
2025-07-03,Furniture,R1,1,Retail,14981.76,11685.77,HomeEase,Study Table,North,3295.99,SC003,P0007
2025-07-04,Electronics,R1,1,Online,4532.91,3399.68,SoundMax,Bluetooth Speaker,North,1133.23,SC002,P0001
2025-07-04,Electronics,R1,4,Online,20786.43,15589.82,SoundMax,Bluetooth Speaker,North,5196.61,SC002,P0001
2025-07-04,Accessories,R3,2,Retail,5094.88,3056.93,CarryLite,Laptop Bag,East,2037.95,SC003,P0002
2025-07-04,Furniture,R2,1,Retail,23861.09,17179.99,WoodCraft,Wardrobe,South,6681.11,SC003,P0008
2025-07-05,Electronics,R2,3,Online,197667.44,158133.95,TechPro,Laptop X,South,39533.49,SC002,P0003
2025-07-05,Accessories,R1,5,Online,12564.47,7538.68,CarryLite,Laptop Bag,North,5025.79,SC002,P0002
2025-07-06,Electronics,R1,2,Online,9495.23,7121.43,SoundMax,Bluetooth Speaker,North,2373.81,SC002,P0001
2025-07-06,Electronics,R3,5,Retail,316298.44,253038.76,TechPro,Laptop X,East,63259.69,SC003,P0003
2025-07-07,Furniture,R2,1,Online,14724.38,11485.01,HomeEase,Study Table,South,3239.36,SC002,P0007
2025-07-07,Furniture,R2,5,Retail,75784.85,59112.18,HomeEase,Study Table,South,16672.67,SC003,P0007
2025-07-07,Electronics,R2,5,Distributor,160336.69,131476.09,TechPro,Smartphone Z,South,28860.6,SC001,P0006
2025-07-08,Electronics,R4,5,Retail,25362.77,19022.07,SoundMax,Bluetooth Speaker,West,6340.69,SC003,P0001
2025-07-08,Electronics,R4,5,Retail,26945.43,20209.07,SoundMax,Bluetooth Speaker,West,6736.36,SC003,P0001
2025-07-08,Electronics,R3,4,Online,258817.23,207053.78,TechPro,Laptop X,East,51763.45,SC002,P0003
2025-07-08,Accessories,R4,5,Retail,7751.29,5038.34,ChargeFast,Power Bank,West,2712.95,SC003,P0005
2025-07-08,Furniture,R4,4,Retail,30065.47,22549.1,HomeEase,Office Chair,West,7516.37,SC003,P0004
2025-07-09,Accessories,R4,5,Online,8169.35,5310.08,ChargeFast,Power Bank,West,2859.27,SC002,P0005
2025-07-09,Electronics,R2,1,Online,64941.29,51953.04,TechPro,Laptop X,South,12988.26,SC002,P0003
2025-07-09,Accessories,R4,3,Online,7308.64,4385.18,CarryLite,Laptop Bag,West,2923.46,SC002,P0002
2025-07-10,Accessories,R2,5,Online,13721.04,8232.63,CarryLite,Laptop Bag,South,5488.42,SC002,P0002
2025-07-10,Accessories,R1,1,Distributor,2407.01,1444.21,CarryLite,Laptop Bag,North,962.8,SC001,P0002
2025-07-10,Electronics,R3,5,Online,24398.13,18298.6,SoundMax,Bluetooth Speaker,East,6099.53,SC002,P0001
2025-07-10,Furniture,R2,2,Retail,27189.59,21207.88,HomeEase,Study Table,South,5981.71,SC003,P0007
2025-07-10,Accessories,R1,2,Online,2976.42,1934.67,ChargeFast,Power Bank,North,1041.75,SC002,P0005
2025-07-11,Electronics,R4,5,Retail,157897.4,129475.87,TechPro,Smartphone Z,West,28421.53,SC003,P0006
2025-07-11,Furniture,R2,2,Online,30665.51,23919.1,HomeEase,Study Table,South,6746.41,SC002,P0007
2025-07-11,Accessories,R2,1,Online,1480.74,962.48,ChargeFast,Power Bank,South,518.26,SC002,P0005
2025-07-11,Electronics,R4,3,Retail,174295.84,139436.68,TechPro,Laptop X,West,34859.17,SC003,P0003
2025-07-12,Electronics,R2,5,Online,302394.65,241915.72,TechPro,Laptop X,South,60478.93,SC002,P0003
2025-07-12,Furniture,R1,5,Online,81117.52,63271.66,HomeEase,Study Table,North,17845.85,SC002,P0007
2025-07-12,Electronics,R2,1,Online,27078.73,22204.56,TechPro,Smartphone Z,South,4874.17,SC002,P0006
2025-07-12,Electronics,R3,5,Retail,155287.4,127335.67,TechPro,Smartphone Z,East,27951.73,SC003,P0006
2025-07-12,Furniture,R4,4,Online,101796.84,73293.72,WoodCraft,Wardrobe,West,28503.11,SC002,P0008
2025-07-13,Furniture,R2,4,Retail,30325.56,22744.17,HomeEase,Office Chair,South,7581.39,SC003,P0004
2025-07-13,Electronics,R3,2,Online,10838.84,8129.13,SoundMax,Bluetooth Speaker,East,2709.71,SC002,P0001
2025-07-13,Electronics,R1,5,Online,22828.45,17121.34,SoundMax,Bluetooth Speaker,North,5707.11,SC002,P0001
2025-07-13,Furniture,R1,2,Online,47254.02,34022.9,WoodCraft,Wardrobe,North,13231.13,SC002,P0008
2025-07-13,Electronics,R2,5,Retail,23192.27,17394.2,SoundMax,Bluetooth Speaker,South,5798.07,SC003,P0001
2025-07-14,Electronics,R4,1,Retail,4692.52,3519.39,SoundMax,Bluetooth Speaker,West,1173.13,SC003,P0001
2025-07-14,Accessories,R3,5,Online,11786.39,7071.83,CarryLite,Laptop Bag,East,4714.55,SC002,P0002
2025-07-14,Furniture,R4,3,Online,43435.35,33879.57,HomeEase,Study Table,West,9555.78,SC002,P0007
2025-07-15,Electronics,R1,1,Retail,5079.9,3809.92,SoundMax,Bluetooth Speaker,North,1269.97,SC003,P0001
2025-07-15,Electronics,R2,5,Online,314035.6,251228.48,TechPro,Laptop X,South,62807.12,SC002,P0003
2025-07-16,Electronics,R1,4,Retail,251572.12,201257.69,TechPro,Laptop X,North,50314.42,SC003,P0003
2025-07-16,Electronics,R3,1,Online,5381.01,4035.76,SoundMax,Bluetooth Speaker,East,1345.25,SC002,P0001
2025-07-16,Electronics,R2,5,Online,22984.54,17238.41,SoundMax,Bluetooth Speaker,South,5746.14,SC002,P0001
2025-07-16,Electronics,R3,4,Online,18479.54,13859.66,SoundMax,Bluetooth Speaker,East,4619.89,SC002,P0001
2025-07-17,Electronics,R3,2,Online,10724.88,8043.66,SoundMax,Bluetooth Speaker,East,2681.22,SC002,P0001
2025-07-17,Electronics,R3,5,Online,288096.21,230476.97,TechPro,Laptop X,East,57619.24,SC002,P0003
2025-07-17,Electronics,R2,4,Online,261598.86,209279.09,TechPro,Laptop X,South,52319.77,SC002,P0003
2025-07-18,Furniture,R1,3,Online,21777.19,16332.89,HomeEase,Office Chair,North,5444.3,SC002,P0004
2025-07-18,Furniture,R3,2,Online,14614.54,10960.9,HomeEase,Office Chair,East,3653.63,SC002,P0004
2025-07-18,Accessories,R2,2,Online,5356.7,3214.02,CarryLite,Laptop Bag,South,2142.68,SC002,P0002
2025-07-19,Electronics,R4,4,Retail,18160.44,13620.33,SoundMax,Bluetooth Speaker,West,4540.11,SC003,P0001
2025-07-19,Furniture,R2,5,Online,37826.13,28369.6,HomeEase,Office Chair,South,9456.53,SC002,P0004
2025-07-19,Electronics,R4,3,Online,181855.17,145484.14,TechPro,Laptop X,West,36371.03,SC002,P0003
2025-07-19,Accessories,R1,5,Retail,6877.87,4470.62,ChargeFast,Power Bank,North,2407.26,SC003,P0005
2025-07-20,Furniture,R2,2,Retail,29180.3,22760.63,HomeEase,Study Table,South,6419.67,SC003,P0007
2025-07-20,Accessories,R1,4,Online,10593.2,6355.92,CarryLite,Laptop Bag,North,4237.28,SC002,P0002
2025-07-20,Electronics,R4,5,Online,284230.06,227384.05,TechPro,Laptop X,West,56846.01,SC002,P0003
2025-07-21,Electronics,R1,3,Online,193950.33,155160.27,TechPro,Laptop X,North,38790.07,SC002,P0003
2025-07-21,Electronics,R1,5,Retail,146055.6,119765.59,TechPro,Smartphone Z,North,26290.01,SC003,P0006
2025-07-22,Electronics,R2,2,Distributor,117220.54,93776.43,TechPro,Laptop X,South,23444.11,SC001,P0003
2025-07-22,Furniture,R3,1,Retail,7374.65,5530.99,HomeEase,Office Chair,East,1843.66,SC003,P0004
2025-07-22,Furniture,R1,3,Online,22916.88,17187.66,HomeEase,Office Chair,North,5729.22,SC002,P0004
2025-07-22,Electronics,R2,5,Online,24800.1,18600.07,SoundMax,Bluetooth Speaker,South,6200.02,SC002,P0001
2025-07-23,Furniture,R4,1,Online,23140.39,16661.08,WoodCraft,Wardrobe,West,6479.31,SC002,P0008
2025-07-23,Electronics,R2,5,Distributor,289370.27,231496.21,TechPro,Laptop X,South,57874.05,SC001,P0003
2025-07-23,Electronics,R4,1,Retail,27353.45,22429.83,TechPro,Smartphone Z,West,4923.62,SC003,P0006
2025-07-23,Furniture,R3,1,Distributor,14417.49,11245.65,HomeEase,Study Table,East,3171.85,SC001,P0007
2025-07-24,Accessories,R3,4,Online,6020.4,3913.26,ChargeFast,Power Bank,East,2107.14,SC002,P0005
2025-07-24,Electronics,R2,4,Online,18052.65,13539.49,SoundMax,Bluetooth Speaker,South,4513.16,SC002,P0001
2025-07-24,Furniture,R2,5,Distributor,118097.7,85030.35,WoodCraft,Wardrobe,South,33067.36,SC001,P0008
2025-07-24,Electronics,R3,4,Online,124504.33,102093.55,TechPro,Smartphone Z,East,22410.78,SC002,P0006
2025-07-24,Furniture,R3,1,Online,15268.33,11909.3,HomeEase,Study Table,East,3359.03,SC002,P0007
2025-07-25,Furniture,R2,3,Online,76770.49,55274.75,WoodCraft,Wardrobe,South,21495.74,SC002,P0008
2025-07-25,Electronics,R4,1,Distributor,5409.55,4057.16,SoundMax,Bluetooth Speaker,West,1352.39,SC001,P0001
2025-07-25,Electronics,R1,1,Online,30427.57,24950.61,TechPro,Smartphone Z,North,5476.96,SC002,P0006
2025-07-25,Electronics,R4,5,Distributor,24370.53,18277.9,SoundMax,Bluetooth Speaker,West,6092.63,SC001,P0001
2025-07-26,Furniture,R4,4,Retail,29487.43,22115.58,HomeEase,Office Chair,West,7371.86,SC003,P0004
2025-07-26,Furniture,R2,1,Online,24763.75,17829.9,WoodCraft,Wardrobe,South,6933.85,SC002,P0008
2025-07-26,Furniture,R4,2,Online,28452.24,22192.75,HomeEase,Study Table,West,6259.49,SC002,P0007
2025-07-26,Furniture,R4,5,Online,117305.8,84460.18,WoodCraft,Wardrobe,West,32845.62,SC002,P0008
2025-07-26,Electronics,R1,5,Online,140554.23,115254.47,TechPro,Smartphone Z,North,25299.76,SC002,P0006
2025-07-27,Furniture,R2,4,Online,30015.66,22511.74,HomeEase,Office Chair,South,7503.91,SC002,P0004
2025-07-27,Electronics,R1,3,Online,195131.83,156105.46,TechPro,Laptop X,North,39026.37,SC002,P0003
2025-07-27,Accessories,R2,2,Online,5429.67,3257.8,CarryLite,Laptop Bag,South,2171.87,SC002,P0002
2025-07-27,Furniture,R2,1,Distributor,7092.67,5319.5,HomeEase,Office Chair,South,1773.17,SC001,P0004
2025-07-28,Furniture,R2,5,Retail,37673.24,28254.93,HomeEase,Office Chair,South,9418.31,SC003,P0004
2025-07-28,Furniture,R1,5,Retail,120143.44,86503.27,WoodCraft,Wardrobe,North,33640.16,SC003,P0008
2025-07-28,Furniture,R3,2,Distributor,30050.08,23439.06,HomeEase,Study Table,East,6611.02,SC001,P0007
2025-07-28,Furniture,R2,4,Online,55559.46,43336.38,HomeEase,Study Table,South,12223.08,SC002,P0007
2025-07-28,Electronics,R1,5,Retail,24527.36,18395.52,SoundMax,Bluetooth Speaker,North,6131.84,SC003,P0001
2025-07-29,Electronics,R2,5,Online,310287.05,248229.64,TechPro,Laptop X,South,62057.41,SC002,P0003
2025-07-29,Electronics,R2,3,Distributor,190997.34,152797.87,TechPro,Laptop X,South,38199.47,SC001,P0003
2025-07-30,Electronics,R2,5,Online,145287.08,119135.41,TechPro,Smartphone Z,South,26151.67,SC002,P0006
2025-07-30,Electronics,R2,1,Online,4813.41,3610.06,SoundMax,Bluetooth Speaker,South,1203.35,SC002,P0001
2025-07-30,Accessories,R4,3,Online,7758.77,4655.26,CarryLite,Laptop Bag,West,3103.51,SC002,P0002
2025-07-30,Electronics,R1,5,Online,156378.63,128230.48,TechPro,Smartphone Z,North,28148.15,SC002,P0006
2025-07-30,Furniture,R4,2,Online,52799.16,38015.39,WoodCraft,Wardrobe,West,14783.76,SC002,P0008
2025-07-31,Electronics,R2,5,Retail,273010.13,218408.1,TechPro,Laptop X,South,54602.03,SC003,P0003
2025-07-31,Accessories,R3,3,Online,8117.07,4870.24,CarryLite,Laptop Bag,East,3246.83,SC002,P0002
2025-07-31,Furniture,R2,4,Retail,63362.44,49422.7,HomeEase,Study Table,South,13939.74,SC003,P0007
2025-08-01,Furniture,R2,5,Retail,34023.41,25517.56,HomeEase,Office Chair,South,8505.85,SC003,P0004
2025-08-01,Electronics,R2,5,Online,153803.08,126118.53,TechPro,Smartphone Z,South,27684.56,SC002,P0006
2025-08-01,Furniture,R1,1,Retail,25436.59,18314.34,WoodCraft,Wardrobe,North,7122.24,SC003,P0008
2025-08-01,Furniture,R2,2,Online,13427.32,10070.49,HomeEase,Office Chair,South,3356.83,SC002,P0004
2025-08-01,Furniture,R2,3,Online,43691.96,34079.73,HomeEase,Study Table,South,9612.23,SC002,P0007
2025-08-02,Electronics,R1,3,Online,14475.68,10856.76,SoundMax,Bluetooth Speaker,North,3618.92,SC002,P0001
2025-08-02,Electronics,R1,5,Retail,278658.15,222926.52,TechPro,Laptop X,North,55731.63,SC003,P0003
2025-08-02,Electronics,R1,5,Online,148647.5,121890.95,TechPro,Smartphone Z,North,26756.55,SC002,P0006
2025-08-02,Electronics,R4,3,Online,15749.3,11811.98,SoundMax,Bluetooth Speaker,West,3937.33,SC002,P0001
2025-08-03,Furniture,R2,5,Online,74917.73,58435.83,HomeEase,Study Table,South,16481.9,SC002,P0007
2025-08-03,Accessories,R2,4,Online,6148.83,3996.74,ChargeFast,Power Bank,South,2152.09,SC002,P0005
2025-08-03,Electronics,R2,1,Online,4610.6,3457.95,SoundMax,Bluetooth Speaker,South,1152.65,SC002,P0001
2025-08-03,Electronics,R2,3,Online,86469.51,70905.0,TechPro,Smartphone Z,South,15564.51,SC002,P0006
2025-08-04,Electronics,R2,4,Retail,119547.16,98028.67,TechPro,Smartphone Z,South,21518.49,SC003,P0006
2025-08-04,Accessories,R2,3,Online,4393.29,2855.64,ChargeFast,Power Bank,South,1537.65,SC002,P0005
2025-08-04,Accessories,R1,2,Online,2785.11,1810.32,ChargeFast,Power Bank,North,974.79,SC002,P0005
2025-08-04,Furniture,R3,3,Retail,47583.63,37115.23,HomeEase,Study Table,East,10468.4,SC003,P0007
2025-08-05,Furniture,R2,3,Online,22862.19,17146.65,HomeEase,Office Chair,South,5715.55,SC002,P0004
2025-08-05,Electronics,R1,1,Online,30667.24,25147.14,TechPro,Smartphone Z,North,5520.1,SC002,P0006
2025-08-05,Accessories,R4,1,Retail,2745.63,1647.38,CarryLite,Laptop Bag,West,1098.25,SC003,P0002
2025-08-06,Furniture,R1,5,Online,78941.47,61574.35,HomeEase,Study Table,North,17367.12,SC002,P0007
2025-08-06,Electronics,R4,3,Online,15354.15,11515.61,SoundMax,Bluetooth Speaker,West,3838.54,SC002,P0001
2025-08-06,Electronics,R4,4,Distributor,222802.33,178241.86,TechPro,Laptop X,West,44560.47,SC001,P0003
2025-08-06,Electronics,R4,3,Online,15554.17,11665.63,SoundMax,Bluetooth Speaker,West,3888.54,SC002,P0001
2025-08-06,Furniture,R4,4,Online,57970.22,45216.77,HomeEase,Study Table,West,12753.45,SC002,P0007
2025-08-07,Electronics,R2,4,Retail,249693.35,199754.68,TechPro,Laptop X,South,49938.67,SC003,P0003
2025-08-07,Electronics,R4,5,Online,27335.28,20501.46,SoundMax,Bluetooth Speaker,West,6833.82,SC002,P0001
2025-08-07,Electronics,R1,5,Online,318666.51,254933.21,TechPro,Laptop X,North,63733.3,SC002,P0003
2025-08-07,Electronics,R1,2,Online,9674.17,7255.63,SoundMax,Bluetooth Speaker,North,2418.54,SC002,P0001
2025-08-07,Furniture,R4,3,Retail,40591.84,31661.63,HomeEase,Study Table,West,8930.2,SC003,P0007
2025-08-08,Electronics,R1,1,Online,64170.38,51336.31,TechPro,Laptop X,North,12834.08,SC002,P0003
2025-08-08,Accessories,R2,4,Retail,6466.84,4203.45,ChargeFast,Power Bank,South,2263.4,SC003,P0005
2025-08-09,Electronics,R4,2,Online,63059.62,51708.89,TechPro,Smartphone Z,West,11350.73,SC002,P0006
2025-08-09,Accessories,R4,3,Online,8117.41,4870.44,CarryLite,Laptop Bag,West,3246.96,SC002,P0002
2025-08-09,Electronics,R1,4,Retail,121283.64,99452.58,TechPro,Smartphone Z,North,21831.05,SC003,P0006
2025-08-09,Electronics,R4,5,Online,25433.83,19075.38,SoundMax,Bluetooth Speaker,West,6358.46,SC002,P0001
2025-08-10,Furniture,R1,3,Online,22613.52,16960.14,HomeEase,Office Chair,North,5653.38,SC002,P0004
2025-08-10,Furniture,R3,1,Online,7481.09,5610.82,HomeEase,Office Chair,East,1870.27,SC002,P0004
2025-08-10,Furniture,R4,3,Distributor,43309.65,33781.53,HomeEase,Study Table,West,9528.12,SC001,P0007
2025-08-11,Accessories,R4,2,Retail,4972.92,2983.75,CarryLite,Laptop Bag,West,1989.17,SC003,P0002
2025-08-11,Electronics,R1,3,Online,167189.76,133751.81,TechPro,Laptop X,North,33437.95,SC002,P0003
2025-08-12,Electronics,R2,3,Online,82645.65,67769.43,TechPro,Smartphone Z,South,14876.22,SC002,P0006
2025-08-12,Furniture,R1,1,Online,13741.01,10717.99,HomeEase,Study Table,North,3023.02,SC002,P0007
2025-08-13,Accessories,R2,3,Online,4434.55,2882.46,ChargeFast,Power Bank,South,1552.09,SC002,P0005
2025-08-13,Electronics,R4,3,Distributor,15946.63,11959.97,SoundMax,Bluetooth Speaker,West,3986.66,SC001,P0001
2025-08-14,Electronics,R2,3,Online,177288.67,141830.93,TechPro,Laptop X,South,35457.73,SC002,P0003
2025-08-14,Electronics,R1,2,Online,55692.43,45667.79,TechPro,Smartphone Z,North,10024.64,SC002,P0006
2025-08-14,Accessories,R2,5,Retail,12399.61,7439.77,CarryLite,Laptop Bag,South,4959.85,SC003,P0002
2025-08-15,Accessories,R1,4,Online,10070.8,6042.48,CarryLite,Laptop Bag,North,4028.32,SC002,P0002
2025-08-15,Electronics,R2,1,Retail,62726.08,50180.87,TechPro,Laptop X,South,12545.22,SC003,P0003
2025-08-16,Accessories,R1,5,Retail,11720.14,7032.09,CarryLite,Laptop Bag,North,4688.06,SC003,P0002
2025-08-16,Electronics,R4,4,Retail,259232.61,207386.09,TechPro,Laptop X,West,51846.52,SC003,P0003
2025-08-16,Electronics,R4,1,Online,4743.06,3557.29,SoundMax,Bluetooth Speaker,West,1185.76,SC002,P0001
2025-08-16,Furniture,R1,4,Retail,96301.32,69336.95,WoodCraft,Wardrobe,North,26964.37,SC003,P0008
2025-08-16,Electronics,R2,1,Online,62949.57,50359.66,TechPro,Laptop X,South,12589.91,SC002,P0003
2025-08-17,Furniture,R1,2,Online,46900.38,33768.27,WoodCraft,Wardrobe,North,13132.11,SC002,P0008
2025-08-17,Furniture,R4,3,Distributor,76667.45,55200.56,WoodCraft,Wardrobe,West,21466.89,SC001,P0008
2025-08-17,Furniture,R1,5,Online,72482.69,56536.5,HomeEase,Study Table,North,15946.19,SC002,P0007
2025-08-17,Accessories,R1,1,Online,1430.36,929.74,ChargeFast,Power Bank,North,500.63,SC002,P0005
2025-08-17,Electronics,R2,1,Online,28803.76,23619.08,TechPro,Smartphone Z,South,5184.68,SC002,P0006
2025-08-18,Furniture,R2,4,Online,59896.03,46718.9,HomeEase,Study Table,South,13177.13,SC002,P0007
2025-08-18,Furniture,R2,3,Online,22884.05,17163.04,HomeEase,Office Chair,South,5721.01,SC002,P0004
2025-08-18,Electronics,R2,2,Online,10309.9,7732.42,SoundMax,Bluetooth Speaker,South,2577.47,SC002,P0001
2025-08-18,Electronics,R3,2,Retail,10131.78,7598.83,SoundMax,Bluetooth Speaker,East,2532.94,SC003,P0001
2025-08-18,Electronics,R2,2,Distributor,9136.0,6852.0,SoundMax,Bluetooth Speaker,South,2284.0,SC001,P0001
2025-08-19,Furniture,R2,2,Online,31532.33,24595.22,HomeEase,Study Table,South,6937.11,SC002,P0007
2025-08-19,Electronics,R3,5,Online,24997.81,18748.36,SoundMax,Bluetooth Speaker,East,6249.45,SC002,P0001
2025-08-19,Furniture,R4,2,Retail,53467.73,38496.76,WoodCraft,Wardrobe,West,14970.96,SC003,P0008
2025-08-19,Accessories,R3,1,Online,2721.07,1632.64,CarryLite,Laptop Bag,East,1088.43,SC002,P0002
2025-08-20,Accessories,R1,2,Retail,5470.85,3282.51,CarryLite,Laptop Bag,North,2188.34,SC003,P0002
2025-08-20,Electronics,R2,2,Online,129640.06,103712.05,TechPro,Laptop X,South,25928.01,SC002,P0003
2025-08-20,Electronics,R2,3,Retail,96414.07,79059.54,TechPro,Smartphone Z,South,17354.53,SC003,P0006
2025-08-20,Furniture,R1,5,Online,31654.11,23740.58,HomeEase,Office Chair,North,7913.53,SC002,P0004
2025-08-20,Electronics,R2,4,Distributor,248887.74,199110.19,TechPro,Laptop X,South,49777.55,SC001,P0003
2025-08-21,Electronics,R2,4,Distributor,19109.36,14332.02,SoundMax,Bluetooth Speaker,South,4777.34,SC001,P0001
2025-08-21,Electronics,R4,3,Online,14240.91,10680.68,SoundMax,Bluetooth Speaker,West,3560.23,SC002,P0001
2025-08-21,Electronics,R4,5,Online,277476.7,221981.36,TechPro,Laptop X,West,55495.34,SC002,P0003
2025-08-21,Electronics,R1,5,Distributor,155824.66,127776.22,TechPro,Smartphone Z,North,28048.44,SC001,P0006
2025-08-22,Electronics,R2,1,Retail,56455.84,45164.67,TechPro,Laptop X,South,11291.17,SC003,P0003
2025-08-22,Electronics,R4,4,Online,248749.78,198999.83,TechPro,Laptop X,West,49749.96,SC002,P0003
2025-08-22,Electronics,R4,2,Retail,10287.94,7715.95,SoundMax,Bluetooth Speaker,West,2571.98,SC003,P0001
2025-08-23,Electronics,R1,5,Online,147585.02,121019.72,TechPro,Smartphone Z,North,26565.3,SC002,P0006
2025-08-23,Electronics,R4,2,Online,131670.47,105336.38,TechPro,Laptop X,West,26334.09,SC002,P0003
2025-08-23,Electronics,R1,2,Online,130678.58,104542.87,TechPro,Laptop X,North,26135.72,SC002,P0003
2025-08-24,Accessories,R3,4,Online,6247.25,4060.71,ChargeFast,Power Bank,East,2186.54,SC002,P0005
2025-08-24,Furniture,R1,5,Retail,38235.88,28676.91,HomeEase,Office Chair,North,9558.97,SC003,P0004
2025-08-24,Electronics,R3,4,Distributor,19632.66,14724.49,SoundMax,Bluetooth Speaker,East,4908.16,SC001,P0001
2025-08-24,Electronics,R1,5,Retail,164107.05,134567.78,TechPro,Smartphone Z,North,29539.27,SC003,P0006
2025-08-24,Accessories,R1,5,Online,6853.29,4454.64,ChargeFast,Power Bank,North,2398.65,SC002,P0005
2025-08-25,Electronics,R4,4,Retail,112518.73,92265.36,TechPro,Smartphone Z,West,20253.37,SC003,P0006
2025-08-25,Electronics,R2,2,Retail,62190.86,50996.51,TechPro,Smartphone Z,South,11194.36,SC003,P0006
2025-08-25,Electronics,R2,2,Online,110588.74,88471.0,TechPro,Laptop X,South,22117.75,SC002,P0003
2025-08-26,Furniture,R2,2,Retail,29781.63,23229.67,HomeEase,Study Table,South,6551.96,SC003,P0007
2025-08-26,Electronics,R3,2,Online,128309.91,102647.92,TechPro,Laptop X,East,25661.98,SC002,P0003
2025-08-27,Furniture,R1,1,Retail,6611.34,4958.51,HomeEase,Office Chair,North,1652.84,SC003,P0004
2025-08-27,Furniture,R1,4,Retail,105422.94,75904.52,WoodCraft,Wardrobe,North,29518.42,SC003,P0008
2025-08-27,Electronics,R2,4,Online,262635.48,210108.38,TechPro,Laptop X,South,52527.1,SC002,P0003
2025-08-27,Electronics,R4,3,Online,94553.78,77534.1,TechPro,Smartphone Z,West,17019.68,SC002,P0006
2025-08-27,Electronics,R2,2,Online,10486.77,7865.08,SoundMax,Bluetooth Speaker,South,2621.69,SC002,P0001
2025-08-28,Electronics,R1,2,Online,62139.48,50954.37,TechPro,Smartphone Z,North,11185.11,SC002,P0006
2025-08-28,Accessories,R2,2,Distributor,4887.74,2932.64,CarryLite,Laptop Bag,South,1955.1,SC001,P0002
2025-08-28,Electronics,R1,5,Online,24562.41,18421.81,SoundMax,Bluetooth Speaker,North,6140.6,SC002,P0001
2025-08-29,Electronics,R2,2,Online,10824.27,8118.2,SoundMax,Bluetooth Speaker,South,2706.07,SC002,P0001
2025-08-29,Accessories,R4,4,Online,5551.13,3608.24,ChargeFast,Power Bank,West,1942.9,SC002,P0005
2025-08-29,Electronics,R4,4,Online,130148.96,106722.14,TechPro,Smartphone Z,West,23426.81,SC002,P0006
2025-08-29,Furniture,R3,3,Online,48022.5,37457.55,HomeEase,Study Table,East,10564.95,SC002,P0007
2025-08-29,Electronics,R1,2,Online,10349.19,7761.89,SoundMax,Bluetooth Speaker,North,2587.3,SC002,P0001
2025-08-30,Electronics,R1,3,Online,170952.03,136761.62,TechPro,Laptop X,North,34190.41,SC002,P0003
2025-08-30,Accessories,R1,4,Retail,6482.39,4213.55,ChargeFast,Power Bank,North,2268.83,SC003,P0005
2025-08-31,Electronics,R1,3,Online,93395.51,76584.32,TechPro,Smartphone Z,North,16811.19,SC002,P0006
2025-08-31,Electronics,R2,2,Retail,58615.01,48064.3,TechPro,Smartphone Z,South,10550.7,SC003,P0006
2025-08-31,Electronics,R4,5,Retail,304424.65,243539.72,TechPro,Laptop X,West,60884.93,SC003,P0003
2025-09-01,Electronics,R3,2,Distributor,10662.67,7997.0,SoundMax,Bluetooth Speaker,East,2665.67,SC001,P0001
2025-09-01,Furniture,R4,3,Online,22926.03,17194.52,HomeEase,Office Chair,West,5731.51,SC002,P0004
2025-09-01,Electronics,R1,4,Online,21420.04,16065.03,SoundMax,Bluetooth Speaker,North,5355.01,SC002,P0001
2025-09-02,Electronics,R1,3,Online,88595.45,72648.27,TechPro,Smartphone Z,North,15947.18,SC002,P0006
2025-09-02,Accessories,R1,2,Retail,3004.39,1952.85,ChargeFast,Power Bank,North,1051.54,SC003,P0005
2025-09-02,Electronics,R2,1,Retail,55905.32,44724.25,TechPro,Laptop X,South,11181.06,SC003,P0003
2025-09-03,Electronics,R4,4,Distributor,226603.83,181283.07,TechPro,Laptop X,West,45320.77,SC001,P0003
2025-09-03,Electronics,R2,2,Online,125131.41,100105.13,TechPro,Laptop X,South,25026.28,SC002,P0003
2025-09-03,Accessories,R2,4,Retail,5566.74,3618.38,ChargeFast,Power Bank,South,1948.36,SC003,P0005
2025-09-03,Accessories,R4,2,Online,4525.93,2715.56,CarryLite,Laptop Bag,West,1810.37,SC002,P0002
2025-09-04,Accessories,R3,5,Online,8179.91,5316.94,ChargeFast,Power Bank,East,2862.97,SC002,P0005
2025-09-04,Furniture,R3,4,Online,27794.17,20845.63,HomeEase,Office Chair,East,6948.54,SC002,P0004
2025-09-04,Electronics,R4,1,Online,4650.88,3488.16,SoundMax,Bluetooth Speaker,West,1162.72,SC002,P0001
2025-09-05,Furniture,R4,4,Online,90878.75,65432.7,WoodCraft,Wardrobe,West,25446.05,SC002,P0008
2025-09-05,Electronics,R1,3,Online,89901.04,73718.86,TechPro,Smartphone Z,North,16182.19,SC002,P0006
2025-09-05,Accessories,R1,5,Retail,12358.98,7415.39,CarryLite,Laptop Bag,North,4943.59,SC003,P0002
2025-09-06,Electronics,R2,3,Retail,15297.59,11473.19,SoundMax,Bluetooth Speaker,South,3824.4,SC003,P0001
2025-09-06,Furniture,R4,3,Online,22220.33,16665.24,HomeEase,Office Chair,West,5555.08,SC002,P0004
2025-09-07,Furniture,R4,3,Retail,41860.21,32650.96,HomeEase,Study Table,West,9209.25,SC003,P0007
2025-09-07,Electronics,R4,5,Online,24499.54,18374.66,SoundMax,Bluetooth Speaker,West,6124.89,SC002,P0001
2025-09-07,Electronics,R2,4,Retail,127941.67,104912.17,TechPro,Smartphone Z,South,23029.5,SC003,P0006
2025-09-07,Accessories,R4,5,Online,12346.17,7407.7,CarryLite,Laptop Bag,West,4938.47,SC002,P0002
2025-09-08,Electronics,R4,5,Online,22528.17,16896.12,SoundMax,Bluetooth Speaker,West,5632.04,SC002,P0001
2025-09-08,Accessories,R1,2,Retail,4628.55,2777.13,CarryLite,Laptop Bag,North,1851.42,SC003,P0002
2025-09-09,Electronics,R3,5,Online,151379.82,124131.46,TechPro,Smartphone Z,East,27248.37,SC002,P0006
2025-09-09,Electronics,R1,4,Online,259301.11,207440.89,TechPro,Laptop X,North,51860.22,SC002,P0003
2025-09-09,Furniture,R4,2,Online,50763.09,36549.42,WoodCraft,Wardrobe,West,14213.66,SC002,P0008
2025-09-09,Electronics,R1,5,Online,25750.82,19313.11,SoundMax,Bluetooth Speaker,North,6437.7,SC002,P0001
2025-09-10,Furniture,R3,3,Distributor,81238.25,58491.54,WoodCraft,Wardrobe,East,22746.71,SC001,P0008
2025-09-10,Accessories,R2,4,Retail,9581.4,5748.84,CarryLite,Laptop Bag,South,3832.56,SC003,P0002
2025-09-10,Accessories,R2,5,Online,13442.23,8065.34,CarryLite,Laptop Bag,South,5376.89,SC002,P0002
2025-09-11,Electronics,R4,5,Online,26566.42,19924.82,SoundMax,Bluetooth Speaker,West,6641.61,SC002,P0001
2025-09-11,Electronics,R3,3,Online,15622.96,11717.22,SoundMax,Bluetooth Speaker,East,3905.74,SC002,P0001
2025-09-11,Furniture,R1,5,Retail,78511.73,61239.15,HomeEase,Study Table,North,17272.58,SC003,P0007
2025-09-11,Furniture,R4,2,Online,32211.76,25125.18,HomeEase,Study Table,West,7086.59,SC002,P0007
2025-09-11,Accessories,R3,1,Online,2474.72,1484.83,CarryLite,Laptop Bag,East,989.89,SC002,P0002
2025-09-12,Accessories,R1,1,Online,1528.67,993.63,ChargeFast,Power Bank,North,535.03,SC002,P0005
2025-09-12,Furniture,R3,5,Online,124999.59,89999.7,WoodCraft,Wardrobe,East,34999.88,SC002,P0008
2025-09-12,Furniture,R4,1,Online,7526.69,5645.02,HomeEase,Office Chair,West,1881.67,SC002,P0004
2025-09-12,Furniture,R2,5,Online,67770.25,52860.79,HomeEase,Study Table,South,14909.45,SC002,P0007
2025-09-12,Electronics,R2,3,Online,16234.31,12175.74,SoundMax,Bluetooth Speaker,South,4058.58,SC002,P0001
2025-09-13,Electronics,R2,3,Online,16129.23,12096.92,SoundMax,Bluetooth Speaker,South,4032.31,SC002,P0001
2025-09-13,Electronics,R4,1,Retail,29659.54,24320.83,TechPro,Smartphone Z,West,5338.72,SC003,P0006
2025-09-14,Electronics,R4,3,Online,14275.79,10706.84,SoundMax,Bluetooth Speaker,West,3568.95,SC002,P0001
2025-09-14,Electronics,R1,5,Retail,290963.08,232770.47,TechPro,Laptop X,North,58192.62,SC003,P0003
2025-09-14,Accessories,R1,4,Online,5916.89,3845.98,ChargeFast,Power Bank,North,2070.91,SC002,P0005
2025-09-15,Accessories,R1,1,Online,2653.92,1592.35,CarryLite,Laptop Bag,North,1061.57,SC002,P0002
2025-09-15,Furniture,R2,4,Online,101473.6,73060.99,WoodCraft,Wardrobe,South,28412.61,SC002,P0008
2025-09-15,Accessories,R2,2,Online,5182.08,3109.25,CarryLite,Laptop Bag,South,2072.83,SC002,P0002
2025-09-15,Furniture,R2,5,Retail,71724.06,55944.76,HomeEase,Study Table,South,15779.29,SC003,P0007
2025-09-16,Electronics,R4,4,Online,19363.54,14522.66,SoundMax,Bluetooth Speaker,West,4840.89,SC002,P0001
2025-09-16,Electronics,R4,1,Retail,57508.85,46007.08,TechPro,Laptop X,West,11501.77,SC003,P0003
2025-09-17,Electronics,R1,4,Online,227151.54,181721.23,TechPro,Laptop X,North,45430.31,SC002,P0003
2025-09-17,Electronics,R1,3,Online,190935.87,152748.69,TechPro,Laptop X,North,38187.17,SC002,P0003
2025-09-17,Electronics,R4,5,Online,141258.17,115831.7,TechPro,Smartphone Z,West,25426.47,SC002,P0006
2025-09-17,Electronics,R4,3,Online,16497.74,12373.3,SoundMax,Bluetooth Speaker,West,4124.43,SC002,P0001
2025-09-18,Electronics,R2,1,Distributor,29834.15,24464.0,TechPro,Smartphone Z,South,5370.15,SC001,P0006
2025-09-18,Electronics,R4,1,Retail,5499.3,4124.47,SoundMax,Bluetooth Speaker,West,1374.82,SC003,P0001
2025-09-18,Furniture,R1,5,Online,112741.81,81174.11,WoodCraft,Wardrobe,North,31567.71,SC002,P0008
2025-09-18,Electronics,R2,4,Online,249219.24,199375.39,TechPro,Laptop X,South,49843.85,SC002,P0003
2025-09-19,Furniture,R2,5,Retail,35363.16,26522.37,HomeEase,Office Chair,South,8840.79,SC003,P0004
2025-09-19,Furniture,R4,3,Online,41368.34,32267.3,HomeEase,Study Table,West,9101.03,SC002,P0007
2025-09-19,Electronics,R2,4,Online,19785.33,14839.0,SoundMax,Bluetooth Speaker,South,4946.33,SC002,P0001
2025-09-19,Furniture,R1,5,Distributor,113833.24,81959.94,WoodCraft,Wardrobe,North,31873.31,SC001,P0008
2025-09-20,Electronics,R4,5,Online,26775.3,20081.48,SoundMax,Bluetooth Speaker,West,6693.83,SC002,P0001
2025-09-20,Furniture,R2,3,Retail,47206.36,36820.96,HomeEase,Study Table,South,10385.4,SC003,P0007
2025-09-20,Electronics,R3,5,Retail,24897.11,18672.83,SoundMax,Bluetooth Speaker,East,6224.28,SC003,P0001
2025-09-20,Electronics,R2,2,Retail,10939.54,8204.65,SoundMax,Bluetooth Speaker,South,2734.88,SC003,P0001
2025-09-21,Electronics,R3,4,Online,247958.66,198366.93,TechPro,Laptop X,East,49591.73,SC002,P0003
2025-09-21,Electronics,R1,2,Online,62626.92,51354.07,TechPro,Smartphone Z,North,11272.85,SC002,P0006
2025-09-22,Electronics,R2,3,Online,84452.39,69250.96,TechPro,Smartphone Z,South,15201.43,SC002,P0006
2025-09-22,Furniture,R2,4,Retail,57019.83,44475.47,HomeEase,Study Table,South,12544.36,SC003,P0007
2025-09-23,Electronics,R2,1,Online,4930.99,3698.25,SoundMax,Bluetooth Speaker,South,1232.75,SC002,P0001
2025-09-23,Furniture,R1,5,Online,129087.47,92942.98,WoodCraft,Wardrobe,North,36144.49,SC002,P0008
2025-09-23,Furniture,R2,5,Retail,34833.56,26125.17,HomeEase,Office Chair,South,8708.39,SC003,P0004
2025-09-23,Electronics,R1,2,Online,10893.61,8170.21,SoundMax,Bluetooth Speaker,North,2723.4,SC002,P0001
2025-09-24,Furniture,R2,5,Distributor,37078.95,27809.21,HomeEase,Office Chair,South,9269.74,SC001,P0004
2025-09-24,Furniture,R2,3,Online,21052.6,15789.45,HomeEase,Office Chair,South,5263.15,SC002,P0004
2025-09-24,Furniture,R1,5,Retail,128812.75,92745.18,WoodCraft,Wardrobe,North,36067.57,SC003,P0008
2025-09-25,Furniture,R4,5,Online,121503.5,87482.52,WoodCraft,Wardrobe,West,34020.98,SC002,P0008
2025-09-25,Electronics,R1,2,Online,57662.75,47283.45,TechPro,Smartphone Z,North,10379.29,SC002,P0006
2025-09-25,Electronics,R2,1,Retail,32402.27,26569.86,TechPro,Smartphone Z,South,5832.41,SC003,P0006
2025-09-25,Electronics,R1,3,Online,98832.77,81042.87,TechPro,Smartphone Z,North,17789.9,SC002,P0006
2025-09-26,Furniture,R2,2,Online,32216.75,25129.07,HomeEase,Study Table,South,7087.69,SC002,P0007
2025-09-26,Electronics,R1,5,Online,299368.0,239494.4,TechPro,Laptop X,North,59873.6,SC002,P0003
2025-09-27,Furniture,R1,2,Online,15030.15,11272.61,HomeEase,Office Chair,North,3757.54,SC002,P0004
2025-09-27,Furniture,R1,1,Online,13509.88,10537.71,HomeEase,Study Table,North,2972.17,SC002,P0007
2025-09-27,Electronics,R1,4,Distributor,111699.88,91593.9,TechPro,Smartphone Z,North,20105.98,SC001,P0006
2025-09-28,Furniture,R2,4,Distributor,27497.15,20622.86,HomeEase,Office Chair,South,6874.29,SC001,P0004
2025-09-28,Accessories,R4,1,Distributor,2271.37,1362.82,CarryLite,Laptop Bag,West,908.55,SC001,P0002
2025-09-29,Accessories,R1,5,Online,7741.13,5031.73,ChargeFast,Power Bank,North,2709.39,SC002,P0005
2025-09-29,Electronics,R3,2,Online,62001.9,50841.56,TechPro,Smartphone Z,East,11160.34,SC002,P0006
2025-09-30,Accessories,R1,4,Online,6120.01,3978.0,ChargeFast,Power Bank,North,2142.0,SC002,P0005
2025-09-30,Furniture,R2,5,Online,122544.63,88232.13,WoodCraft,Wardrobe,South,34312.5,SC002,P0008
2025-09-30,Electronics,R2,2,Online,9415.35,7061.51,SoundMax,Bluetooth Speaker,South,2353.84,SC002,P0001
2025-10-01,Furniture,R2,7,Retail,109208.27,85182.45,HomeEase,Study Table,South,24025.82,SC003,P0007
2025-10-01,Electronics,R2,1,Retail,28046.8,22998.37,TechPro,Smartphone Z,South,5048.42,SC003,P0006
2025-10-01,Electronics,R2,1,Online,5191.9,3893.93,SoundMax,Bluetooth Speaker,South,1297.98,SC002,P0001
2025-10-02,Electronics,R2,5,Online,297201.21,237760.97,TechPro,Laptop X,South,59440.24,SC002,P0003
2025-10-02,Accessories,R1,1,Online,1374.21,893.24,ChargeFast,Power Bank,North,480.97,SC002,P0005
2025-10-03,Accessories,R2,7,Online,19192.23,11515.34,CarryLite,Laptop Bag,South,7676.89,SC002,P0002
2025-10-03,Electronics,R3,2,Online,58101.46,47643.19,TechPro,Smartphone Z,East,10458.26,SC002,P0006
2025-10-04,Accessories,R2,2,Online,5261.96,3157.18,CarryLite,Laptop Bag,South,2104.79,SC002,P0002
2025-10-04,Electronics,R4,7,Online,32667.52,24500.64,SoundMax,Bluetooth Speaker,West,8166.88,SC002,P0001
2025-10-05,Furniture,R2,2,Retail,51076.38,36774.99,WoodCraft,Wardrobe,South,14301.39,SC003,P0008
2025-10-05,Electronics,R2,1,Online,28121.28,23059.45,TechPro,Smartphone Z,South,5061.83,SC002,P0006
2025-10-05,Furniture,R3,2,Online,46561.96,33524.61,WoodCraft,Wardrobe,East,13037.35,SC002,P0008
2025-10-05,Furniture,R3,4,Retail,57539.18,44880.56,HomeEase,Study Table,East,12658.62,SC003,P0007
2025-10-06,Accessories,R1,1,Online,1495.86,972.31,ChargeFast,Power Bank,North,523.55,SC002,P0005
2025-10-06,Furniture,R2,1,Online,6325.35,4744.01,HomeEase,Office Chair,South,1581.34,SC002,P0004
2025-10-06,Furniture,R1,2,Distributor,49372.56,35548.24,WoodCraft,Wardrobe,North,13824.32,SC001,P0008
2025-10-06,Electronics,R1,2,Retail,9717.66,7288.24,SoundMax,Bluetooth Speaker,North,2429.41,SC003,P0001
2025-10-07,Furniture,R2,1,Distributor,7252.58,5439.44,HomeEase,Office Chair,South,1813.15,SC001,P0004
2025-10-07,Electronics,R2,5,Online,155355.9,127391.83,TechPro,Smartphone Z,South,27964.06,SC002,P0006
2025-10-07,Accessories,R3,4,Retail,9637.41,5782.44,CarryLite,Laptop Bag,East,3854.96,SC003,P0002
2025-10-07,Electronics,R2,4,Online,19399.21,14549.41,SoundMax,Bluetooth Speaker,South,4849.8,SC002,P0001
2025-10-07,Electronics,R4,7,Retail,427495.57,341996.46,TechPro,Laptop X,West,85499.11,SC003,P0003
2025-10-08,Electronics,R2,2,Retail,9482.06,7111.54,SoundMax,Bluetooth Speaker,South,2370.51,SC003,P0001
2025-10-08,Electronics,R1,1,Online,4508.05,3381.04,SoundMax,Bluetooth Speaker,North,1127.01,SC002,P0001
2025-10-09,Furniture,R1,5,Online,70636.07,55096.13,HomeEase,Study Table,North,15539.94,SC002,P0007
2025-10-09,Accessories,R4,1,Retail,2522.89,1513.73,CarryLite,Laptop Bag,West,1009.16,SC003,P0002
2025-10-09,Furniture,R3,1,Online,15364.29,11984.15,HomeEase,Study Table,East,3380.14,SC002,P0007
2025-10-10,Electronics,R3,7,Online,191645.01,157148.91,TechPro,Smartphone Z,East,34496.1,SC002,P0006
2025-10-10,Accessories,R1,2,Online,4747.25,2848.35,CarryLite,Laptop Bag,North,1898.9,SC002,P0002
2025-10-10,Accessories,R3,4,Online,5586.11,3630.97,ChargeFast,Power Bank,East,1955.14,SC002,P0005
2025-10-10,Electronics,R1,1,Online,28116.54,23055.56,TechPro,Smartphone Z,North,5060.98,SC002,P0006
2025-10-11,Furniture,R2,1,Online,6449.19,4836.89,HomeEase,Office Chair,South,1612.3,SC002,P0004
2025-10-11,Electronics,R4,2,Distributor,115700.76,92560.61,TechPro,Laptop X,West,23140.15,SC001,P0003
2025-10-11,Furniture,R1,4,Online,91845.17,66128.52,WoodCraft,Wardrobe,North,25716.65,SC002,P0008
2025-10-11,Electronics,R1,2,Retail,10016.62,7512.46,SoundMax,Bluetooth Speaker,North,2504.15,SC003,P0001
2025-10-11,Electronics,R4,1,Online,29322.73,24044.64,TechPro,Smartphone Z,West,5278.09,SC002,P0006
2025-10-12,Furniture,R2,5,Online,119052.35,85717.69,WoodCraft,Wardrobe,South,33334.66,SC002,P0008
2025-10-12,Accessories,R4,1,Online,1385.95,900.87,ChargeFast,Power Bank,West,485.08,SC002,P0005
2025-10-12,Electronics,R1,1,Retail,27628.96,22655.74,TechPro,Smartphone Z,North,4973.21,SC003,P0006
2025-10-12,Furniture,R2,4,Distributor,63875.4,49822.81,HomeEase,Study Table,South,14052.59,SC001,P0007
2025-10-13,Electronics,R2,7,Online,416934.13,333547.31,TechPro,Laptop X,South,83386.83,SC002,P0003
2025-10-13,Furniture,R3,2,Online,46280.25,33321.78,WoodCraft,Wardrobe,East,12958.47,SC002,P0008
2025-10-13,Accessories,R2,4,Retail,6002.55,3901.66,ChargeFast,Power Bank,South,2100.89,SC003,P0005
2025-10-13,Furniture,R1,5,Online,69955.59,54565.36,HomeEase,Study Table,North,15390.23,SC002,P0007
2025-10-14,Furniture,R2,5,Online,121559.16,87522.6,WoodCraft,Wardrobe,South,34036.57,SC002,P0008
2025-10-14,Electronics,R2,4,Retail,19686.04,14764.53,SoundMax,Bluetooth Speaker,South,4921.51,SC003,P0001
2025-10-14,Accessories,R1,5,Online,6981.81,4538.18,ChargeFast,Power Bank,North,2443.63,SC002,P0005
2025-10-14,Furniture,R4,7,Online,113306.8,88379.3,HomeEase,Study Table,West,24927.5,SC002,P0007
2025-10-15,Accessories,R1,1,Distributor,1592.27,1034.97,ChargeFast,Power Bank,North,557.29,SC001,P0005
2025-10-15,Electronics,R2,1,Distributor,4546.81,3410.11,SoundMax,Bluetooth Speaker,South,1136.7,SC001,P0001
2025-10-15,Electronics,R1,5,Retail,26690.03,20017.52,SoundMax,Bluetooth Speaker,North,6672.51,SC003,P0001
2025-10-15,Electronics,R2,1,Retail,5137.78,3853.34,SoundMax,Bluetooth Speaker,South,1284.45,SC003,P0001
2025-10-15,Furniture,R1,4,Retail,26990.75,20243.06,HomeEase,Office Chair,North,6747.69,SC003,P0004
2025-10-16,Furniture,R3,2,Distributor,45267.25,32592.42,WoodCraft,Wardrobe,East,12674.83,SC001,P0008
2025-10-16,Accessories,R2,2,Online,4840.47,2904.28,CarryLite,Laptop Bag,South,1936.19,SC002,P0002
2025-10-16,Electronics,R1,1,Online,28400.6,23288.49,TechPro,Smartphone Z,North,5112.11,SC002,P0006
2025-10-16,Furniture,R1,1,Retail,13875.61,10822.97,HomeEase,Study Table,North,3052.63,SC003,P0007
2025-10-16,Furniture,R1,5,Retail,70527.29,55011.29,HomeEase,Study Table,North,15516.0,SC003,P0007
2025-10-17,Accessories,R2,2,Online,2880.39,1872.25,ChargeFast,Power Bank,South,1008.14,SC002,P0005
2025-10-17,Electronics,R2,7,Distributor,440186.29,352149.03,TechPro,Laptop X,South,88037.26,SC001,P0003
2025-10-18,Furniture,R4,2,Retail,47292.06,34050.28,WoodCraft,Wardrobe,West,13241.78,SC003,P0008
2025-10-18,Electronics,R2,2,Online,9635.93,7226.94,SoundMax,Bluetooth Speaker,South,2408.98,SC002,P0001
2025-10-18,Electronics,R2,7,Online,206460.57,169297.67,TechPro,Smartphone Z,South,37162.9,SC002,P0006
2025-10-18,Furniture,R3,4,Retail,57547.61,44887.13,HomeEase,Study Table,East,12660.47,SC003,P0007
2025-10-18,Furniture,R1,7,Online,108555.85,84673.57,HomeEase,Study Table,North,23882.29,SC002,P0007
2025-10-19,Furniture,R4,2,Retail,13184.89,9888.67,HomeEase,Office Chair,West,3296.22,SC003,P0004
2025-10-19,Electronics,R2,5,Online,26223.75,19667.82,SoundMax,Bluetooth Speaker,South,6555.94,SC002,P0001
2025-10-20,Electronics,R1,2,Online,61166.55,50156.57,TechPro,Smartphone Z,North,11009.98,SC002,P0006
2025-10-20,Accessories,R1,2,Retail,4995.37,2997.22,CarryLite,Laptop Bag,North,1998.15,SC003,P0002
2025-10-20,Furniture,R4,5,Retail,77280.99,60279.17,HomeEase,Study Table,West,17001.82,SC003,P0007
2025-10-20,Electronics,R2,5,Online,25439.71,19079.78,SoundMax,Bluetooth Speaker,South,6359.93,SC002,P0001
2025-10-20,Electronics,R4,2,Distributor,10391.66,7793.74,SoundMax,Bluetooth Speaker,West,2597.91,SC001,P0001
2025-10-21,Accessories,R2,7,Online,10624.75,6906.09,ChargeFast,Power Bank,South,3718.66,SC002,P0005
2025-10-21,Furniture,R2,7,Retail,52245.25,39183.94,HomeEase,Office Chair,South,13061.31,SC003,P0004
2025-10-21,Electronics,R2,1,Online,60250.38,48200.3,TechPro,Laptop X,South,12050.08,SC002,P0003
2025-10-21,Accessories,R4,5,Online,13748.06,8248.83,CarryLite,Laptop Bag,West,5499.22,SC002,P0002
2025-10-22,Electronics,R3,2,Online,9433.04,7074.78,SoundMax,Bluetooth Speaker,East,2358.26,SC002,P0001
2025-10-22,Electronics,R4,4,Online,18933.21,14199.91,SoundMax,Bluetooth Speaker,West,4733.3,SC002,P0001
2025-10-23,Accessories,R1,7,Online,10910.38,7091.75,ChargeFast,Power Bank,North,3818.63,SC002,P0005
2025-10-23,Furniture,R4,7,Retail,102203.01,79718.35,HomeEase,Study Table,West,22484.66,SC003,P0007
2025-10-23,Electronics,R2,7,Online,224562.47,184141.22,TechPro,Smartphone Z,South,40421.24,SC002,P0006
2025-10-24,Furniture,R1,2,Online,14249.65,10687.24,HomeEase,Office Chair,North,3562.41,SC002,P0004
2025-10-24,Furniture,R1,4,Online,60534.17,47216.65,HomeEase,Study Table,North,13317.52,SC002,P0007
2025-10-24,Electronics,R4,2,Distributor,128620.0,102896.0,TechPro,Laptop X,West,25724.0,SC001,P0003
2025-10-24,Electronics,R1,7,Retail,219910.94,180326.97,TechPro,Smartphone Z,North,39583.97,SC003,P0006
2025-10-25,Furniture,R3,4,Online,107128.53,77132.54,WoodCraft,Wardrobe,East,29995.99,SC002,P0008
2025-10-25,Furniture,R4,4,Distributor,60344.08,47068.38,HomeEase,Study Table,West,13275.7,SC001,P0007
2025-10-25,Furniture,R3,1,Online,26415.04,19018.83,WoodCraft,Wardrobe,East,7396.21,SC002,P0008
2025-10-25,Furniture,R1,5,Online,120237.72,86571.16,WoodCraft,Wardrobe,North,33666.56,SC002,P0008
2025-10-26,Electronics,R2,2,Online,10230.03,7672.52,SoundMax,Bluetooth Speaker,South,2557.51,SC002,P0001
2025-10-26,Electronics,R4,5,Online,295436.97,236349.58,TechPro,Laptop X,West,59087.39,SC002,P0003
2025-10-26,Electronics,R4,5,Online,157141.25,128855.83,TechPro,Smartphone Z,West,28285.43,SC002,P0006
2025-10-26,Electronics,R4,2,Online,9028.61,6771.46,SoundMax,Bluetooth Speaker,West,2257.15,SC002,P0001
2025-10-27,Accessories,R4,1,Online,1395.57,907.12,ChargeFast,Power Bank,West,488.45,SC002,P0005
2025-10-27,Electronics,R4,7,Online,33545.59,25159.19,SoundMax,Bluetooth Speaker,West,8386.4,SC002,P0001
2025-10-27,Furniture,R4,1,Online,24024.31,17297.5,WoodCraft,Wardrobe,West,6726.81,SC002,P0008
2025-10-27,Electronics,R2,7,Online,450377.48,360301.98,TechPro,Laptop X,South,90075.5,SC002,P0003
2025-10-28,Furniture,R3,1,Retail,27101.23,19512.88,WoodCraft,Wardrobe,East,7588.34,SC003,P0008
2025-10-28,Furniture,R2,4,Online,59570.7,46465.15,HomeEase,Study Table,South,13105.55,SC002,P0007
2025-10-28,Electronics,R4,2,Online,9876.03,7407.02,SoundMax,Bluetooth Speaker,West,2469.01,SC002,P0001
2025-10-28,Electronics,R2,4,Online,18109.15,13581.86,SoundMax,Bluetooth Speaker,South,4527.29,SC002,P0001
2025-10-28,Electronics,R2,1,Retail,56629.74,45303.79,TechPro,Laptop X,South,11325.95,SC003,P0003
2025-10-29,Furniture,R2,7,Online,52304.31,39228.23,HomeEase,Office Chair,South,13076.08,SC002,P0004
2025-10-29,Furniture,R2,1,Distributor,23283.36,16764.02,WoodCraft,Wardrobe,South,6519.34,SC001,P0008
2025-10-29,Furniture,R4,7,Online,192088.26,138303.55,WoodCraft,Wardrobe,West,53784.71,SC002,P0008
2025-10-29,Accessories,R3,2,Retail,2968.3,1929.39,ChargeFast,Power Bank,East,1038.9,SC003,P0005
2025-10-29,Accessories,R2,5,Online,8173.7,5312.9,ChargeFast,Power Bank,South,2860.79,SC002,P0005
2025-10-30,Electronics,R4,1,Retail,32909.43,26985.73,TechPro,Smartphone Z,West,5923.7,SC003,P0006
2025-10-30,Furniture,R3,7,Online,100501.15,78390.89,HomeEase,Study Table,East,22110.25,SC002,P0007
2025-10-30,Electronics,R2,4,Online,247256.08,197804.87,TechPro,Laptop X,South,49451.22,SC002,P0003
2025-10-30,Furniture,R2,7,Online,51529.76,38647.32,HomeEase,Office Chair,South,12882.44,SC002,P0004
2025-10-31,Electronics,R4,2,Distributor,130156.09,104124.87,TechPro,Laptop X,West,26031.22,SC001,P0003
2025-10-31,Electronics,R4,1,Online,4678.65,3508.99,SoundMax,Bluetooth Speaker,West,1169.66,SC002,P0001
2025-10-31,Electronics,R2,5,Online,22887.38,17165.53,SoundMax,Bluetooth Speaker,South,5721.84,SC002,P0001
2025-10-31,Furniture,R4,7,Retail,45220.39,33915.29,HomeEase,Office Chair,West,11305.1,SC003,P0004
2025-11-01,Electronics,R1,7,Online,405192.84,324154.27,TechPro,Laptop X,North,81038.57,SC002,P0003
2025-11-01,Accessories,R4,2,Distributor,3007.08,1954.6,ChargeFast,Power Bank,West,1052.48,SC001,P0005
2025-11-01,Electronics,R2,5,Retail,26450.13,19837.6,SoundMax,Bluetooth Speaker,South,6612.53,SC003,P0001
2025-11-01,Electronics,R2,5,Online,136853.53,112219.89,TechPro,Smartphone Z,South,24633.64,SC002,P0006
2025-11-01,Electronics,R2,5,Online,138003.71,113163.04,TechPro,Smartphone Z,South,24840.67,SC002,P0006
2025-11-02,Furniture,R1,4,Online,65040.19,50731.35,HomeEase,Study Table,North,14308.84,SC002,P0007
2025-11-02,Electronics,R1,5,Online,23645.92,17734.44,SoundMax,Bluetooth Speaker,North,5911.48,SC002,P0001
2025-11-02,Accessories,R1,5,Online,7903.75,5137.44,ChargeFast,Power Bank,North,2766.31,SC002,P0005
2025-11-03,Furniture,R1,2,Distributor,30350.7,23673.54,HomeEase,Study Table,North,6677.15,SC001,P0007
2025-11-03,Electronics,R3,1,Online,62682.71,50146.17,TechPro,Laptop X,East,12536.54,SC002,P0003
2025-11-03,Furniture,R3,7,Online,103594.98,80804.09,HomeEase,Study Table,East,22790.9,SC002,P0007
2025-11-03,Electronics,R2,4,Online,120864.6,99108.97,TechPro,Smartphone Z,South,21755.63,SC002,P0006
2025-11-03,Furniture,R4,1,Online,6431.32,4823.49,HomeEase,Office Chair,West,1607.83,SC002,P0004
2025-11-04,Electronics,R2,5,Online,143896.03,117994.75,TechPro,Smartphone Z,South,25901.29,SC002,P0006
2025-11-04,Accessories,R3,4,Online,5721.28,3718.84,ChargeFast,Power Bank,East,2002.45,SC002,P0005
2025-11-05,Furniture,R1,5,Retail,75132.32,58603.21,HomeEase,Study Table,North,16529.11,SC003,P0007
2025-11-05,Accessories,R4,2,Online,3105.49,2018.57,ChargeFast,Power Bank,West,1086.92,SC002,P0005
2025-11-05,Furniture,R4,7,Online,102607.43,80033.79,HomeEase,Study Table,West,22573.63,SC002,P0007
2025-11-05,Electronics,R2,7,Online,383329.76,306663.81,TechPro,Laptop X,South,76665.95,SC002,P0003
2025-11-05,Accessories,R3,2,Online,2989.63,1943.26,ChargeFast,Power Bank,East,1046.37,SC002,P0005
2025-11-06,Electronics,R1,5,Online,148146.82,121480.4,TechPro,Smartphone Z,North,26666.43,SC002,P0006
2025-11-06,Accessories,R4,4,Online,5812.67,3778.24,ChargeFast,Power Bank,West,2034.44,SC002,P0005
2025-11-07,Furniture,R2,5,Retail,115013.29,82809.57,WoodCraft,Wardrobe,South,32203.72,SC003,P0008
2025-11-07,Electronics,R4,5,Online,159906.72,131123.51,TechPro,Smartphone Z,West,28783.21,SC002,P0006
2025-11-08,Furniture,R4,5,Online,113132.29,81455.25,WoodCraft,Wardrobe,West,31677.04,SC002,P0008
2025-11-08,Furniture,R4,2,Online,29915.89,23334.39,HomeEase,Study Table,West,6581.5,SC002,P0007
2025-11-08,Electronics,R3,5,Online,142530.19,116874.75,TechPro,Smartphone Z,East,25655.43,SC002,P0006
2025-11-08,Electronics,R2,1,Online,28875.48,23677.89,TechPro,Smartphone Z,South,5197.59,SC002,P0006
2025-11-08,Accessories,R4,4,Online,10991.56,6594.94,CarryLite,Laptop Bag,West,4396.62,SC002,P0002
2025-11-09,Furniture,R1,1,Retail,25160.09,18115.26,WoodCraft,Wardrobe,North,7044.82,SC003,P0008
2025-11-09,Electronics,R1,2,Online,62519.46,51265.96,TechPro,Smartphone Z,North,11253.5,SC002,P0006
2025-11-10,Electronics,R2,2,Online,62490.38,51242.11,TechPro,Smartphone Z,South,11248.27,SC002,P0006
2025-11-10,Accessories,R1,1,Distributor,1350.43,877.78,ChargeFast,Power Bank,North,472.65,SC001,P0005
2025-11-10,Furniture,R4,4,Online,62733.82,48932.38,HomeEase,Study Table,West,13801.44,SC002,P0007
2025-11-10,Furniture,R2,2,Online,13294.02,9970.51,HomeEase,Office Chair,South,3323.5,SC002,P0004
2025-11-10,Electronics,R3,2,Online,9265.9,6949.43,SoundMax,Bluetooth Speaker,East,2316.48,SC002,P0001
2025-11-11,Electronics,R2,4,Retail,21622.04,16216.53,SoundMax,Bluetooth Speaker,South,5405.51,SC003,P0001
2025-11-11,Electronics,R2,5,Online,312726.54,250181.23,TechPro,Laptop X,South,62545.31,SC002,P0003
2025-11-11,Electronics,R2,7,Online,214595.13,175968.01,TechPro,Smartphone Z,South,38627.12,SC002,P0006
2025-11-12,Electronics,R2,7,Retail,194849.7,159776.75,TechPro,Smartphone Z,South,35072.95,SC003,P0006
2025-11-12,Furniture,R1,4,Online,27133.16,20349.87,HomeEase,Office Chair,North,6783.29,SC002,P0004
2025-11-12,Electronics,R2,2,Retail,126501.98,101201.58,TechPro,Laptop X,South,25300.4,SC003,P0003
2025-11-12,Electronics,R1,4,Online,260035.51,208028.41,TechPro,Laptop X,North,52007.1,SC002,P0003
2025-11-12,Electronics,R4,2,Online,62272.09,51063.11,TechPro,Smartphone Z,West,11208.98,SC002,P0006
2025-11-13,Electronics,R1,7,Retail,408592.35,326873.88,TechPro,Laptop X,North,81718.47,SC003,P0003
2025-11-13,Furniture,R4,5,Distributor,69304.9,54057.82,HomeEase,Study Table,West,15247.08,SC001,P0007
2025-11-13,Electronics,R2,2,Online,110246.35,88197.08,TechPro,Laptop X,South,22049.27,SC002,P0003
2025-11-13,Electronics,R2,5,Online,163473.83,134048.54,TechPro,Smartphone Z,South,29425.29,SC002,P0006
2025-11-14,Electronics,R4,4,Retail,20013.2,15009.9,SoundMax,Bluetooth Speaker,West,5003.3,SC003,P0001
2025-11-14,Furniture,R2,2,Distributor,14155.95,10616.96,HomeEase,Office Chair,South,3538.99,SC001,P0004
2025-11-14,Accessories,R2,7,Online,16082.88,9649.73,CarryLite,Laptop Bag,South,6433.15,SC002,P0002
2025-11-14,Electronics,R4,4,Online,20087.03,15065.27,SoundMax,Bluetooth Speaker,West,5021.76,SC002,P0001
2025-11-15,Furniture,R4,4,Retail,29742.26,22306.7,HomeEase,Office Chair,West,7435.57,SC003,P0004
2025-11-15,Electronics,R3,1,Retail,4690.19,3517.64,SoundMax,Bluetooth Speaker,East,1172.55,SC003,P0001
2025-11-15,Electronics,R2,7,Distributor,229958.88,188566.28,TechPro,Smartphone Z,South,41392.6,SC001,P0006
2025-11-15,Furniture,R3,5,Online,79730.31,62189.64,HomeEase,Study Table,East,17540.67,SC002,P0007
2025-11-15,Furniture,R3,1,Online,14601.39,11389.08,HomeEase,Study Table,East,3212.31,SC002,P0007
2025-11-16,Electronics,R1,2,Online,119300.62,95440.49,TechPro,Laptop X,North,23860.12,SC002,P0003
2025-11-16,Furniture,R2,7,Online,187164.58,134758.5,WoodCraft,Wardrobe,South,52406.08,SC002,P0008
2025-11-17,Accessories,R2,5,Retail,8017.67,5211.48,ChargeFast,Power Bank,South,2806.18,SC003,P0005
2025-11-17,Accessories,R4,7,Online,18071.61,10842.97,CarryLite,Laptop Bag,West,7228.64,SC002,P0002
2025-11-17,Accessories,R1,4,Online,9813.91,5888.34,CarryLite,Laptop Bag,North,3925.56,SC002,P0002
2025-11-18,Furniture,R4,4,Retail,54408.2,42438.39,HomeEase,Study Table,West,11969.8,SC003,P0007
2025-11-18,Electronics,R2,7,Online,458085.76,366468.61,TechPro,Laptop X,South,91617.15,SC002,P0003
2025-11-18,Electronics,R1,5,Online,149027.11,122202.23,TechPro,Smartphone Z,North,26824.88,SC002,P0006
2025-11-18,Accessories,R2,7,Online,9530.35,6194.73,ChargeFast,Power Bank,South,3335.62,SC002,P0005
2025-11-18,Accessories,R2,2,Online,3001.37,1950.89,ChargeFast,Power Bank,South,1050.48,SC002,P0005
2025-11-19,Furniture,R2,5,Online,122030.88,87862.23,WoodCraft,Wardrobe,South,34168.65,SC002,P0008
2025-11-19,Furniture,R2,7,Online,178460.45,128491.52,WoodCraft,Wardrobe,South,49968.93,SC002,P0008
2025-11-20,Furniture,R3,7,Distributor,157884.94,113677.16,WoodCraft,Wardrobe,East,44207.78,SC001,P0008
2025-11-20,Accessories,R4,1,Online,2703.33,1622.0,CarryLite,Laptop Bag,West,1081.33,SC002,P0002
2025-11-20,Electronics,R1,1,Online,27251.32,22346.08,TechPro,Smartphone Z,North,4905.24,SC002,P0006
2025-11-20,Electronics,R2,5,Online,296833.0,237466.4,TechPro,Laptop X,South,59366.6,SC002,P0003
2025-11-20,Electronics,R1,1,Distributor,30245.52,24801.33,TechPro,Smartphone Z,North,5444.19,SC001,P0006
2025-11-21,Electronics,R2,5,Online,23077.81,17308.36,SoundMax,Bluetooth Speaker,South,5769.45,SC002,P0001
2025-11-21,Accessories,R2,7,Online,10683.1,6944.02,ChargeFast,Power Bank,South,3739.09,SC002,P0005
2025-11-21,Electronics,R1,7,Online,217933.51,178705.48,TechPro,Smartphone Z,North,39228.03,SC002,P0006
2025-11-21,Electronics,R2,7,Retail,33351.62,25013.72,SoundMax,Bluetooth Speaker,South,8337.91,SC003,P0001
2025-11-21,Electronics,R1,2,Retail,9219.91,6914.93,SoundMax,Bluetooth Speaker,North,2304.98,SC003,P0001
2025-11-22,Furniture,R2,4,Online,104150.37,74988.26,WoodCraft,Wardrobe,South,29162.1,SC002,P0008
2025-11-22,Accessories,R1,1,Distributor,1454.97,945.73,ChargeFast,Power Bank,North,509.24,SC001,P0005
2025-11-22,Furniture,R2,5,Online,119779.45,86241.21,WoodCraft,Wardrobe,South,33538.25,SC002,P0008
2025-11-23,Furniture,R1,4,Retail,56515.56,44082.14,HomeEase,Study Table,North,12433.42,SC003,P0007
2025-11-23,Accessories,R1,7,Online,17916.31,10749.79,CarryLite,Laptop Bag,North,7166.53,SC002,P0002
2025-11-23,Electronics,R4,4,Online,110801.4,90857.14,TechPro,Smartphone Z,West,19944.25,SC002,P0006
2025-11-24,Furniture,R2,1,Online,24527.98,17660.15,WoodCraft,Wardrobe,South,6867.83,SC002,P0008
2025-11-24,Electronics,R2,2,Online,108914.23,87131.38,TechPro,Laptop X,South,21782.85,SC002,P0003
2025-11-24,Accessories,R3,7,Online,19041.86,11425.11,CarryLite,Laptop Bag,East,7616.74,SC002,P0002
2025-11-25,Electronics,R2,5,Online,153328.55,125729.41,TechPro,Smartphone Z,South,27599.14,SC002,P0006
2025-11-25,Electronics,R1,5,Distributor,300925.35,240740.28,TechPro,Laptop X,North,60185.07,SC001,P0003
2025-11-25,Electronics,R4,5,Online,296810.48,237448.38,TechPro,Laptop X,West,59362.1,SC002,P0003
2025-11-25,Electronics,R3,7,Online,451971.98,361577.59,TechPro,Laptop X,East,90394.4,SC002,P0003
2025-11-25,Accessories,R4,7,Retail,10633.06,6911.49,ChargeFast,Power Bank,West,3721.57,SC003,P0005
2025-11-26,Electronics,R4,5,Retail,144121.36,118179.51,TechPro,Smartphone Z,West,25941.84,SC003,P0006
2025-11-26,Accessories,R2,1,Online,1614.63,1049.51,ChargeFast,Power Bank,South,565.12,SC002,P0005
2025-11-26,Electronics,R1,4,Retail,235241.43,188193.15,TechPro,Laptop X,North,47048.29,SC003,P0003
2025-11-26,Accessories,R1,1,Online,1450.75,942.99,ChargeFast,Power Bank,North,507.76,SC002,P0005
2025-11-27,Accessories,R4,7,Retail,10600.1,6890.07,ChargeFast,Power Bank,West,3710.04,SC003,P0005
2025-11-27,Furniture,R4,5,Retail,32284.77,24213.58,HomeEase,Office Chair,West,8071.19,SC003,P0004
2025-11-27,Furniture,R2,2,Online,49962.6,35973.07,WoodCraft,Wardrobe,South,13989.53,SC002,P0008
2025-11-27,Furniture,R3,2,Online,13677.76,10258.32,HomeEase,Office Chair,East,3419.44,SC002,P0004
2025-11-28,Furniture,R2,2,Distributor,13701.84,10276.38,HomeEase,Office Chair,South,3425.46,SC001,P0004
2025-11-28,Electronics,R2,7,Online,216904.52,177861.71,TechPro,Smartphone Z,South,39042.81,SC002,P0006
2025-11-28,Furniture,R1,4,Online,26083.94,19562.95,HomeEase,Office Chair,North,6520.98,SC002,P0004
2025-11-28,Electronics,R3,7,Retail,36893.83,27670.37,SoundMax,Bluetooth Speaker,East,9223.46,SC003,P0001
2025-11-28,Furniture,R2,7,Distributor,104799.67,81743.74,HomeEase,Study Table,South,23055.93,SC001,P0007
2025-11-29,Accessories,R1,4,Online,10040.13,6024.08,CarryLite,Laptop Bag,North,4016.05,SC002,P0002
2025-11-29,Accessories,R1,5,Online,11955.23,7173.14,CarryLite,Laptop Bag,North,4782.09,SC002,P0002
2025-11-29,Electronics,R2,2,Distributor,64914.75,53230.1,TechPro,Smartphone Z,South,11684.66,SC001,P0006
2025-11-29,Electronics,R1,4,Online,20768.42,15576.32,SoundMax,Bluetooth Speaker,North,5192.11,SC002,P0001
2025-11-30,Accessories,R2,5,Online,7834.85,5092.65,ChargeFast,Power Bank,South,2742.2,SC002,P0005
2025-11-30,Furniture,R2,7,Distributor,101114.42,78869.24,HomeEase,Study Table,South,22245.17,SC001,P0007
2025-11-30,Electronics,R4,5,Online,302845.2,242276.16,TechPro,Laptop X,West,60569.04,SC002,P0003
2025-11-30,Furniture,R3,2,Online,14059.79,10544.84,HomeEase,Office Chair,East,3514.95,SC002,P0004
2025-11-30,Electronics,R1,4,Retail,244414.68,195531.75,TechPro,Laptop X,North,48882.94,SC003,P0003
2025-12-01,Electronics,R3,5,Retail,137205.25,112508.3,TechPro,Smartphone Z,East,24696.94,SC003,P0006
2025-12-01,Electronics,R4,7,Online,32595.85,24446.89,SoundMax,Bluetooth Speaker,West,8148.96,SC002,P0001
2025-12-01,Furniture,R4,1,Online,6971.25,5228.44,HomeEase,Office Chair,West,1742.81,SC002,P0004
2025-12-01,Electronics,R3,1,Online,62598.87,50079.1,TechPro,Laptop X,East,12519.77,SC002,P0003
2025-12-02,Furniture,R1,1,Retail,7445.53,5584.15,HomeEase,Office Chair,North,1861.38,SC003,P0004
2025-12-02,Electronics,R4,7,Online,403958.25,323166.6,TechPro,Laptop X,West,80791.65,SC002,P0003
2025-12-02,Accessories,R4,5,Retail,12903.36,7742.01,CarryLite,Laptop Bag,West,5161.34,SC003,P0002
2025-12-02,Electronics,R4,1,Online,5078.47,3808.85,SoundMax,Bluetooth Speaker,West,1269.62,SC002,P0001
2025-12-02,Accessories,R2,7,Online,11252.19,7313.92,ChargeFast,Power Bank,South,3938.27,SC002,P0005
2025-12-03,Accessories,R1,2,Distributor,3221.84,2094.19,ChargeFast,Power Bank,North,1127.64,SC001,P0005
2025-12-03,Furniture,R2,1,Retail,24852.07,17893.49,WoodCraft,Wardrobe,South,6958.58,SC003,P0008
2025-12-03,Electronics,R2,5,Online,164026.49,134501.72,TechPro,Smartphone Z,South,29524.77,SC002,P0006
2025-12-03,Electronics,R3,7,Online,32008.28,24006.21,SoundMax,Bluetooth Speaker,East,8002.07,SC002,P0001
2025-12-04,Furniture,R1,1,Retail,6631.55,4973.66,HomeEase,Office Chair,North,1657.89,SC003,P0004
2025-12-04,Furniture,R4,1,Online,14277.16,11136.19,HomeEase,Study Table,West,3140.98,SC002,P0007
2025-12-04,Accessories,R4,7,Retail,15993.75,9596.25,CarryLite,Laptop Bag,West,6397.5,SC003,P0002
2025-12-04,Furniture,R1,1,Online,6313.99,4735.49,HomeEase,Office Chair,North,1578.5,SC002,P0004
2025-12-04,Furniture,R1,2,Retail,51867.59,37344.67,WoodCraft,Wardrobe,North,14522.93,SC003,P0008
2025-12-05,Accessories,R2,7,Online,10397.92,6758.65,ChargeFast,Power Bank,South,3639.27,SC002,P0005
2025-12-05,Furniture,R1,1,Online,6598.98,4949.23,HomeEase,Office Chair,North,1649.74,SC002,P0004
2025-12-05,Electronics,R1,5,Online,23917.83,17938.37,SoundMax,Bluetooth Speaker,North,5979.46,SC002,P0001
2025-12-05,Furniture,R3,1,Online,15042.74,11733.34,HomeEase,Study Table,East,3309.4,SC002,P0007
2025-12-06,Electronics,R2,4,Online,113092.28,92735.67,TechPro,Smartphone Z,South,20356.61,SC002,P0006
2025-12-06,Furniture,R4,4,Online,28827.52,21620.64,HomeEase,Office Chair,West,7206.88,SC002,P0004
2025-12-06,Furniture,R4,5,Online,32650.38,24487.79,HomeEase,Office Chair,West,8162.6,SC002,P0004
2025-12-06,Electronics,R1,4,Online,20299.32,15224.49,SoundMax,Bluetooth Speaker,North,5074.83,SC002,P0001
2025-12-07,Furniture,R2,4,Retail,27987.16,20990.37,HomeEase,Office Chair,South,6996.79,SC003,P0004
2025-12-07,Electronics,R4,7,Retail,34490.76,25868.07,SoundMax,Bluetooth Speaker,West,8622.69,SC003,P0001
2025-12-07,Accessories,R2,1,Retail,2266.82,1360.09,CarryLite,Laptop Bag,South,906.73,SC003,P0002
2025-12-08,Furniture,R3,7,Online,168863.41,121581.66,WoodCraft,Wardrobe,East,47281.76,SC002,P0008
2025-12-08,Electronics,R2,1,Retail,32667.38,26787.25,TechPro,Smartphone Z,South,5880.13,SC003,P0006
2025-12-08,Furniture,R2,5,Online,36578.96,27434.22,HomeEase,Office Chair,South,9144.74,SC002,P0004
2025-12-09,Accessories,R2,1,Online,1562.52,1015.64,ChargeFast,Power Bank,South,546.88,SC002,P0005
2025-12-09,Furniture,R2,4,Online,28045.84,21034.38,HomeEase,Office Chair,South,7011.46,SC002,P0004
2025-12-09,Electronics,R4,7,Retail,208872.93,171275.8,TechPro,Smartphone Z,West,37597.13,SC003,P0006
2025-12-09,Furniture,R1,5,Retail,126592.84,91146.84,WoodCraft,Wardrobe,North,35445.99,SC003,P0008
2025-12-09,Electronics,R1,7,Online,35591.09,26693.32,SoundMax,Bluetooth Speaker,North,8897.77,SC002,P0001
2025-12-10,Electronics,R3,5,Retail,26871.0,20153.25,SoundMax,Bluetooth Speaker,East,6717.75,SC003,P0001
2025-12-10,Electronics,R2,5,Retail,163003.25,133662.67,TechPro,Smartphone Z,South,29340.59,SC003,P0006
2025-12-11,Electronics,R1,5,Distributor,322300.13,257840.11,TechPro,Laptop X,North,64460.03,SC001,P0003
2025-12-11,Electronics,R4,1,Online,29704.92,24358.03,TechPro,Smartphone Z,West,5346.88,SC002,P0006
2025-12-11,Electronics,R3,4,Online,218839.49,175071.59,TechPro,Laptop X,East,43767.9,SC002,P0003
2025-12-12,Furniture,R4,7,Online,94725.18,73885.64,HomeEase,Study Table,West,20839.54,SC002,P0007
2025-12-12,Electronics,R4,1,Retail,4511.27,3383.45,SoundMax,Bluetooth Speaker,West,1127.82,SC003,P0001
2025-12-12,Electronics,R4,2,Online,119142.31,95313.85,TechPro,Laptop X,West,23828.46,SC002,P0003
2025-12-12,Electronics,R2,1,Online,30227.76,24786.76,TechPro,Smartphone Z,South,5441.0,SC002,P0006
2025-12-13,Electronics,R2,7,Online,444474.48,355579.59,TechPro,Laptop X,South,88894.9,SC002,P0003
2025-12-13,Electronics,R2,4,Online,234925.01,187940.01,TechPro,Laptop X,South,46985.0,SC002,P0003
2025-12-13,Furniture,R3,5,Distributor,34989.43,26242.07,HomeEase,Office Chair,East,8747.36,SC001,P0004
2025-12-13,Electronics,R1,5,Online,135782.5,111341.65,TechPro,Smartphone Z,North,24440.85,SC002,P0006
2025-12-13,Furniture,R1,7,Online,100300.58,78234.45,HomeEase,Study Table,North,22066.13,SC002,P0007
2025-12-14,Electronics,R4,2,Online,62924.47,51598.07,TechPro,Smartphone Z,West,11326.41,SC002,P0006
2025-12-14,Electronics,R1,4,Online,19241.45,14431.09,SoundMax,Bluetooth Speaker,North,4810.36,SC002,P0001
2025-12-14,Electronics,R4,4,Online,235888.71,188710.97,TechPro,Laptop X,West,47177.74,SC002,P0003
2025-12-14,Electronics,R2,1,Online,5298.31,3973.73,SoundMax,Bluetooth Speaker,South,1324.58,SC002,P0001
2025-12-14,Electronics,R1,2,Retail,10895.73,8171.79,SoundMax,Bluetooth Speaker,North,2723.93,SC003,P0001
2025-12-15,Electronics,R4,2,Distributor,63654.5,52196.69,TechPro,Smartphone Z,West,11457.81,SC001,P0006
2025-12-15,Furniture,R1,1,Online,14998.68,11698.97,HomeEase,Study Table,North,3299.71,SC002,P0007
2025-12-15,Accessories,R2,7,Online,17365.64,10419.38,CarryLite,Laptop Bag,South,6946.26,SC002,P0002
2025-12-15,Furniture,R2,7,Online,190965.84,137495.4,WoodCraft,Wardrobe,South,53470.43,SC002,P0008
2025-12-15,Furniture,R3,1,Online,15146.24,11814.07,HomeEase,Study Table,East,3332.17,SC002,P0007
2025-12-16,Electronics,R2,4,Online,123180.81,101008.26,TechPro,Smartphone Z,South,22172.55,SC002,P0006
2025-12-16,Furniture,R2,5,Distributor,75995.84,59276.75,HomeEase,Study Table,South,16719.08,SC001,P0007
2025-12-17,Electronics,R4,5,Online,151950.82,124599.67,TechPro,Smartphone Z,West,27351.15,SC002,P0006
2025-12-17,Electronics,R2,2,Online,121384.13,97107.3,TechPro,Laptop X,South,24276.83,SC002,P0003
2025-12-17,Electronics,R2,5,Online,145111.25,118991.23,TechPro,Smartphone Z,South,26120.03,SC002,P0006
2025-12-18,Accessories,R3,1,Online,1430.79,930.01,ChargeFast,Power Bank,East,500.78,SC002,P0005
2025-12-18,Electronics,R1,7,Online,208442.12,170922.54,TechPro,Smartphone Z,North,37519.58,SC002,P0006
2025-12-18,Furniture,R1,5,Retail,75979.39,59263.92,HomeEase,Study Table,North,16715.46,SC003,P0007
2025-12-19,Furniture,R4,7,Online,104479.59,81494.08,HomeEase,Study Table,West,22985.51,SC002,P0007
2025-12-19,Electronics,R1,4,Retail,241107.26,192885.81,TechPro,Laptop X,North,48221.45,SC003,P0003
2025-12-20,Electronics,R3,5,Online,26865.44,20149.08,SoundMax,Bluetooth Speaker,East,6716.36,SC002,P0001
2025-12-20,Accessories,R1,7,Online,11447.97,7441.18,ChargeFast,Power Bank,North,4006.79,SC002,P0005
2025-12-21,Accessories,R4,7,Online,11341.85,7372.2,ChargeFast,Power Bank,West,3969.65,SC002,P0005
2025-12-21,Electronics,R4,1,Retail,58503.18,46802.54,TechPro,Laptop X,West,11700.64,SC003,P0003
2025-12-22,Accessories,R3,7,Online,17447.68,10468.61,CarryLite,Laptop Bag,East,6979.07,SC002,P0002
2025-12-22,Furniture,R1,7,Distributor,98931.48,77166.56,HomeEase,Study Table,North,21764.93,SC001,P0007
2025-12-22,Furniture,R4,4,Online,99667.01,71760.25,WoodCraft,Wardrobe,West,27906.76,SC002,P0008
2025-12-22,Electronics,R4,4,Online,21219.91,15914.94,SoundMax,Bluetooth Speaker,West,5304.98,SC002,P0001
2025-12-23,Accessories,R2,7,Online,11333.34,7366.67,ChargeFast,Power Bank,South,3966.67,SC002,P0005
2025-12-23,Furniture,R2,7,Distributor,105151.03,82017.8,HomeEase,Study Table,South,23133.23,SC001,P0007
2025-12-23,Electronics,R4,4,Retail,114160.51,93611.62,TechPro,Smartphone Z,West,20548.89,SC003,P0006
2025-12-24,Furniture,R2,4,Online,28910.56,21682.92,HomeEase,Office Chair,South,7227.64,SC002,P0004
2025-12-24,Furniture,R2,1,Retail,26750.75,19260.54,WoodCraft,Wardrobe,South,7490.21,SC003,P0008
2025-12-24,Electronics,R1,5,Online,314771.72,251817.38,TechPro,Laptop X,North,62954.34,SC002,P0003
2025-12-24,Electronics,R4,7,Distributor,424356.55,339485.24,TechPro,Laptop X,West,84871.31,SC001,P0003
2025-12-25,Accessories,R2,1,Online,1404.37,912.84,ChargeFast,Power Bank,South,491.53,SC002,P0005
2025-12-25,Accessories,R1,4,Retail,6524.48,4240.91,ChargeFast,Power Bank,North,2283.57,SC003,P0005
2025-12-25,Accessories,R1,5,Retail,7782.5,5058.63,ChargeFast,Power Bank,North,2723.88,SC003,P0005
2025-12-26,Furniture,R3,4,Retail,64679.15,50449.73,HomeEase,Study Table,East,14229.41,SC003,P0007
2025-12-26,Electronics,R4,7,Online,447441.37,357953.1,TechPro,Laptop X,West,89488.27,SC002,P0003
2025-12-26,Electronics,R2,5,Online,155744.38,127710.39,TechPro,Smartphone Z,South,28033.99,SC002,P0006
2025-12-26,Furniture,R4,4,Online,56050.85,43719.66,HomeEase,Study Table,West,12331.19,SC002,P0007
2025-12-27,Electronics,R2,4,Online,130569.06,107066.63,TechPro,Smartphone Z,South,23502.43,SC002,P0006
2025-12-27,Furniture,R1,7,Distributor,51610.19,38707.64,HomeEase,Office Chair,North,12902.55,SC001,P0004
2025-12-27,Electronics,R1,4,Online,122809.27,100703.6,TechPro,Smartphone Z,North,22105.67,SC002,P0006
2025-12-27,Furniture,R2,7,Online,112702.44,87907.9,HomeEase,Study Table,South,24794.54,SC002,P0007
2025-12-27,Furniture,R2,4,Distributor,104524.06,75257.32,WoodCraft,Wardrobe,South,29266.74,SC001,P0008
2025-12-28,Furniture,R1,7,Distributor,52804.45,39603.34,HomeEase,Office Chair,North,13201.11,SC001,P0004
2025-12-28,Electronics,R4,1,Online,29132.57,23888.71,TechPro,Smartphone Z,West,5243.86,SC002,P0006
2025-12-28,Furniture,R4,5,Distributor,69343.32,54087.79,HomeEase,Study Table,West,15255.53,SC001,P0007
2025-12-28,Electronics,R3,2,Online,9350.4,7012.8,SoundMax,Bluetooth Speaker,East,2337.6,SC002,P0001
2025-12-29,Electronics,R1,1,Online,4974.42,3730.82,SoundMax,Bluetooth Speaker,North,1243.61,SC002,P0001
2025-12-29,Accessories,R3,2,Online,4553.5,2732.1,CarryLite,Laptop Bag,East,1821.4,SC002,P0002
2025-12-30,Electronics,R2,5,Online,316176.38,252941.11,TechPro,Laptop X,South,63235.28,SC002,P0003
2025-12-30,Accessories,R3,2,Online,5352.14,3211.28,CarryLite,Laptop Bag,East,2140.86,SC002,P0002
2025-12-30,Electronics,R3,5,Online,26576.81,19932.61,SoundMax,Bluetooth Speaker,East,6644.2,SC002,P0001
2025-12-30,Furniture,R4,5,Online,80932.13,63127.06,HomeEase,Study Table,West,17805.07,SC002,P0007
2025-12-31,Accessories,R4,2,Retail,3121.99,2029.29,ChargeFast,Power Bank,West,1092.7,SC003,P0005
2025-12-31,Furniture,R1,2,Online,32546.44,25386.23,HomeEase,Study Table,North,7160.22,SC002,P0007
2025-12-31,Furniture,R2,1,Retail,6422.87,4817.15,HomeEase,Office Chair,South,1605.72,SC003,P0004
2025-12-31,Accessories,R1,5,Online,11366.15,6819.69,CarryLite,Laptop Bag,North,4546.46,SC002,P0002
2025-12-31,Electronics,R2,2,Online,10330.78,7748.09,SoundMax,Bluetooth Speaker,South,2582.7,SC002,P0001
